ds,crop,y
2019-01-01,maize,1610.4871794871794
2019-01-02,maize,1618.1880877742947
2019-01-03,maize,1617.0562130177516
2019-01-04,maize,1684.508038585209
2019-01-05,maize,1611.9339207048458
2019-01-06,maize,1613.986301369863
2019-01-07,maize,1631.0
2019-01-08,maize,1636.5413793103448
2019-01-09,maize,1650.3952702702702
2019-01-10,maize,1667.631067961165
2019-01-11,maize,1665.5219594594594
2019-01-12,maize,1657.8294117647058
2019-01-13,maize,1597.2297297297298
2019-01-14,maize,1678.0140186915887
2019-01-15,maize,1670.256157635468
2019-01-16,maize,1665.057761732852
2019-01-17,maize,1689.5562937062937
2019-01-18,maize,1680.1225806451612
2019-01-19,maize,1697.4368600682594
2019-01-20,maize,1666.0632911392406
2019-01-21,maize,1730.8275261324043
2019-01-22,maize,1742.6186440677966
2019-01-23,maize,1747.732342007435
2019-01-24,maize,1751.1074074074074
2019-01-25,maize,1761.3383458646617
2019-01-26,maize,1757.6129032258063
2019-01-27,maize,1675.735294117647
2019-01-28,maize,1769.1569343065694
2019-01-29,maize,1770.9684210526316
2019-01-30,maize,1775.6140939597315
2019-01-31,maize,1780.11743772242
2019-02-01,maize,1788.94776119403
2019-02-02,maize,1805.7467248908297
2019-02-03,maize,1768.4647887323943
2019-02-04,maize,1814.0575221238937
2019-02-05,maize,1831.5168539325844
2019-02-06,maize,1857.8444444444444
2019-02-07,maize,1856.0232558139535
2019-02-08,maize,1863.7115702479339
2019-02-09,maize,1841.3576158940398
2019-02-10,maize,1767.5
2019-02-11,maize,1848.6192170818506
2019-02-12,maize,1849.3615384615384
2019-02-13,maize,1855.2923076923078
2019-02-14,maize,1860.6411764705883
2019-02-15,maize,1863.69921875
2019-02-16,maize,1852.9019607843138
2019-02-17,maize,1794.2702702702702
2019-02-18,maize,1861.3450980392156
2019-02-19,maize,1836.0216216216215
2019-02-20,maize,1860.9721115537848
2019-02-21,maize,1885.316
2019-02-22,maize,1847.5666666666666
2019-02-23,maize,1835.7536945812808
2019-02-24,maize,1759.8857142857144
2019-02-25,maize,1845.0472440944882
2019-02-26,maize,1838.4663865546217
2019-02-27,maize,1833.5591836734693
2019-02-28,maize,1819.7591743119267
2019-03-01,maize,1829.019512195122
2019-03-02,maize,1825.1187214611873
2019-03-03,maize,1762.484375
2019-03-04,maize,1802.2857142857142
2019-03-05,maize,1843.4767932489451
2019-03-06,maize,1862.2892156862745
2019-03-07,maize,1819.952380952381
2019-03-08,maize,1828.128514056225
2019-03-09,maize,1820.4907975460123
2019-03-10,maize,1795.5694444444443
2019-03-11,maize,1851.8835341365461
2019-03-12,maize,1845.4439834024897
2019-03-13,maize,1846.0
2019-03-14,maize,1857.3675213675215
2019-03-15,maize,1848.1212765957446
2019-03-16,maize,1855.266355140187
2019-03-17,maize,1792.984126984127
2019-03-18,maize,1856.9665271966528
2019-03-19,maize,1861.771551724138
2019-03-20,maize,1877.5792682926829
2019-03-21,maize,1876.8235294117646
2019-03-22,maize,1870.4102564102564
2019-03-23,maize,1851.9125
2019-03-24,maize,1806.0943396226414
2019-03-25,maize,1849.9179487179488
2019-03-26,maize,1866.8073394495414
2019-03-27,maize,1870.0550239234449
2019-03-28,maize,1866.6237623762377
2019-03-29,maize,1864.9405405405405
2019-03-30,maize,1874.4155844155844
2019-03-31,maize,1791.662162162162
2019-04-01,maize,1921.7988165680474
2019-04-02,maize,1890.547263681592
2019-04-03,maize,1967.5877192982457
2019-04-04,maize,1939.7477064220184
2019-04-05,maize,1895.6404494382023
2019-04-06,maize,1852.3949579831933
2019-04-07,maize,1834.8235294117646
2019-04-08,maize,1924.6103896103896
2019-04-09,maize,1968.8178899082568
2019-04-10,maize,1966.4166666666667
2019-04-11,maize,1966.6387434554974
2019-04-12,maize,1990.5738916256157
2019-04-13,maize,1921.588785046729
2019-04-14,maize,1801.4318181818182
2019-04-15,maize,1993.482905982906
2019-04-16,maize,1981.6326530612246
2019-04-17,maize,1876.378048780488
2019-04-18,maize,1974.4213483146068
2019-04-19,maize,1905.59375
2019-04-20,maize,2017.4
2019-04-21,maize,1880.7377049180327
2019-04-22,maize,1983.9912280701753
2019-04-23,maize,1985.2229299363057
2019-04-24,maize,1966.0726495726497
2019-04-25,maize,1982.3785046728972
2019-04-26,maize,1978.8738317757009
2019-04-27,maize,1988.6625
2019-04-28,maize,1841.1964285714287
2019-04-29,maize,1951.3238805970147
2019-04-30,maize,1955.0701754385964
2019-05-01,maize,1887.0403225806451
2019-05-02,maize,1928.2246696035243
2019-05-03,maize,1937.45
2019-05-04,maize,1921.3916083916083
2019-05-05,maize,1848.530612244898
2019-05-06,maize,1929.2522522522522
2019-05-07,maize,1890.7431192660551
2019-05-08,maize,1907.627358490566
2019-05-09,maize,1922.233830845771
2019-05-10,maize,1912.2712765957447
2019-05-11,maize,1911.7777777777778
2019-05-12,maize,1837.3061224489795
2019-05-13,maize,1920.59900990099
2019-05-14,maize,1909.5454545454545
2019-05-15,maize,1925.9692307692308
2019-05-16,maize,1897.7290322580645
2019-05-17,maize,1935.1556886227545
2019-05-18,maize,1930.719008264463
2019-05-19,maize,1885.625
2019-05-20,maize,1961.0564102564103
2019-05-21,maize,1948.3838383838383
2019-05-22,maize,1971.0714285714287
2019-05-23,maize,1995.622754491018
2019-05-24,maize,1940.4
2019-05-25,maize,1948.14
2019-05-26,maize,1861.7021276595744
2019-05-27,maize,1966.262331838565
2019-05-28,maize,1938.6980198019803
2019-05-29,maize,1993.8916256157636
2019-05-30,maize,1936.6784615384615
2019-05-31,maize,1954.943820224719
2019-06-01,maize,1923.5393258426966
2019-06-02,maize,1868.3958333333333
2019-06-03,maize,1922.5792682926829
2019-06-04,maize,1922.9386597938144
2019-06-05,maize,1863.4109589041095
2019-06-06,maize,1933.6075268817203
2019-06-07,maize,1910.0326086956522
2019-06-08,maize,1905.7375886524824
2019-06-09,maize,1806.377049180328
2019-06-10,maize,1910.3444976076555
2019-06-11,maize,1915.1719576719577
2019-06-12,maize,1899.1624365482232
2019-06-13,maize,1896.5584112149534
2019-06-14,maize,1887.0251256281408
2019-06-15,maize,1872.3548387096773
2019-06-16,maize,1780.920634920635
2019-06-17,maize,1902.3181818181818
2019-06-18,maize,1872.4029126213593
2019-06-19,maize,1885.6603773584907
2019-06-20,maize,1897.4426470588235
2019-06-21,maize,1876.810945273632
2019-06-22,maize,1859.6100628930817
2019-06-23,maize,1818.6962025316457
2019-06-24,maize,1910.9263157894738
2019-06-25,maize,1884.8019323671497
2019-06-26,maize,1958.7333333333331
2019-06-27,maize,1918.50198019802
2019-06-28,maize,1907.865671641791
2019-06-29,maize,1888.8881656804733
2019-06-30,maize,1764.2162162162163
2019-07-01,maize,1930.0004926108372
2019-07-02,maize,1877.6528301886792
2019-07-03,maize,1927.872972972973
2019-07-04,maize,1932.9080000000001
2019-07-05,maize,1972.0327586206897
2019-07-06,maize,1916.4967320261437
2019-07-07,maize,1840.6507936507937
2019-07-08,maize,1975.8557213930349
2019-07-09,maize,1937.8469945355191
2019-07-10,maize,1964.2645161290322
2019-07-11,maize,1975.6877906976742
2019-07-12,maize,1969.0532544378698
2019-07-13,maize,1921.468253968254
2019-07-14,maize,1874.9166666666667
2019-07-15,maize,2018.2132701421801
2019-07-16,maize,1975.878453038674
2019-07-17,maize,2001.2378640776699
2019-07-18,maize,1998.9095477386934
2019-07-19,maize,2019.1317919075143
2019-07-20,maize,1973.8
2019-07-21,maize,1862.4516129032259
2019-07-22,maize,1982.1556603773586
2019-07-23,maize,1992.2171717171718
2019-07-24,maize,2009.2449494949494
2019-07-25,maize,2042.6
2019-07-26,maize,2038.3954022988505
2019-07-27,maize,1952.751879699248
2019-07-28,maize,1899.7413793103449
2019-07-29,maize,1985.037688442211
2019-07-30,maize,1985.0614525139665
2019-07-31,maize,1981.5111111111112
2019-08-01,maize,2012.357142857143
2019-08-02,maize,1995.6094674556214
2019-08-03,maize,1992.8471337579617
2019-08-04,maize,1872.421875
2019-08-05,maize,1993.716049382716
2019-08-06,maize,2010.6006289308177
2019-08-07,maize,2023.3353293413174
2019-08-08,maize,2070.416149068323
2019-08-09,maize,2009.3857142857144
2019-08-10,maize,1975.6173913043478
2019-08-11,maize,1856.132075471698
2019-08-12,maize,1928.1630434782608
2019-08-13,maize,2003.6944444444443
2019-08-14,maize,2036.8857954545456
2019-08-15,maize,1949.7058823529412
2019-08-16,maize,2042.625
2019-08-17,maize,1938.2954545454545
2019-08-18,maize,1797.5438596491229
2019-08-19,maize,2017.5696808510636
2019-08-20,maize,2012.3949152542375
2019-08-21,maize,2055.2938144329896
2019-08-22,maize,2032.6781609195402
2019-08-23,maize,2013.5481481481481
2019-08-24,maize,1954.1315789473683
2019-08-25,maize,1845.9180327868853
2019-08-26,maize,2020.0408163265306
2019-08-27,maize,2014.4223602484471
2019-08-28,maize,2099.1295336787566
2019-08-29,maize,2004.8039999999999
2019-08-30,maize,1953.1543624161075
2019-08-31,maize,1984.8148148148148
2019-09-01,maize,1843.6545454545455
2019-09-02,maize,1867.7798165137615
2019-09-03,maize,1991.006993006993
2019-09-04,maize,2054.7456647398844
2019-09-05,maize,2040.7771084337348
2019-09-06,maize,1979.1308139534883
2019-09-07,maize,1949.3851351351352
2019-09-08,maize,1810.9649122807018
2019-09-09,maize,1989.8914285714286
2019-09-10,maize,1925.4615384615386
2019-09-11,maize,1986.8934911242604
2019-09-12,maize,1976.6043165467627
2019-09-13,maize,1950.4352941176471
2019-09-14,maize,2059.5416666666665
2019-09-15,maize,1853.590909090909
2019-09-16,maize,2015.045918367347
2019-09-17,maize,1967.1067415730338
2019-09-18,maize,1996.081081081081
2019-09-19,maize,2006.534090909091
2019-09-20,maize,2000.963157894737
2019-09-21,maize,1978.7485714285715
2019-09-22,maize,1901.5833333333333
2019-09-23,maize,1968.6806282722514
2019-09-24,maize,1969.174358974359
2019-09-25,maize,1983.4820512820513
2019-09-26,maize,1990.145
2019-09-27,maize,1927.318407960199
2019-09-28,maize,1967.4912280701753
2019-09-29,maize,1868.6785714285713
2019-09-30,maize,1949.1971830985915
2019-10-01,maize,1950.1589743589743
2019-10-02,maize,1951.2957746478874
2019-10-03,maize,1953.2783018867924
2019-10-04,maize,1960.5074626865671
2019-10-05,maize,1931.6705882352942
2019-10-06,maize,1941.4237288135594
2019-10-07,maize,1951.9473684210527
2019-10-08,maize,1924.9529411764706
2019-10-09,maize,1947.40625
2019-10-10,maize,1944.6172248803828
2019-10-11,maize,1899.1228813559321
2019-10-12,maize,1884.5329341317365
2019-10-13,maize,1861.4109589041095
2019-10-14,maize,1867.70625
2019-10-15,maize,1868.407843137255
2019-10-16,maize,1822.5347985347985
2019-10-17,maize,1841.0615942028985
2019-10-18,maize,1829.9339416058394
2019-10-19,maize,1821.6305220883535
2019-10-20,maize,1812.9583333333333
2019-10-21,maize,1804.0354330708662
2019-10-22,maize,1811.355072463768
2019-10-23,maize,1779.7214285714285
2019-10-24,maize,1783.9414414414414
2019-10-25,maize,1864.8192771084337
2019-10-26,maize,1847.990990990991
2019-10-27,maize,1860.8157894736842
2019-10-28,maize,1857.1052631578948
2019-10-29,maize,1829.5288461538462
2019-10-30,maize,1786.4795539033457
2019-10-31,maize,1783.268115942029
2019-11-01,maize,1720.19341563786
2019-11-02,maize,1755.4170454545454
2019-11-03,maize,1783.4615384615386
2019-11-04,maize,1762.7306501547987
2019-11-05,maize,1745.4
2019-11-06,maize,1759.726204819277
2019-11-07,maize,1755.9705882352941
2019-11-08,maize,1750.9111842105262
2019-11-09,maize,1747.3128205128205
2019-11-10,maize,1728.5507246376812
2019-11-11,maize,1728.083094555874
2019-11-12,maize,1776.125654450262
2019-11-13,maize,1711.8704225352112
2019-11-14,maize,1731.0581717451523
2019-11-15,maize,1712.7382550335572
2019-11-16,maize,1705.205047318612
2019-11-17,maize,1725.4945054945056
2019-11-18,maize,1704.3534031413612
2019-11-19,maize,1713.2136752136753
2019-11-20,maize,1719.422972972973
2019-11-21,maize,1727.7493261455525
2019-11-22,maize,1722.7585227272727
2019-11-23,maize,1747.2567567567567
2019-11-24,maize,1720.9651162790697
2019-11-25,maize,1749.6567567567567
2019-11-26,maize,1759.561224489796
2019-11-27,maize,1748.0758064516128
2019-11-28,maize,1767.0805555555555
2019-11-29,maize,1787.3693181818182
2019-11-30,maize,1773.3098159509202
2019-12-01,maize,1780.560975609756
2019-12-02,maize,1799.8935574229693
2019-12-03,maize,1792.066091954023
2019-12-04,maize,1823.5294117647059
2019-12-05,maize,1836.1080332409972
2019-12-06,maize,1834.5189504373177
2019-12-07,maize,1827.5403726708075
2019-12-08,maize,1780.821052631579
2019-12-09,maize,1837.7099447513813
2019-12-10,maize,1853.037037037037
2019-12-11,maize,1852.8562874251497
2019-12-12,maize,1849.4594594594594
2019-12-13,maize,1869.3947368421052
2019-12-14,maize,1883.4868421052631
2019-12-15,maize,1835.0
2019-12-16,maize,1867.6420454545455
2019-12-17,maize,1873.1914285714286
2019-12-18,maize,1883.558988764045
2019-12-19,maize,1899.2828571428572
2019-12-20,maize,1885.1236749116608
2019-12-21,maize,1903.1556291390727
2019-12-22,maize,1834.4777777777779
2019-12-23,maize,1906.242339832869
2019-12-24,maize,1894.3394495412845
2019-12-25,maize,1899.9928571428572
2019-12-26,maize,1876.4907063197027
2019-12-27,maize,1902.3700305810398
2019-12-28,maize,1910.4444444444443
2019-12-29,maize,1856.8846153846155
2019-12-30,maize,1908.4897959183672
2019-12-31,maize,1900.2961783439491
2020-01-01,maize,1870.1545893719806
2020-01-02,maize,1885.759842519685
2020-01-03,maize,1883.910447761194
2020-01-04,maize,1878.2142857142858
2020-01-05,maize,1886.2063492063492
2020-01-06,maize,1886.916955017301
2020-01-07,maize,1897.368
2020-01-08,maize,1898.6338582677165
2020-01-09,maize,1902.203007518797
2020-01-10,maize,1880.2683823529412
2020-01-11,maize,1888.0058479532163
2020-01-12,maize,1859.8225806451612
2020-01-13,maize,1870.7300380228137
2020-01-14,maize,1824.6782608695653
2020-01-15,maize,1890.7112676056338
2020-01-16,maize,1855.1712962962963
2020-01-17,maize,1858.2372881355932
2020-01-18,maize,1853.2918454935623
2020-01-19,maize,1838.921875
2020-01-20,maize,1839.3566433566434
2020-01-21,maize,1845.085501858736
2020-01-22,maize,1834.0898876404494
2020-01-23,maize,1832.521072796935
2020-01-24,maize,1839.7196261682243
2020-01-25,maize,1831.0736842105264
2020-01-26,maize,1785.921052631579
2020-01-27,maize,1812.0471014492753
2020-01-28,maize,1802.484
2020-01-29,maize,1785.736328125
2020-01-30,maize,1779.3708333333334
2020-01-31,maize,1807.944
2020-02-01,maize,1796.944055944056
2020-02-02,maize,1775.6041666666667
2020-02-03,maize,1799.3092783505156
2020-02-04,maize,1777.2099447513813
2020-02-05,maize,1764.532663316583
2020-02-06,maize,1771.3298969072166
2020-02-07,maize,1774.7181818181818
2020-02-08,maize,1776.326388888889
2020-02-09,maize,1771.5254237288136
2020-02-10,maize,1747.2007874015749
2020-02-11,maize,1733.68016194332
2020-02-12,maize,1711.7113821138212
2020-02-13,maize,1697.4663677130045
2020-02-14,maize,1730.2510822510822
2020-02-15,maize,1704.1041666666667
2020-02-16,maize,1699.609375
2020-02-17,maize,1684.3374485596707
2020-02-18,maize,1642.2654867256638
2020-02-19,maize,1688.3816425120774
2020-02-20,maize,1642.0900900900901
2020-02-21,maize,1784.297619047619
2020-02-22,maize,1676.3142857142857
2020-02-23,maize,1667.95
2020-02-24,maize,1620.107296137339
2020-02-25,maize,1630.131221719457
2020-02-26,maize,1630.4700460829492
2020-02-27,maize,1620.6008968609865
2020-02-28,maize,1637.3261802575107
2020-02-29,maize,1642.62
2020-03-01,maize,1710.3636363636363
2020-03-02,maize,1703.5489130434783
2020-03-03,maize,1629.9488636363637
2020-03-04,maize,1638.6009389671362
2020-03-05,maize,1609.3396226415093
2020-03-06,maize,1637.6028037383178
2020-03-07,maize,1602.6686046511627
2020-03-08,maize,1643.8863636363637
2020-03-09,maize,1625.0208333333333
2020-03-10,maize,1606.1
2020-03-11,maize,1620.1158536585365
2020-03-12,maize,1566.6410256410256
2020-03-13,maize,1545.3085106382978
2020-03-14,maize,1639.119266055046
2020-03-15,maize,1615.5625
2020-03-16,maize,1542.184331797235
2020-03-17,maize,1503.4056603773586
2020-03-18,maize,1478.010152284264
2020-03-19,maize,1472.2261306532664
2020-03-20,maize,1517.3100558659219
2020-03-21,maize,1509.900709219858
2020-03-22,maize,1547.0
2020-03-23,maize,1495.1333333333334
2020-03-24,maize,1615.0238095238096
2020-03-25,maize,1643.3333333333333
2020-03-26,maize,1460.7619047619048
2020-03-27,maize,1448.3333333333333
2020-03-28,maize,1592.8181818181818
2020-03-29,maize,1539.1666666666667
2020-03-30,maize,1458.4736842105262
2020-03-31,maize,1528.4761904761904
2020-04-01,maize,1567.6274509803923
2020-04-02,maize,1572.7777777777778
2020-04-03,maize,1630.5344827586207
2020-04-04,maize,1596.3728813559321
2020-04-05,maize,1611.6
2020-04-06,maize,1665.4146341463415
2020-04-07,maize,1576.084745762712
2020-04-08,maize,1588.264705882353
2020-04-09,maize,1545.3548387096773
2020-04-10,maize,1635.404761904762
2020-04-11,maize,1600.08
2020-04-12,maize,1565.909090909091
2020-04-13,maize,1595.3809523809523
2020-04-14,maize,1638.128205128205
2020-04-15,maize,1577.375
2020-04-16,maize,1571.1666666666667
2020-04-17,maize,1573.8636363636363
2020-04-18,maize,1479.9772727272727
2020-04-19,maize,1544.5
2020-04-20,maize,1512.1382978723404
2020-04-21,maize,1502.4949494949494
2020-04-22,maize,1505.469387755102
2020-04-23,maize,1505.29
2020-04-24,maize,1522.6261682242991
2020-04-25,maize,1568.662162162162
2020-04-26,maize,1566.8918918918919
2020-04-27,maize,1479.6666666666667
2020-04-28,maize,1495.9478260869564
2020-04-29,maize,1483.957627118644
2020-04-30,maize,1483.5748031496064
2020-05-01,maize,1614.409090909091
2020-05-02,maize,1522.3191489361702
2020-05-03,maize,1518.820512820513
2020-05-04,maize,1504.099173553719
2020-05-05,maize,1486.304347826087
2020-05-06,maize,1382.8543046357615
2020-05-07,maize,1447.209090909091
2020-05-08,maize,1416.8166666666666
2020-05-09,maize,1401.1720430107528
2020-05-10,maize,1436.725
2020-05-11,maize,1417.7428571428572
2020-05-12,maize,1386.5666666666666
2020-05-13,maize,1405.626984126984
2020-05-14,maize,1342.5939393939393
2020-05-15,maize,1320.01775147929
2020-05-16,maize,1351.275590551181
2020-05-17,maize,1395.3863636363637
2020-05-18,maize,1320.9408284023668
2020-05-19,maize,1316.7707006369426
2020-05-20,maize,1321.0357142857142
2020-05-21,maize,1317.792349726776
2020-05-22,maize,1365.9735099337747
2020-05-23,maize,1355.594827586207
2020-05-24,maize,1377.5128205128206
2020-05-25,maize,1441.0266666666666
2020-05-26,maize,1320.7525773195875
2020-05-27,maize,1352.7329842931938
2020-05-28,maize,1364.3093922651933
2020-05-29,maize,1375.8663366336634
2020-05-30,maize,1348.0
2020-05-31,maize,1470.469387755102
2020-06-01,maize,1347.3413173652696
2020-06-02,maize,1355.8141025641025
2020-06-03,maize,1350.760736196319
2020-06-04,maize,1417.8597560975609
2020-06-05,maize,1363.7513812154696
2020-06-06,maize,1358.9746835443038
2020-06-07,maize,1337.139534883721
2020-06-08,maize,1358.5915492957747
2020-06-09,maize,1334.409090909091
2020-06-10,maize,1342.0285714285715
2020-06-11,maize,1349.7437185929648
2020-06-12,maize,1349.563981042654
2020-06-13,maize,1353.984496124031
2020-06-14,maize,1369.7457627118645
2020-06-15,maize,1401.5273631840796
2020-06-16,maize,1375.7164948453608
2020-06-17,maize,1375.8069306930693
2020-06-18,maize,1385.5820895522388
2020-06-19,maize,1366.2463768115942
2020-06-20,maize,1410.7612903225806
2020-06-21,maize,1369.4423076923076
2020-06-22,maize,1370.6923076923076
2020-06-23,maize,1352.517766497462
2020-06-24,maize,1361.6421052631579
2020-06-25,maize,1325.7886597938145
2020-06-26,maize,1345.4502617801047
2020-06-27,maize,1349.9180327868853
2020-06-28,maize,1363.2115384615386
2020-06-29,maize,1376.5962441314555
2020-06-30,maize,1358.0795454545455
2020-07-01,maize,1357.5645161290322
2020-07-02,maize,1364.5776397515529
2020-07-03,maize,1352.5882352941176
2020-07-04,maize,1377.6319444444443
2020-07-05,maize,1329.140350877193
2020-07-06,maize,1339.5434782608695
2020-07-07,maize,1327.450867052023
2020-07-08,maize,1325.9306358381502
2020-07-09,maize,1337.1614906832299
2020-07-10,maize,1353.2327044025158
2020-07-11,maize,1325.3846153846155
2020-07-12,maize,1358.8846153846155
2020-07-13,maize,1358.0052083333333
2020-07-14,maize,1338.020725388601
2020-07-15,maize,1338.0879120879122
2020-07-16,maize,1355.945205479452
2020-07-17,maize,1320.8983957219252
2020-07-18,maize,1295.021505376344
2020-07-19,maize,1336.6666666666667
2020-07-20,maize,1359.2205882352941
2020-07-21,maize,1315.7988505747126
2020-07-22,maize,1280.4350282485875
2020-07-23,maize,1313.679012345679
2020-07-24,maize,1308.5176470588235
2020-07-25,maize,1265.8474576271187
2020-07-26,maize,1722.25
2020-07-27,maize,1323.120253164557
2020-07-28,maize,1295.0064516129032
2020-07-29,maize,1311.8164556962026
2020-07-30,maize,1329.8343195266273
2020-07-31,maize,1312.8993710691823
2020-08-01,maize,1371.9285714285713
2020-08-02,maize,1340.4
2020-08-03,maize,1343.3529411764705
2020-08-04,maize,1299.7674418604652
2020-08-05,maize,1309.4338235294117
2020-08-06,maize,1302.5460992907801
2020-08-07,maize,1297.891156462585
2020-08-08,maize,1321.173076923077
2020-08-09,maize,1380.0
2020-08-10,maize,1332.5320512820513
2020-08-11,maize,1278.36301369863
2020-08-12,maize,1277.5333333333333
2020-08-13,maize,1277.6573426573427
2020-08-14,maize,1307.7310344827586
2020-08-15,maize,1255.952380952381
2020-08-16,maize,1332.88
2020-08-17,maize,1299.0621118012423
2020-08-18,maize,1316.6136363636363
2020-08-19,maize,1320.4772727272727
2020-08-20,maize,1316.3949044585988
2020-08-21,maize,1298.9814814814815
2020-08-22,maize,1283.6
2020-08-23,maize,1364.0555555555557
2020-08-24,maize,1292.1180124223602
2020-08-25,maize,1270.3521126760563
2020-08-26,maize,1257.5579710144928
2020-08-27,maize,1265.79754601227
2020-08-28,maize,1254.5548387096774
2020-08-29,maize,1311.2444444444445
2020-08-30,maize,1325.6
2020-08-31,maize,1323.3950617283951
2020-09-01,maize,1295.43
2020-09-02,maize,1280.1962025316457
2020-09-03,maize,1289.6645161290323
2020-09-04,maize,1279.1463414634147
2020-09-05,maize,1274.934306569343
2020-09-06,maize,1218.125
2020-09-07,maize,1292.6744186046512
2020-09-08,maize,1243.25625
2020-09-09,maize,1279.0441988950276
2020-09-10,maize,1274.9277108433735
2020-09-11,maize,1250.5838150289017
2020-09-12,maize,1250.844827586207
2020-09-13,maize,1264.2093023255813
2020-09-14,maize,1262.068062827225
2020-09-15,maize,1245.9575757575758
2020-09-16,maize,1277.1052631578948
2020-09-17,maize,1383.2407407407406
2020-09-18,maize,1245.5593220338983
2020-09-19,maize,1232.5897435897436
2020-09-20,maize,1218.2272727272727
2020-09-21,maize,1254.1085714285714
2020-09-22,maize,1254.7297297297298
2020-09-23,maize,1266.530864197531
2020-09-24,maize,1333.9928057553957
2020-09-25,maize,1302.8235294117646
2020-09-26,maize,1300.3763440860216
2020-09-27,maize,1315.111111111111
2020-09-28,maize,1280.1418918918919
2020-09-29,maize,1273.1172413793104
2020-09-30,maize,1291.0490797546013
2020-10-01,maize,1253.7906976744187
2020-10-02,maize,1258.7916666666667
2020-10-03,maize,1275.8062015503876
2020-10-04,maize,1273.7333333333333
2020-10-05,maize,1267.1236559139784
2020-10-06,maize,1251.5875
2020-10-07,maize,1240.0710382513662
2020-10-08,maize,1258.9476744186047
2020-10-09,maize,1254.7307692307693
2020-10-10,maize,1247.0
2020-10-11,maize,1259.709090909091
2020-10-12,maize,1216.7943548387098
2020-10-13,maize,1268.3899082568807
2020-10-14,maize,1233.5251141552512
2020-10-15,maize,1262.877659574468
2020-10-16,maize,1277.2564102564102
2020-10-17,maize,1270.0890410958905
2020-10-18,maize,1293.0869565217392
2020-10-19,maize,1264.9389671361503
2020-10-20,maize,1261.6205128205129
2020-10-21,maize,1263.2153846153847
2020-10-22,maize,1270.4756756756756
2020-10-23,maize,1312.9875776397516
2020-10-24,maize,1358.54
2020-10-25,maize,1331.342105263158
2020-10-26,maize,1350.3157894736842
2020-10-27,maize,1319.5592417061612
2020-10-28,maize,1294.8976377952756
2020-10-29,maize,1328.1004566210045
2020-10-30,maize,1357.201754385965
2020-10-31,maize,1356.6533333333334
2020-11-01,maize,1322.0243902439024
2020-11-02,maize,1353.252336448598
2020-11-03,maize,1360.1691542288556
2020-11-04,maize,1361.753846153846
2020-11-05,maize,1373.6734693877552
2020-11-06,maize,1379.6612244897958
2020-11-07,maize,1367.2544642857142
2020-11-08,maize,1441.8139534883721
2020-11-09,maize,1378.0622406639004
2020-11-10,maize,1365.4485596707818
2020-11-11,maize,1438.9254385964912
2020-11-12,maize,1410.9826589595375
2020-11-13,maize,1491.9586776859503
2020-11-14,maize,1586.357142857143
2020-11-15,maize,1546.904761904762
2020-11-16,maize,1436.8846153846155
2020-11-17,maize,1421.72
2020-11-18,maize,1434.2062256809338
2020-11-19,maize,1414.3396226415093
2020-11-20,maize,1422.1052631578948
2020-11-21,maize,1450.0685483870968
2020-11-22,maize,1498.258064516129
2020-11-23,maize,1438.7601013513513
2020-11-24,maize,1415.5162454873646
2020-11-25,maize,1420.3565573770493
2020-11-26,maize,1415.3877551020407
2020-11-27,maize,1428.3960337552742
2020-11-28,maize,1471.4619565217392
2020-11-29,maize,1513.6612903225807
2020-11-30,maize,1486.2280701754387
2020-12-01,maize,1417.1371428571429
2020-12-02,maize,1432.7808219178082
2020-12-03,maize,1432.755339805825
2020-12-04,maize,1417.1417322834645
2020-12-05,maize,1426.1435185185185
2020-12-06,maize,1523.6078431372548
2020-12-07,maize,1421.2289156626507
2020-12-08,maize,1467.3125
2020-12-09,maize,1388.6892430278886
2020-12-10,maize,1383.1225296442688
2020-12-11,maize,1405.295081967213
2020-12-12,maize,1428.7123529411765
2020-12-13,maize,1518.5833333333333
2020-12-14,maize,1448.7551020408164
2020-12-15,maize,1389.2653461538462
2020-12-16,maize,1416.1346863468634
2020-12-17,maize,1435.720430107527
2020-12-18,maize,1409.4571020408164
2020-12-19,maize,1425.463590909091
2020-12-20,maize,1489.6470588235295
2020-12-21,maize,1419.272030651341
2020-12-22,maize,1392.3214285714287
2020-12-23,maize,1397.081180811808
2020-12-24,maize,1403.1736440677964
2020-12-25,maize,1521.5225225225224
2020-12-26,maize,1466.5092024539877
2020-12-27,maize,1494.764705882353
2020-12-28,maize,1387.6220472440946
2020-12-29,maize,1380.8503543307086
2020-12-30,maize,1388.8007279693486
2020-12-31,maize,1395.26953125
2021-01-01,maize,1445.0718954248366
2021-01-02,maize,1394.298245614035
2021-01-03,maize,1468.7924528301887
2021-01-04,maize,1374.8983050847457
2021-01-05,maize,1378.3488372093022
2021-01-06,maize,1405.5577889447236
2021-01-07,maize,1389.9558011049724
2021-01-08,maize,1406.725
2021-01-09,maize,1444.1652173913044
2021-01-10,maize,1470.7307692307693
2021-01-11,maize,1368.1090047393366
2021-01-12,maize,1370.0283018867924
2021-01-13,maize,1391.4850299401198
2021-01-14,maize,1430.21875
2021-01-15,maize,1359.7989130434783
2021-01-16,maize,1356.721052631579
2021-01-17,maize,1405.4035087719299
2021-01-18,maize,1361.003861003861
2021-01-19,maize,1352.6833333333334
2021-01-20,maize,1333.3621399176955
2021-01-21,maize,1338.85546875
2021-01-22,maize,1376.109243697479
2021-01-23,maize,1399.1027397260275
2021-01-24,maize,1413.709090909091
2021-01-25,maize,1356.2753036437248
2021-01-26,maize,1402.2826086956522
2021-01-27,maize,1347.4351464435147
2021-01-28,maize,1339.486607142857
2021-01-29,maize,1354.718253968254
2021-01-30,maize,1356.3009259259259
2021-01-31,maize,1436.2857142857142
2021-02-01,maize,1362.832402234637
2021-02-02,maize,1325.3793103448277
2021-02-03,maize,1323.1497797356828
2021-02-04,maize,1330.1347826086956
2021-02-05,maize,1326.683257918552
2021-02-06,maize,1344.7076023391812
2021-02-07,maize,1371.0487804878048
2021-02-08,maize,1341.7511520737328
2021-02-09,maize,1309.4915966386554
2021-02-10,maize,1319.871794871795
2021-02-11,maize,1340.9845360824743
2021-02-12,maize,1331.8852459016393
2021-02-13,maize,1342.9935064935064
2021-02-14,maize,1373.2363636363636
2021-02-15,maize,1347.968
2021-02-16,maize,1320.7680412371135
2021-02-17,maize,1347.2522935779816
2021-02-18,maize,1331.730593607306
2021-02-19,maize,1362.5224719101125
2021-02-20,maize,1341.983695652174
2021-02-21,maize,1363.1304347826087
2021-02-22,maize,1352.5874439461884
2021-02-23,maize,1353.497487437186
2021-02-24,maize,1361.0228310502282
2021-02-25,maize,1353.9485981308412
2021-02-26,maize,1382.9176470588236
2021-02-27,maize,1373.6341463414635
2021-02-28,maize,1370.7894736842106
2021-03-01,maize,1423.1447368421052
2021-03-02,maize,1379.046511627907
2021-03-03,maize,1392.0103626943005
2021-03-04,maize,1413.3367875647668
2021-03-05,maize,1387.4717948717948
2021-03-06,maize,1350.44578313253
2021-03-07,maize,1367.9545454545455
2021-03-08,maize,1421.0242718446602
2021-03-09,maize,1401.9719101123596
2021-03-10,maize,1384.5618556701031
2021-03-11,maize,1436.4328358208954
2021-03-12,maize,1408.7315789473685
2021-03-13,maize,1452.069306930693
2021-03-14,maize,1389.851851851852
2021-03-15,maize,1416.5222222222221
2021-03-16,maize,1459.13986013986
2021-03-17,maize,1406.8415300546449
2021-03-18,maize,1393.0333333333333
2021-03-19,maize,1410.9820359281437
2021-03-20,maize,1371.0344827586207
2021-03-21,maize,1414.891304347826
2021-03-22,maize,1407.6078431372548
2021-03-23,maize,1385.6931818181818
2021-03-24,maize,1416.4489795918366
2021-03-25,maize,1395.6315789473683
2021-03-26,maize,1420.3254437869823
2021-03-27,maize,1491.3118279569892
2021-03-28,maize,1497.12
2021-03-29,maize,1603.1875
2021-03-30,maize,1480.5533980582525
2021-03-31,maize,1465.2882882882882
2021-04-01,maize,1476.423076923077
2021-04-02,maize,1508.344827586207
2021-04-03,maize,1434.6176470588234
2021-04-04,maize,1395.1851851851852
2021-04-05,maize,1407.0459770114942
2021-04-06,maize,1425.0792682926829
2021-04-07,maize,1392.4244186046512
2021-04-08,maize,1430.2559523809523
2021-04-09,maize,1439.759493670886
2021-04-10,maize,1469.2380952380952
2021-04-11,maize,1405.3793103448277
2021-04-12,maize,1442.3741007194244
2021-04-13,maize,1480.3033707865168
2021-04-14,maize,1508.3529411764705
2021-04-15,maize,1444.5759493670887
2021-04-16,maize,1457.675
2021-04-17,maize,1483.2772277227723
2021-04-18,maize,1456.7142857142858
2021-04-19,maize,1502.8527131782946
2021-04-20,maize,1520.4227642276423
2021-04-21,maize,1553.849315068493
2021-04-22,maize,1563.4754098360656
2021-04-23,maize,1515.2413793103449
2021-04-24,maize,1525.6
2021-04-25,maize,1554.3157894736842
2021-04-26,maize,1520.1896551724137
2021-04-27,maize,1589.9811320754718
2021-04-28,maize,1505.637254901961
2021-04-29,maize,1516.009900990099
2021-04-30,maize,1506.8214285714287
2021-05-01,maize,1537.2941176470588
2021-05-02,maize,1448.4285714285713
2021-05-03,maize,1530.3625
2021-05-04,maize,1483.095238095238
2021-05-05,maize,1490.2747252747254
2021-05-06,maize,1474.3977272727273
2021-05-07,maize,1489.4302325581396
2021-05-08,maize,1503.7692307692307
2021-05-09,maize,1466.15
2021-05-10,maize,1509.6627906976744
2021-05-11,maize,1538.1384615384616
2021-05-12,maize,1526.054054054054
2021-05-13,maize,1526.4647887323943
2021-05-14,maize,1563.888888888889
2021-05-15,maize,1531.388888888889
2021-05-16,maize,1480.3076923076924
2021-05-17,maize,1523.7066666666667
2021-05-18,maize,1519.4886363636363
2021-05-19,maize,1520.4642857142858
2021-05-20,maize,1522.7176470588236
2021-05-21,maize,1557.909090909091
2021-05-22,maize,1499.3709677419354
2021-05-23,maize,1500.6153846153845
2021-05-24,maize,1510.3603603603603
2021-05-25,maize,1515.65625
2021-05-26,maize,1535.952380952381
2021-05-27,maize,1531.75
2021-05-28,maize,1526.1538461538462
2021-05-29,maize,1510.5131578947369
2021-05-30,maize,1469.4
2021-05-31,maize,1543.0666666666666
2021-06-01,maize,1510.4952380952382
2021-06-02,maize,1520.9024390243903
2021-06-03,maize,1517.5588235294117
2021-06-04,maize,1530.3615384615384
2021-06-05,maize,1512.3645833333333
2021-06-06,maize,1498.5
2021-06-07,maize,1526.5310344827585
2021-06-08,maize,1506.3466666666666
2021-06-09,maize,1544.9420289855072
2021-06-10,maize,1523.1804511278197
2021-06-11,maize,1540.8333333333333
2021-06-12,maize,1533.7045454545455
2021-06-13,maize,1468.0967741935483
2021-06-14,maize,1542.4378378378378
2021-06-15,maize,1546.4036144578313
2021-06-16,maize,1553.9657142857143
2021-06-17,maize,1543.6436781609195
2021-06-18,maize,1552.0242424242424
2021-06-19,maize,1559.7706422018348
2021-06-20,maize,1474.4324324324325
2021-06-21,maize,1578.3277777777778
2021-06-22,maize,1575.5606936416184
2021-06-23,maize,1593.8562874251497
2021-06-24,maize,1613.716049382716
2021-06-25,maize,1596.5348837209303
2021-06-26,maize,1575.0330578512396
2021-06-27,maize,1464.642857142857
2021-06-28,maize,1624.743961352657
2021-06-29,maize,1598.1509433962265
2021-06-30,maize,1609.6331360946745
2021-07-01,maize,1640.8347826086956
2021-07-02,maize,1671.855072463768
2021-07-03,maize,1638.0254237288136
2021-07-04,maize,1528.8333333333333
2021-07-05,maize,1632.0186335403728
2021-07-06,maize,1662.2045454545455
2021-07-07,maize,1670.456375838926
2021-07-08,maize,1650.7076023391812
2021-07-09,maize,1649.3402777777778
2021-07-10,maize,1605.2788461538462
2021-07-11,maize,1537.357142857143
2021-07-12,maize,1666.9142857142858
2021-07-13,maize,1641.5850340136055
2021-07-14,maize,1658.4794520547946
2021-07-15,maize,1672.7169811320755
2021-07-16,maize,1639.1065573770493
2021-07-17,maize,1653.373015873016
2021-07-18,maize,1590.046511627907
2021-07-19,maize,1687.0299401197606
2021-07-20,maize,1666.5391304347827
2021-07-21,maize,1598.5573770491803
2021-07-22,maize,1694.846625766871
2021-07-23,maize,1656.0349650349651
2021-07-24,maize,1647.5833333333333
2021-07-25,maize,1595.388888888889
2021-07-26,maize,1672.5460122699387
2021-07-27,maize,1729.9864864864865
2021-07-28,maize,1683.5569620253164
2021-07-29,maize,1683.2037037037037
2021-07-30,maize,1712.0363636363636
2021-07-31,maize,1716.064
2021-08-01,maize,1678.875
2021-08-02,maize,1710.5762711864406
2021-08-03,maize,1775.7755102040817
2021-08-04,maize,1734.5378151260504
2021-08-05,maize,1719.908256880734
2021-08-06,maize,1716.516129032258
2021-08-07,maize,1728.348623853211
2021-08-08,maize,1686.6451612903227
2021-08-09,maize,1743.5694444444443
2021-08-10,maize,1735.283870967742
2021-08-11,maize,1754.6818181818182
2021-08-12,maize,1721.6944444444443
2021-08-13,maize,1724.86013986014
2021-08-14,maize,1770.020618556701
2021-08-15,maize,1626.3
2021-08-16,maize,1722.081081081081
2021-08-17,maize,1699.6496815286623
2021-08-18,maize,1678.472049689441
2021-08-19,maize,1688.7857142857142
2021-08-20,maize,1738.0315789473684
2021-08-21,maize,1704.5535714285713
2021-08-22,maize,1617.5172413793102
2021-08-23,maize,1713.6744186046512
2021-08-24,maize,1737.0434782608695
2021-08-25,maize,1718.0848484848484
2021-08-26,maize,1718.7232704402516
2021-08-27,maize,1718.3285714285714
2021-08-28,maize,1767.6376811594203
2021-08-29,maize,1631.974358974359
2021-08-30,maize,1724.8130841121495
2021-08-31,maize,1724.897810218978
2021-09-01,maize,1728.0350877192982
2021-09-02,maize,1717.1297709923665
2021-09-03,maize,1754.6754966887418
2021-09-04,maize,1707.575
2021-09-05,maize,1653.1951219512196
2021-09-06,maize,1715.0625
2021-09-07,maize,1723.6808510638298
2021-09-08,maize,1710.860759493671
2021-09-09,maize,1715.6
2021-09-10,maize,1668.6222222222223
2021-09-11,maize,1670.5684210526315
2021-09-12,maize,1648.1315789473683
2021-09-13,maize,1720.3254437869823
2021-09-14,maize,1728.716129032258
2021-09-15,maize,1706.646408839779
2021-09-16,maize,1731.8344370860927
2021-09-17,maize,1724.0135135135135
2021-09-18,maize,1696.4153846153847
2021-09-19,maize,1661.3695652173913
2021-09-20,maize,1697.3076923076924
2021-09-21,maize,1680.232142857143
2021-09-22,maize,1698.6174863387978
2021-09-23,maize,1670.359375
2021-09-24,maize,1678.393063583815
2021-09-25,maize,1660.9333333333334
2021-09-26,maize,1652.98
2021-09-27,maize,1656.7068965517242
2021-09-28,maize,1630.887573964497
2021-09-29,maize,1634.5862068965516
2021-09-30,maize,1615.1134020618556
2021-10-01,maize,1689.4960629921259
2021-10-02,maize,1716.5254237288136
2021-10-03,maize,1665.6666666666667
2021-10-04,maize,1627.1714285714286
2021-10-05,maize,1567.5555555555557
2021-10-06,maize,1586.3142857142857
2021-10-07,maize,1572.9497206703911
2021-10-08,maize,1551.8592233009708
2021-10-09,maize,1604.3525179856115
2021-10-10,maize,1595.7903225806451
2021-10-11,maize,1527.6
2021-10-12,maize,1541.337962962963
2021-10-13,maize,1560.3300970873786
2021-10-14,maize,1599.0232558139535
2021-10-15,maize,1602.0515463917525
2021-10-16,maize,1557.0150753768844
2021-10-17,maize,1544.703125
2021-10-18,maize,1563.318352059925
2021-10-19,maize,1581.9338842975208
2021-10-20,maize,1606.9227053140096
2021-10-21,maize,1558.543795620438
2021-10-22,maize,1555.534420289855
2021-10-23,maize,1574.489247311828
2021-10-24,maize,1559.2560975609756
2021-10-25,maize,1618.3803278688524
2021-10-26,maize,1515.203007518797
2021-10-27,maize,1546.415873015873
2021-10-28,maize,1547.6708860759493
2021-10-29,maize,1562.6435643564357
2021-10-30,maize,1559.4589552238806
2021-10-31,maize,1556.0824742268042
2021-11-01,maize,1556.1118421052631
2021-11-02,maize,1599.8666666666666
2021-11-03,maize,1587.2021276595744
2021-11-04,maize,1656.4615384615386
2021-11-05,maize,1562.0694444444443
2021-11-06,maize,1555.3577981651376
2021-11-07,maize,1524.1728395061727
2021-11-08,maize,1555.5106382978724
2021-11-09,maize,1546.871186440678
2021-11-10,maize,1550.0263157894738
2021-11-11,maize,1555.8403908794787
2021-11-12,maize,1578.576388888889
2021-11-13,maize,1573.745283018868
2021-11-14,maize,1583.2340425531916
2021-11-15,maize,1601.3488805970148
2021-11-16,maize,1563.3211920529802
2021-11-17,maize,1573.7661016949153
2021-11-18,maize,1583.4555555555555
2021-11-19,maize,1609.0754716981132
2021-11-20,maize,1581.59375
2021-11-21,maize,1588.3658536585365
2021-11-22,maize,1614.742372881356
2021-11-23,maize,1622.1729559748428
2021-11-24,maize,1621.2
2021-11-25,maize,1643.2977346278317
2021-11-26,maize,1645.514950166113
2021-11-27,maize,1669.5245098039215
2021-11-28,maize,1628.4268292682927
2021-11-29,maize,1641.411003236246
2021-11-30,maize,1626.9213114754098
2021-12-01,maize,1620.5947368421052
2021-12-02,maize,1619.7912621359224
2021-12-03,maize,1626.5193798449613
2021-12-04,maize,1637.2835051546392
2021-12-05,maize,1590.8048780487804
2021-12-06,maize,1616.703448275862
2021-12-07,maize,1622.2551724137932
2021-12-08,maize,1618.6411960132891
2021-12-09,maize,1638.0397111913358
2021-12-10,maize,1622.251724137931
2021-12-11,maize,1619.4591836734694
2021-12-12,maize,1627.5862068965516
2021-12-13,maize,1629.5596026490066
2021-12-14,maize,1622.5017921146953
2021-12-15,maize,1627.9368421052632
2021-12-16,maize,1617.288256227758
2021-12-17,maize,1631.5468164794008
2021-12-18,maize,1619.331983805668
2021-12-19,maize,1630.4683544303798
2021-12-20,maize,1622.703448275862
2021-12-21,maize,1631.2768166089966
2021-12-22,maize,1620.880281690141
2021-12-23,maize,1638.3
2021-12-24,maize,1625.0316205533597
2021-12-25,maize,1640.8139534883721
2021-12-26,maize,1600.0125
2021-12-27,maize,1611.4027303754267
2021-12-28,maize,1617.5650557620818
2021-12-29,maize,1620.3345724907063
2021-12-30,maize,1616.503846153846
2021-12-31,maize,1637.7286821705427
2022-01-01,maize,1627.2030456852792
2022-01-02,maize,1638.3733333333332
2022-01-03,maize,1648.1170568561872
2022-01-04,maize,1632.9032258064517
2022-01-05,maize,1664.6726618705036
2022-01-06,maize,1652.9807692307693
2022-01-07,maize,1659.2932330827068
2022-01-08,maize,1667.5426829268292
2022-01-09,maize,1629.2837837837837
2022-01-10,maize,1659.3545150501673
2022-01-11,maize,1680.0532319391634
2022-01-12,maize,1689.9609375
2022-01-13,maize,1700.467248908297
2022-01-14,maize,1667.85625
2022-01-15,maize,1682.2649006622516
2022-01-16,maize,1645.6764705882354
2022-01-17,maize,1740.7058823529412
2022-01-18,maize,1739.652719665272
2022-01-19,maize,1766.953125
2022-01-20,maize,1770.9722222222222
2022-01-21,maize,1751.3709677419354
2022-01-22,maize,1786.0898876404494
2022-01-23,maize,1713.0615384615385
2022-01-24,maize,1793.996
2022-01-25,maize,1786.046218487395
2022-01-26,maize,1721.8103448275863
2022-01-27,maize,1809.6415094339623
2022-01-28,maize,1820.8735177865613
2022-01-29,maize,1818.861471861472
2022-01-30,maize,1747.376811594203
2022-01-31,maize,1829.1268656716418
2022-02-01,maize,1817.989847715736
2022-02-02,maize,1836.2980392156862
2022-02-03,maize,1845.079831932773
2022-02-04,maize,1820.1869918699188
2022-02-05,maize,1839.6894736842105
2022-02-06,maize,1788.6944444444443
2022-02-07,maize,1821.3940677966102
2022-02-08,maize,1830.6052631578948
2022-02-09,maize,1824.329218106996
2022-02-10,maize,1820.9027777777778
2022-02-11,maize,1807.0171673819743
2022-02-12,maize,1803.02
2022-02-13,maize,1782.3921568627452
2022-02-14,maize,1831.384
2022-02-15,maize,1843.9282511210763
2022-02-16,maize,1829.9431818181818
2022-02-17,maize,1827.604255319149
2022-02-18,maize,1840.5288209606986
2022-02-19,maize,1819.8323170731708
2022-02-20,maize,1789.35
2022-02-21,maize,1853.0277777777778
2022-02-22,maize,1817.8262711864406
2022-02-23,maize,1848.1592
2022-02-24,maize,1858.5458333333333
2022-02-25,maize,1849.3868085106385
2022-02-26,maize,1884.7
2022-02-27,maize,1807.698113207547
2022-02-28,maize,1862.2352459016395
2022-03-01,maize,1846.8735632183907
2022-03-02,maize,1863.331282051282
2022-03-03,maize,1900.5246575342467
2022-03-04,maize,1907.1995475113122
2022-03-05,maize,1940.2666666666667
2022-03-06,maize,1828.9830508474577
2022-03-07,maize,1948.4556451612902
2022-03-08,maize,1972.1869158878505
2022-03-09,maize,2028.4035874439462
2022-03-10,maize,2010.093023255814
2022-03-11,maize,1988.9357798165138
2022-03-12,maize,1990.263888888889
2022-03-13,maize,1893.9032258064517
2022-03-14,maize,2035.5
2022-03-15,maize,2017.7259615384614
2022-03-16,maize,2023.6028708133972
2022-03-17,maize,2042.8592592592593
2022-03-18,maize,1978.140350877193
2022-03-19,maize,1985.9285714285713
2022-03-20,maize,1918.0
2022-03-21,maize,2042.2125603864733
2022-03-22,maize,1994.5459770114942
2022-03-23,maize,2004.737089201878
2022-03-24,maize,2007.530516431925
2022-03-25,maize,1985.174358974359
2022-03-26,maize,1988.7357142857143
2022-03-27,maize,1936.4912280701753
2022-03-28,maize,1999.7027027027027
2022-03-29,maize,1983.8363636363636
2022-03-30,maize,2019.5974842767296
2022-03-31,maize,1982.5172413793102
2022-04-01,maize,1960.75
2022-04-02,maize,2044.9245283018868
2022-04-03,maize,1947.8545454545454
2022-04-04,maize,2011.1923076923076
2022-04-05,maize,1998.8743718592964
2022-04-06,maize,2036.5024630541873
2022-04-07,maize,2039.3333333333333
2022-04-08,maize,2035.2331838565021
2022-04-09,maize,2028.1386861313867
2022-04-10,maize,1929.6785714285713
2022-04-11,maize,2091.828755364807
2022-04-12,maize,2044.5294117647059
2022-04-13,maize,2080.686170212766
2022-04-14,maize,1943.5
2022-04-15,maize,2008.344827586207
2022-04-16,maize,2036.368
2022-04-17,maize,1965.017543859649
2022-04-18,maize,2090.3246753246754
2022-04-19,maize,2073.5380710659897
2022-04-20,maize,2069.6401869158876
2022-04-21,maize,2062.07729468599
2022-04-22,maize,2059.6564102564103
2022-04-23,maize,2059.1794871794873
2022-04-24,maize,1992.5283018867924
2022-04-25,maize,2077.036529680365
2022-04-26,maize,2062.1913875598084
2022-04-27,maize,2066.714932126697
2022-04-28,maize,2064.0101522842638
2022-04-29,maize,2042.0804020100502
2022-04-30,maize,2020.9624060150377
2022-05-01,maize,1953.0238095238096
2022-05-02,maize,2046.3668341708542
2022-05-03,maize,1982.765625
2022-05-04,maize,2031.9059405940593
2022-05-05,maize,2035.7091836734694
2022-05-06,maize,2012.7127071823204
2022-05-07,maize,2039.2066666666667
2022-05-08,maize,1954.862745098039
2022-05-09,maize,2031.0330188679245
2022-05-10,maize,2029.6822916666667
2022-05-11,maize,2051.4822335025383
2022-05-12,maize,2037.4022988505747
2022-05-13,maize,2042.2832369942196
2022-05-14,maize,2017.922480620155
2022-05-15,maize,1968.4666666666667
2022-05-16,maize,2076.972602739726
2022-05-17,maize,2044.7900552486187
2022-05-18,maize,2047.6358695652175
2022-05-19,maize,2069.4903846153848
2022-05-20,maize,2060.3333333333335
2022-05-21,maize,2028.8402366863904
2022-05-22,maize,1966.2166666666667
2022-05-23,maize,2046.9162790697674
2022-05-24,maize,2062.591836734694
2022-05-25,maize,2048.6901408450703
2022-05-26,maize,2084.573529411765
2022-05-27,maize,2037.5268292682927
2022-05-28,maize,2049.877551020408
2022-05-29,maize,1990.0173684210527
2022-05-30,maize,2032.142857142857
2022-05-31,maize,2044.6280193236714
2022-06-01,maize,1985.6919191919192
2022-06-02,maize,2010.5900621118012
2022-06-03,maize,2017.6084337349398
2022-06-04,maize,1988.1411042944785
2022-06-05,maize,1921.5483870967741
2022-06-06,maize,1976.9150943396226
2022-06-07,maize,1992.913953488372
2022-06-08,maize,2021.9035532994924
2022-06-09,maize,2002.1868131868132
2022-06-10,maize,2070.2894495412843
2022-06-11,maize,2032.1283783783783
2022-06-12,maize,1917.9577464788733
2022-06-13,maize,2031.8722466960353
2022-06-14,maize,2018.2773195876289
2022-06-15,maize,2053.4272300469484
2022-06-16,maize,2018.123076923077
2022-06-17,maize,2040.2
2022-06-18,maize,2004.1638888888888
2022-06-19,maize,1965.985294117647
2022-06-20,maize,2041.943231441048
2022-06-21,maize,2032.449494949495
2022-06-22,maize,2055.209756097561
2022-06-23,maize,2056.557142857143
2022-06-24,maize,2046.497435897436
2022-06-25,maize,2074.197278911565
2022-06-26,maize,1952.8472222222222
2022-06-27,maize,2097.064814814815
2022-06-28,maize,2056.6135135135137
2022-06-29,maize,2073.5184210526318
2022-06-30,maize,2074.7670454545455
2022-07-01,maize,2070.9174311926604
2022-07-02,maize,2058.9718309859154
2022-07-03,maize,1974.741935483871
2022-07-04,maize,2106.8039215686276
2022-07-05,maize,2058.1311475409834
2022-07-06,maize,2052.2571428571428
2022-07-07,maize,2075.292817679558
2022-07-08,maize,2070.354497354497
2022-07-09,maize,2070.648
2022-07-10,maize,1959.9607843137255
2022-07-11,maize,2090.3186813186812
2022-07-12,maize,2068.974431818182
2022-07-13,maize,2085.43288590604
2022-07-14,maize,2110.9939393939394
2022-07-15,maize,2076.840909090909
2022-07-16,maize,2022.495575221239
2022-07-17,maize,1972.9384615384615
2022-07-18,maize,2068.1692307692306
2022-07-19,maize,2070.225641025641
2022-07-20,maize,2052.086956521739
2022-07-21,maize,2091.960451977401
2022-07-22,maize,2099.0337078651687
2022-07-23,maize,2068.7301587301586
2022-07-24,maize,1963.132075471698
2022-07-25,maize,2058.058510638298
2022-07-26,maize,2086.8323699421967
2022-07-27,maize,2088.8804347826085
2022-07-28,maize,2043.113475177305
2022-07-29,maize,2073.9739583333335
2022-07-30,maize,2036.8120805369128
2022-07-31,maize,1979.5593220338983
2022-08-01,maize,2099.535714285714
2022-08-02,maize,2108.3112582781455
2022-08-03,maize,2090.6923076923076
2022-08-04,maize,2119.0235294117647
2022-08-05,maize,2133.5425531914893
2022-08-06,maize,2092.8823529411766
2022-08-07,maize,2028.4528301886792
2022-08-08,maize,2183.044943820225
2022-08-09,maize,2055.154761904762
2022-08-10,maize,2132.590909090909
2022-08-11,maize,2119.3727272727274
2022-08-12,maize,2127.7580645161293
2022-08-13,maize,2140.8655462184875
2022-08-14,maize,2028.061224489796
2022-08-15,maize,2063.55
2022-08-16,maize,2180.6376811594205
2022-08-17,maize,2151.893081761006
2022-08-18,maize,2193.5068027210887
2022-08-19,maize,2145.7672413793102
2022-08-20,maize,2181.0225563909776
2022-08-21,maize,2090.484375
2022-08-22,maize,2188.972222222222
2022-08-23,maize,2175.0581395348836
2022-08-24,maize,2205.67816091954
2022-08-25,maize,2208.281914893617
2022-08-26,maize,2181.4036144578313
2022-08-27,maize,2126.4824561403507
2022-08-28,maize,2073.939393939394
2022-08-29,maize,2194.8545454545456
2022-08-30,maize,2161.37125748503
2022-08-31,maize,2120.153153153153
2022-09-01,maize,2166.9736842105262
2022-09-02,maize,2228.946107784431
2022-09-03,maize,2161.5890410958905
2022-09-04,maize,2130.0476190476193
2022-09-05,maize,2168.3636363636365
2022-09-06,maize,2191.267515923567
2022-09-07,maize,2184.7457627118642
2022-09-08,maize,2181.6521739130435
2022-09-09,maize,2151.5116279069766
2022-09-10,maize,2137.7909090909093
2022-09-11,maize,2079.967741935484
2022-09-12,maize,2142.6294117647058
2022-09-13,maize,2119.6494252873563
2022-09-14,maize,2121.222222222222
2022-09-15,maize,2167.965909090909
2022-09-16,maize,2132.37125748503
2022-09-17,maize,2135.6486486486488
2022-09-18,maize,2065.9166666666665
2022-09-19,maize,2149.076923076923
2022-09-20,maize,2127.98125
2022-09-21,maize,2086.5423728813557
2022-09-22,maize,2079.5444444444443
2022-09-23,maize,2082.9830508474574
2022-09-24,maize,2076.4
2022-09-25,maize,1985.051724137931
2022-09-26,maize,2090.309090909091
2022-09-27,maize,2024.5154639175257
2022-09-28,maize,1992.718309859155
2022-09-29,maize,2001.8920187793428
2022-09-30,maize,1992.6682692307693
2022-10-01,maize,1987.8235294117646
2022-10-02,maize,1972.3653846153845
2022-10-03,maize,2000.0853658536585
2022-10-04,maize,1986.6739130434783
2022-10-05,maize,2057.887640449438
2022-10-06,maize,1934.7033492822966
2022-10-07,maize,1963.2286995515694
2022-10-08,maize,2012.4306569343066
2022-10-09,maize,2009.9107142857142
2022-10-10,maize,1931.8477366255145
2022-10-11,maize,1894.579185520362
2022-10-12,maize,1908.418326693227
2022-10-13,maize,1920.9725490196079
2022-10-14,maize,1932.7552742616033
2022-10-15,maize,1926.9601769911505
2022-10-16,maize,2025.126582278481
2022-10-17,maize,1929.4071428571428
2022-10-18,maize,1916.469465648855
2022-10-19,maize,1925.8086642599278
2022-10-20,maize,1938.525925925926
2022-10-21,maize,1989.6231155778894
2022-10-22,maize,2020.457627118644
2022-10-23,maize,1943.5
2022-10-24,maize,2036.875
2022-10-25,maize,2009.215053763441
2022-10-26,maize,1994.155172413793
2022-10-27,maize,1967.5425531914893
2022-10-28,maize,1980.2695035460993
2022-10-29,maize,1922.7276119402984
2022-10-30,maize,1868.6728971962616
2022-10-31,maize,1909.5921450151056
2022-11-01,maize,1900.6944444444443
2022-11-02,maize,1926.1873111782477
2022-11-03,maize,1950.5225806451613
2022-11-04,maize,1947.3438596491228
2022-11-05,maize,1963.2118959107806
2022-11-06,maize,1945.6881720430108
2022-11-07,maize,1995.659509202454
2022-11-08,maize,2017.3027027027026
2022-11-09,maize,1993.5652173913043
2022-11-10,maize,2010.8012422360248
2022-11-11,maize,1989.1620689655172
2022-11-12,maize,2012.9014084507041
2022-11-13,maize,1964.1473684210525
2022-11-14,maize,2012.6129032258063
2022-11-15,maize,2012.402985074627
2022-11-16,maize,1995.7948717948718
2022-11-17,maize,2007.8123076923077
2022-11-18,maize,2024.8730650154798
2022-11-19,maize,1998.2832167832169
2022-11-20,maize,2004.4757281553398
2022-11-21,maize,2067.9937106918237
2022-11-22,maize,2046.8
2022-11-23,maize,2041.660447761194
2022-11-24,maize,2069.506329113924
2022-11-25,maize,2067.3161764705883
2022-11-26,maize,2057.786046511628
2022-11-27,maize,2006.3222222222223
2022-11-28,maize,2063.707142857143
2022-11-29,maize,2043.9930555555557
2022-11-30,maize,2047.7129337539432
2022-12-01,maize,2068.768953068592
2022-12-02,maize,2073.2032786885247
2022-12-03,maize,2075.6153846153848
2022-12-04,maize,2055.059523809524
2022-12-05,maize,2070.0491228070177
2022-12-06,maize,2079.271739130435
2022-12-07,maize,2074.8821428571428
2022-12-08,maize,2074.7770034843206
2022-12-09,maize,2063.5172413793102
2022-12-10,maize,2075.729857819905
2022-12-11,maize,2052.989010989011
2022-12-12,maize,2079.642424242424
2022-12-13,maize,2063.0218068535823
2022-12-14,maize,2075.894389438944
2022-12-15,maize,2061.572847682119
2022-12-16,maize,2068.496598639456
2022-12-17,maize,2082.57421875
2022-12-18,maize,2048.633333333333
2022-12-19,maize,2089.5065359477126
2022-12-20,maize,2112.2317880794703
2022-12-21,maize,2113.7171314741036
2022-12-22,maize,2116.212927756654
2022-12-23,maize,2114.391304347826
2022-12-24,maize,2122.8342245989306
2022-12-25,maize,2034.948051948052
2022-12-26,maize,2088.723140495868
2022-12-27,maize,2107.80859375
2022-12-28,maize,2113.6860068259384
2022-12-29,maize,2110.3607142857145
2022-12-30,maize,2135.4089219330854
2022-12-31,maize,2107.009090909091
2023-01-01,maize,2077.12987012987
2023-01-02,maize,2146.752767527675
2023-01-03,maize,2118.5
2023-01-04,maize,2134.022641509434
2023-01-05,maize,2140.730769230769
2023-01-06,maize,2143.4453781512607
2023-01-07,maize,2101.878787878788
2023-01-08,maize,2049.7066666666665
2023-01-09,maize,2112.5551181102364
2023-01-10,maize,2138.262548262548
2023-01-11,maize,2133.4910394265235
2023-01-12,maize,2143.1444444444446
2023-01-13,maize,2143.96261682243
2023-01-14,maize,2116.546875
2023-01-15,maize,2090.1129032258063
2023-01-16,maize,2132.813559322034
2023-01-17,maize,2136.2078651685392
2023-01-18,maize,2114.4950495049507
2023-01-19,maize,2152.3137254901962
2023-01-20,maize,2150.3094170403588
2023-01-21,maize,2155.7219251336896
2023-01-22,maize,2069.1463414634145
2023-01-23,maize,2120.332116788321
2023-01-24,maize,2139.3798449612405
2023-01-25,maize,2133.625
2023-01-26,maize,2131.754098360656
2023-01-27,maize,2112.7644787644786
2023-01-28,maize,2168.942857142857
2023-01-29,maize,2089.955056179775
2023-01-30,maize,2111.1459854014597
2023-01-31,maize,2109.135135135135
2023-02-01,maize,2126.826271186441
2023-02-02,maize,2119.3264462809916
2023-02-03,maize,2112.995901639344
2023-02-04,maize,2109.309178743961
2023-02-05,maize,2093.855072463768
2023-02-06,maize,2121.6363636363635
2023-02-07,maize,2106.915611814346
2023-02-08,maize,2101.752
2023-02-09,maize,2113.9506172839506
2023-02-10,maize,2098.0524193548385
2023-02-11,maize,2117.0632911392404
2023-02-12,maize,2077.8611111111113
2023-02-13,maize,2125.9059040590405
2023-02-14,maize,2097.798319327731
2023-02-15,maize,2094.8596491228072
2023-02-16,maize,2108.837962962963
2023-02-17,maize,2104.612612612613
2023-02-18,maize,2165.3932584269664
2023-02-19,maize,2085.3823529411766
2023-02-20,maize,2098.5829145728644
2023-02-21,maize,2078.9656652360513
2023-02-22,maize,2100.191964285714
2023-02-23,maize,2091.8243902439026
2023-02-24,maize,2087.837837837838
2023-02-25,maize,2095.13986013986
2023-02-26,maize,2075.968253968254
2023-02-27,maize,2085.1201716738196
2023-02-28,maize,2091.5515695067265
2023-03-01,maize,2103.413636363636
2023-03-02,maize,2095.135746606335
2023-03-03,maize,2105.0223214285716
2023-03-04,maize,2090.946524064171
2023-03-05,maize,2056.246575342466
2023-03-06,maize,2096.8795811518326
2023-03-07,maize,2105.462962962963
2023-03-08,maize,2078.88
2023-03-09,maize,2091.8486842105262
2023-03-10,maize,2072.5309278350514
2023-03-11,maize,2157.0220588235293
2023-03-12,maize,2107.3859649122805
2023-03-13,maize,2074.377358490566
2023-03-14,maize,2073.33
2023-03-15,maize,2071.44623655914
2023-03-16,maize,2083.696629213483
2023-03-17,maize,2161.681818181818
2023-03-18,maize,2066.8509316770187
2023-03-19,maize,2058.6825396825398
2023-03-20,maize,2076.775
2023-03-21,maize,2096.064814814815
2023-03-22,maize,2101.05
2023-03-23,maize,2110.4155844155844
2023-03-24,maize,2076.19209039548
2023-03-25,maize,2097.042857142857
2023-03-26,maize,2089.2156862745096
2023-03-27,maize,2102.054945054945
2023-03-28,maize,2077.508287292818
2023-03-29,maize,2104.880681818182
2023-03-30,maize,2095.1979166666665
2023-03-31,maize,2099.728476821192
2023-04-01,maize,2097.8161764705883
2023-04-02,maize,2027.72131147541
2023-04-03,maize,2126.6341463414633
2023-04-04,maize,2105.961832061069
2023-04-05,maize,2083.0
2023-04-06,maize,2062.9506172839506
2023-04-07,maize,2076.367924528302
2023-04-08,maize,2072.23125
2023-04-09,maize,1983.7118644067796
2023-04-10,maize,2043.175
2023-04-11,maize,2029.6338028169014
2023-04-12,maize,2031.6406926406926
2023-04-13,maize,2011.3207547169811
2023-04-14,maize,2095.230769230769
2023-04-15,maize,2028.2265193370165
2023-04-16,maize,2016.1060606060605
2023-04-17,maize,1987.0745614035088
2023-04-18,maize,1981.8990825688074
2023-04-19,maize,1973.373271889401
2023-04-20,maize,2022.887573964497
2023-04-21,maize,1980.0727272727272
2023-04-22,maize,2048.8936170212764
2023-04-23,maize,1982.9420289855072
2023-04-24,maize,1935.0
2023-04-25,maize,1934.7511520737328
2023-04-26,maize,1912.5787037037037
2023-04-27,maize,1921.3004694835681
2023-04-28,maize,1928.3730569948186
2023-04-29,maize,1917.6763157894736
2023-04-30,maize,1957.1746031746031
2023-05-01,maize,1964.1588785046729
2023-05-02,maize,1886.983870967742
2023-05-03,maize,1868.0080213903743
2023-05-04,maize,1880.3579545454545
2023-05-05,maize,1938.8059701492537
2023-05-06,maize,1888.0117647058823
2023-05-07,maize,1903.0746268656717
2023-05-08,maize,1886.2589285714287
2023-05-09,maize,1884.0653266331658
2023-05-10,maize,1869.4157303370787
2023-05-11,maize,1849.2083333333333
2023-05-12,maize,1896.802139037433
2023-05-13,maize,1909.5944055944055
2023-05-14,maize,1893.1538461538462
2023-05-15,maize,1887.6666666666667
2023-05-16,maize,1904.2777777777778
2023-05-17,maize,1879.0885321100916
2023-05-18,maize,1885.581818181818
2023-05-19,maize,1902.5555555555557
2023-05-20,maize,1898.0691489361702
2023-05-21,maize,1914.828125
2023-05-22,maize,1897.7864583333333
2023-05-23,maize,1896.7302325581395
2023-05-24,maize,1881.2957746478874
2023-05-25,maize,1890.1813953488372
2023-05-26,maize,1872.5136363636364
2023-05-27,maize,1903.6626506024097
2023-05-28,maize,1879.9264705882354
2023-05-29,maize,1913.388392857143
2023-05-30,maize,1872.2568807339449
2023-05-31,maize,1873.8774468085107
2023-06-01,maize,1847.0267857142858
2023-06-02,maize,1886.7652582159624
2023-06-03,maize,1880.5189189189189
2023-06-04,maize,1853.2142857142858
2023-06-05,maize,1855.0895833333334
2023-06-06,maize,1875.5568181818182
2023-06-07,maize,1870.1031746031747
2023-06-08,maize,1860.9188284518827
2023-06-09,maize,1873.991452991453
2023-06-10,maize,1843.9640718562873
2023-06-11,maize,1804.2597402597403
2023-06-12,maize,1845.9254901960785
2023-06-13,maize,1835.8391304347826
2023-06-14,maize,1861.872807017544
2023-06-15,maize,1834.9521739130435
2023-06-16,maize,1871.7004405286343
2023-06-17,maize,1846.1758241758241
2023-06-18,maize,1775.9310344827586
2023-06-19,maize,1865.047131147541
2023-06-20,maize,1920.3941908713693
2023-06-21,maize,1874.4463519313306
2023-06-22,maize,1934.7155172413793
2023-06-23,maize,1877.4303797468353
2023-06-24,maize,1875.888888888889
2023-06-25,maize,1852.3950617283951
2023-06-26,maize,1898.593220338983
2023-06-27,maize,1915.9763033175354
2023-06-28,maize,1921.9954337899544
2023-06-29,maize,1865.4913793103449
2023-06-30,maize,1909.12
2023-07-01,maize,1874.5194444444444
2023-07-02,maize,1811.6891891891892
2023-07-03,maize,1973.6517857142858
2023-07-04,maize,1969.2875536480688
2023-07-05,maize,1994.923076923077
2023-07-06,maize,1925.6631067961164
2023-07-07,maize,2006.891826923077
2023-07-08,maize,2011.7181208053692
2023-07-09,maize,1856.1486486486488
2023-07-10,maize,1986.8090128755364
2023-07-11,maize,1967.888349514563
2023-07-12,maize,1977.6658767772512
2023-07-13,maize,1959.4874371859296
2023-07-14,maize,1982.5927835051546
2023-07-15,maize,1974.3815028901734
2023-07-16,maize,1829.3815789473683
2023-07-17,maize,2045.6684210526316
2023-07-18,maize,2014.5310734463276
2023-07-19,maize,2009.0569948186528
2023-07-20,maize,1988.9324742268043
2023-07-21,maize,2047.0350710900475
2023-07-22,maize,1979.554794520548
2023-07-23,maize,1855.078947368421
2023-07-24,maize,2044.6447368421052
2023-07-25,maize,2036.7646464646466
2023-07-26,maize,2039.8892682926828
2023-07-27,maize,1942.1562130177517
2023-07-28,maize,2023.2153846153847
2023-07-29,maize,2123.1929824561403
2023-07-30,maize,1862.0963855421687
2023-07-31,maize,2013.8986175115208
2023-08-01,maize,2019.9293269230768
2023-08-02,maize,2048.8271276595747
2023-08-03,maize,2019.9513513513514
2023-08-04,maize,2106.373056994819
2023-08-05,maize,2067.59375
2023-08-06,maize,1855.1311475409836
2023-08-07,maize,2001.2473684210527
2023-08-08,maize,2090.6747572815534
2023-08-09,maize,2059.8367346938776
2023-08-10,maize,2070.6428571428573
2023-08-11,maize,2087.2796208530804
2023-08-12,maize,2125.8993288590605
2023-08-13,maize,1883.0384615384614
2023-08-14,maize,2037.225
2023-08-15,maize,2203.28
2023-08-16,maize,2012.6213235294117
2023-08-17,maize,2043.345
2023-08-18,maize,2073.807511737089
2023-08-19,maize,2060.735099337748
2023-08-20,maize,1922.4126984126983
2023-08-21,maize,2032.3672316384182
2023-08-22,maize,2044.779569892473
2023-08-23,maize,2069.335164835165
2023-08-24,maize,2038.068783068783
2023-08-25,maize,2106.0934579439254
2023-08-26,maize,1957.7733333333333
2023-08-27,maize,1892.5079365079366
2023-08-28,maize,2012.2857142857142
2023-08-29,maize,2061.9309210526317
2023-08-30,maize,2024.2644628099174
2023-08-31,maize,2059.1867088607596
2023-09-01,maize,2049.556818181818
2023-09-02,maize,2010.7551020408164
2023-09-03,maize,1912.6037735849056
2023-09-04,maize,2038.5847953216373
2023-09-05,maize,2058.3584905660377
2023-09-06,maize,2021.7685950413222
2023-09-07,maize,2014.5736434108528
2023-09-08,maize,2083.067901234568
2023-09-09,maize,1990.9533333333334
2023-09-10,maize,1919.936507936508
2023-09-11,maize,2024.0410256410257
2023-09-12,maize,2100.30790960452
2023-09-13,maize,2017.4753086419753
2023-09-14,maize,2061.75
2023-09-15,maize,2045.046783625731
2023-09-16,maize,2056.4225352112676
2023-09-17,maize,1926.0555555555557
2023-09-18,maize,2025.992
2023-09-19,maize,2056.876923076923
2023-09-20,maize,2072.006134969325
2023-09-21,maize,2047.8280254777071
2023-09-22,maize,2003.5539682539684
2023-09-23,maize,1996.888
2023-09-24,maize,1934.4528301886792
2023-09-25,maize,1989.4545454545455
2023-09-26,maize,2018.1684210526316
2023-09-27,maize,2006.2225433526012
2023-09-28,maize,1986.4864864864865
2023-09-29,maize,2002.2984293193717
2023-09-30,maize,2007.8741721854306
2023-10-01,maize,1966.936170212766
2023-10-02,maize,2029.7378640776699
2023-10-03,maize,1982.0133333333333
2023-10-04,maize,1981.6288209606987
2023-10-05,maize,1948.9870689655172
2023-10-06,maize,1987.421370967742
2023-10-07,maize,1936.2155963302753
2023-10-08,maize,1929.3561643835617
2023-10-09,maize,1990.259328358209
2023-10-10,maize,1926.2881355932204
2023-10-11,maize,1931.189723320158
2023-10-12,maize,1931.566037735849
2023-10-13,maize,1944.949806949807
2023-10-14,maize,1990.618320610687
2023-10-15,maize,1937.4788732394366
2023-10-16,maize,1943.4142857142858
2023-10-17,maize,1897.4823943661972
2023-10-18,maize,1891.0766423357663
2023-10-19,maize,1945.9195804195804
2023-10-20,maize,1932.565371024735
2023-10-21,maize,1922.7692307692307
2023-10-22,maize,1963.2708333333333
2023-10-23,maize,1948.9795918367347
2023-10-24,maize,2084.7122641509436
2023-10-25,maize,1981.7025089605734
2023-10-26,maize,1984.2912621359224
2023-10-27,maize,2015.3024691358025
2023-10-28,maize,2013.549504950495
2023-10-29,maize,1983.90625
2023-10-30,maize,2030.75
2023-10-31,maize,2015.2546125461254
2023-11-01,maize,2051.634892086331
2023-11-02,maize,2048.514950166113
2023-11-03,maize,2038.6105919003114
2023-11-04,maize,2047.0503731343283
2023-11-05,maize,2008.890410958904
2023-11-06,maize,2081.9037267080744
2023-11-07,maize,2052.627388535032
2023-11-08,maize,2064.8474025974024
2023-11-09,maize,2053.131086142322
2023-11-10,maize,2079.126984126984
2023-11-11,maize,2033.3932584269662
2023-11-12,maize,2024.076923076923
2023-11-13,maize,2016.7857142857142
2023-11-14,maize,2092.962962962963
2023-11-15,maize,2113.928057553957
2023-11-16,maize,2114.3
2023-11-17,maize,2110.123966942149
2023-11-18,maize,2081.753488372093
2023-11-19,maize,2025.8108108108108
2023-11-20,maize,2094.2960725075527
2023-11-21,maize,2096.7072784810125
2023-11-22,maize,2110.3599348534203
2023-11-23,maize,2094.739273927393
2023-11-24,maize,2096.0113636363635
2023-11-25,maize,2055.245398773006
2023-11-26,maize,2026.3728813559321
2023-11-27,maize,2094.0887573964496
2023-11-28,maize,2056.390728476821
2023-11-29,maize,2075.204081632653
2023-11-30,maize,2072.9812734082398
2023-12-01,maize,2081.759842519685
2023-12-02,maize,2080.271689497717
2023-12-03,maize,2006.7215189873418
2023-12-04,maize,2101.9498269896194
2023-12-05,maize,2099.700367647059
2023-12-06,maize,2095.1003584229393
2023-12-07,maize,2084.2852348993288
2023-12-08,maize,2111.411003236246
2023-12-09,maize,2115.2060301507536
2023-12-10,maize,2031.5632183908046
2023-12-11,maize,2115.4809688581313
2023-12-12,maize,2092.0731707317073
2023-12-13,maize,2109.5876288659792
2023-12-14,maize,2106.82
2023-12-15,maize,2118.838383838384
2023-12-16,maize,2096.734939759036
2023-12-17,maize,2069.6619718309857
2023-12-18,maize,2103.8801369863013
2023-12-19,maize,2091.9333333333334
2023-12-20,maize,2110.7024793388427
2023-12-21,maize,2097.4556451612902
2023-12-22,maize,2091.970711297071
2023-12-23,maize,2046.8266666666666
2023-12-24,maize,2025.4
2023-12-25,maize,2066.4074074074074
2023-12-26,maize,2090.9166666666665
2023-12-27,maize,2115.065789473684
2023-12-28,maize,2108.7634854771786
2023-12-29,maize,2105.853448275862
2023-12-30,maize,2074.1642512077296
2023-12-31,maize,2072.1290322580644
2024-01-01,maize,2136.312883435583
2024-01-02,maize,2111.478021978022
2024-01-03,maize,2104.844387755102
2024-01-04,maize,2109.685779816514
2024-01-05,maize,2103.747747747748
2024-01-06,maize,2110.0880829015546
2024-01-07,maize,2056.5846153846155
2024-01-08,maize,2108.3119266055046
2024-01-09,maize,2120.53738317757
2024-01-10,maize,2137.4238095238097
2024-01-11,maize,2159.9507389162563
2024-01-12,maize,2128.4392523364486
2024-01-13,maize,2104.2727272727275
2024-01-14,maize,2068.122448979592
2024-01-15,maize,2144.2702702702704
2024-01-16,maize,2131.7558139534885
2024-01-17,maize,2141.4870466321245
2024-01-18,maize,2160.294117647059
2024-01-19,maize,2139.80198019802
2024-01-20,maize,2142.012658227848
2024-01-21,maize,2055.7441860465115
2024-01-22,maize,2123.2735849056603
2024-01-23,maize,2155.214285714286
2024-01-24,maize,2168.962085308057
2024-01-25,maize,2145.359712230216
2024-01-26,maize,2092.512195121951
2024-01-27,maize,2156.809210526316
2024-01-28,maize,2103.3571428571427
2024-01-29,maize,2159.774774774775
2024-01-30,maize,2132.421296296296
2024-01-31,maize,2143.2464454976302
2024-02-01,maize,2173.050925925926
2024-02-02,maize,2155.488038277512
2024-02-03,maize,2142.7043010752686
2024-02-04,maize,2074.8823529411766
2024-02-05,maize,2153.0
2024-02-06,maize,2158.290760869565
2024-02-07,maize,2160.994974874372
2024-02-08,maize,2162.9578947368423
2024-02-09,maize,2148.5052083333335
2024-02-10,maize,2151.135135135135
2024-02-11,maize,2077.4736842105262
2024-02-12,maize,2147.08
2024-02-13,maize,2151.745
2024-02-14,maize,2157.3555555555554
2024-02-15,maize,2151.251308900524
2024-02-16,maize,2168.257575757576
2024-02-17,maize,2158.8967741935485
2024-02-18,maize,2108.245283018868
2024-02-19,maize,2132.5837320574165
2024-02-20,maize,2149.4177215189875
2024-02-21,maize,2139.6460905349795
2024-02-22,maize,2143.72149122807
2024-02-23,maize,2137.021739130435
2024-02-24,maize,2133.9109589041095
2024-02-25,maize,2109.2
2024-02-26,maize,2158.547738693467
2024-02-27,maize,2162.2428571428572
2024-02-28,maize,2177.039548022599
2024-02-29,maize,2161.594142259414
2024-03-01,maize,2171.336322869955
2024-03-02,maize,2169.3296703296705
2024-03-03,maize,2122.423728813559
2024-03-04,maize,2172.9017094017095
2024-03-05,maize,2176.3681818181817
2024-03-06,maize,2164.85807860262
2024-03-07,maize,2188.1128205128207
2024-03-08,maize,2173.4159292035397
2024-03-09,maize,2168.5736434108526
2024-03-10,maize,2125.68
2024-03-11,maize,2172.892523364486
2024-03-12,maize,2170.0263157894738
2024-03-13,maize,2162.878923766816
2024-03-14,maize,2175.4761904761904
2024-03-15,maize,2150.004255319149
2024-03-16,maize,2149.1780487804876
2024-03-17,maize,2097.109589041096
2024-03-18,maize,2156.5581395348836
2024-03-19,maize,2144.3376623376626
2024-03-20,maize,2143.204255319149
2024-03-21,maize,2155.211155378486
2024-03-22,maize,2151.4851063829788
2024-03-23,maize,2111.1041666666665
2024-03-24,maize,2094.232558139535
2024-03-25,maize,2167.967213114754
2024-03-26,maize,2142.902857142857
2024-03-27,maize,2158.541850220264
2024-03-28,maize,2135.746031746032
2024-03-29,maize,2137.353448275862
2024-03-30,maize,2150.5886524822695
2024-03-31,maize,2085.5402298850577
2024-04-01,maize,2149.0705128205127
2024-04-02,maize,2129.8652849740934
2024-04-03,maize,2110.279069767442
2024-04-04,maize,2133.672811059908
2024-04-05,maize,2120.9151785714284
2024-04-06,maize,2088.3979591836733
2024-04-07,maize,2043.8955223880596
2024-04-08,maize,2125.9418604651164
2024-04-09,maize,2144.0561797752807
2024-04-10,maize,2223.824742268041
2024-04-11,maize,2131.375
2024-04-12,maize,2196.8818897637793
2024-04-13,maize,2114.6739130434785
2024-04-14,maize,2059.035714285714
2024-04-15,maize,2146.030042918455
2024-04-16,maize,2140.6423636363634
2024-04-17,maize,2206.3888888888887
2024-04-18,maize,2132.0112359550562
2024-04-19,maize,2115.621761658031
2024-04-20,maize,2108.913043478261
2024-04-21,maize,2078.8518518518517
2024-04-22,maize,2150.2410714285716
2024-04-23,maize,2142.552147239264
2024-04-24,maize,2127.495575221239
2024-04-25,maize,2125.7403846153848
2024-04-26,maize,2127.413145539906
2024-04-27,maize,2143.2422360248447
2024-04-28,maize,2085.515
2024-04-29,maize,2153.3636363636365
2024-04-30,maize,2123.244131455399
2024-05-01,maize,2127.625954198473
2024-05-02,maize,2149.927556561086
2024-05-03,maize,2126.330700389105
2024-05-04,maize,2126.3802816901407
2024-05-05,maize,2070.086956521739
2024-05-06,maize,2150.2367346938777
2024-05-07,maize,2131.1497326203207
2024-05-08,maize,2148.5533980582522
2024-05-09,maize,2137.5222767857144
2024-05-10,maize,2144.2321428571427
2024-05-11,maize,2152.4805194805194
2024-05-12,maize,2074.5438596491226
2024-05-13,maize,2177.0920245398775
2024-05-14,maize,2142.7035398230087
2024-05-15,maize,2167.0564516129034
2024-05-16,maize,2160.801652892562
2024-05-17,maize,2157.2734375
2024-05-18,maize,2138.4210526315787
2024-05-19,maize,2073.1428571428573
2024-05-20,maize,2161.391111111111
2024-05-21,maize,2163.1300448430493
2024-05-22,maize,2194.3317972350233
2024-05-23,maize,2214.2289156626507
2024-05-24,maize,2186.6309012875536
2024-05-25,maize,2190.4605263157896
2024-05-26,maize,2087.392156862745
2024-05-27,maize,2189.7033898305085
2024-05-28,maize,2204.042857142857
2024-05-29,maize,2218.6872246696034
2024-05-30,maize,2189.126637554585
2024-05-31,maize,2200.964143426295
2024-06-01,maize,2197.8295454545455
2024-06-02,maize,2094.0178571428573
2024-06-03,maize,2215.46261682243
2024-06-04,maize,2215.1648936170213
2024-06-05,maize,2220.178899082569
2024-06-06,maize,2187.5027027027027
2024-06-07,maize,2193.084745762712
2024-06-08,maize,2150.179012345679
2024-06-09,maize,2077.7894736842104
2024-06-10,maize,2209.1441441441443
2024-06-11,maize,2203.535714285714
2024-06-12,maize,2197.029126213592
2024-06-13,maize,2189.8861386138615
2024-06-14,maize,2197.8258928571427
2024-06-15,maize,2161.687116564417
2024-06-16,maize,2058.6393442622953
2024-06-17,maize,2105.762376237624
2024-06-18,maize,2192.4718614718613
2024-06-19,maize,2173.0
2024-06-20,maize,2164.836283185841
2024-06-21,maize,2159.8341463414636
2024-06-22,maize,2138.0
2024-06-23,maize,2069.6184210526317
2024-06-24,maize,2170.141463414634
2024-06-25,maize,2175.208121827411
2024-06-26,maize,2169.060465116279
2024-06-27,maize,2195.8307692307694
2024-06-28,maize,2172.8009708737864
2024-06-29,maize,2177.8882978723404
2024-06-30,maize,2089.6973684210525
2024-07-01,maize,2239.175355450237
2024-07-02,maize,2210.8652849740934
2024-07-03,maize,2230.3571428571427
2024-07-04,maize,2208.6791443850266
2024-07-05,maize,2206.0738636363635
2024-07-06,maize,2206.6686046511627
2024-07-07,maize,2095.622950819672
2024-07-08,maize,2246.0550458715597
2024-07-09,maize,2275.8410256410257
2024-07-10,maize,2312.77
2024-07-11,maize,2277.6206896551726
2024-07-12,maize,2294.597087378641
2024-07-13,maize,2305.8662420382166
2024-07-14,maize,2307.6923076923076
2024-07-15,maize,2346.256038647343
2024-07-16,maize,2395.284263959391
2024-07-17,maize,2393.714285714286
2024-07-18,maize,2376.814814814815
2024-07-19,maize,2388.6367924528304
2024-07-20,maize,2391.2011173184355
2024-07-21,maize,2430.0106382978724
2024-07-22,maize,2405.782608695652
2024-07-23,maize,2394.220657276995
2024-07-24,maize,2403.4471153846152
2024-07-25,maize,2453.580808080808
2024-07-26,maize,2403.0721153846152
2024-07-27,maize,2401.601092896175
2024-07-28,maize,2502.3977272727275
2024-07-29,maize,2430.242718446602
2024-07-30,maize,2421.373205741627
2024-07-31,maize,2410.1502145922746
2024-08-01,maize,2442.072398190045
2024-08-02,maize,2395.9449541284403
2024-08-03,maize,2418.0993788819874
2024-08-04,maize,2536.7727272727275
2024-08-05,maize,2435.557894736842
2024-08-06,maize,2448.2761904761905
2024-08-07,maize,2413.260663507109
2024-08-08,maize,2438.1354679802957
2024-08-09,maize,2422.422680412371
2024-08-10,maize,2442.2360248447203
2024-08-11,maize,2488.6153846153848
2024-08-12,maize,2452.7264573991033
2024-08-13,maize,2411.4329896907216
2024-08-14,maize,2445.8795811518326
2024-08-15,maize,2563.269230769231
2024-08-16,maize,2467.6858638743456
2024-08-17,maize,2441.074712643678
2024-08-18,maize,2575.3815789473683
2024-08-19,maize,2462.4473684210525
2024-08-20,maize,2448.505617977528
2024-08-21,maize,2437.160621761658
2024-08-22,maize,2432.024154589372
2024-08-23,maize,2423.3744292237443
2024-08-24,maize,2453.175675675676
2024-08-25,maize,2567.08
2024-08-26,maize,2470.0709677419354
2024-08-27,maize,2456.4444444444443
2024-08-28,maize,2439.7735849056603
2024-08-29,maize,2483.4427083333335
2024-08-30,maize,2464.1052631578946
2024-08-31,maize,2450.4615384615386
2024-09-01,maize,2581.1643835616437
2024-09-02,maize,2475.266666666667
2024-09-03,maize,2457.1257142857144
2024-09-04,maize,2494.195
2024-09-05,maize,2474.7113402061855
2024-09-06,maize,2479.971291866029
2024-09-07,maize,2492.6015625
2024-09-08,maize,2600.4025974025976
2024-09-09,maize,2494.9747474747473
2024-09-10,maize,2458.221105527638
2024-09-11,maize,2462.1624365482235
2024-09-12,maize,2461.3940886699506
2024-09-13,maize,2440.7109004739336
2024-09-14,maize,2449.635761589404
2024-09-15,maize,2555.6
2024-09-16,maize,2409.0387596899227
2024-09-17,maize,2394.771276595745
2024-09-18,maize,2411.878260869565
2024-09-19,maize,2363.727626459144
2024-09-20,maize,2341.9007352941176
2024-09-21,maize,2310.8050847457625
2024-09-22,maize,2474.71
2024-09-23,maize,2291.898181818182
2024-09-24,maize,2277.3636363636365
2024-09-25,maize,2257.0321285140562
2024-09-26,maize,2277.9812030075186
2024-09-27,maize,2255.4066390041494
2024-09-28,maize,2372.0851063829787
2024-09-29,maize,2519.4148936170213
2024-09-30,maize,2238.7443365695794
2024-10-01,maize,2281.37890625
2024-10-02,maize,2410.1181102362207
2024-10-03,maize,2289.828244274809
2024-10-04,maize,2232.43949044586
2024-10-05,maize,2249.757785467128
2024-10-06,maize,2433.605504587156
2024-10-07,maize,2240.1090342679126
2024-10-08,maize,2223.3278688524592
2024-10-09,maize,2194.32183908046
2024-10-10,maize,2211.718032786885
2024-10-11,maize,2297.603092783505
2024-10-12,maize,2411.696296296296
2024-10-13,maize,2395.3106796116504
2024-10-14,maize,2200.7246753246754
2024-10-15,maize,2170.722077922078
2024-10-16,maize,2185.1354166666665
2024-10-17,maize,2242.2747252747254
2024-10-18,maize,2201.7608695652175
2024-10-19,maize,2200.7671232876714
2024-10-20,maize,2300.231884057971
2024-10-21,maize,2205.393285371703
2024-10-22,maize,2191.434243176179
2024-10-23,maize,2193.6643990929706
2024-10-24,maize,2208.8237986270024
2024-10-25,maize,2234.036170212766
2024-10-26,maize,2236.7888198757764
2024-10-27,maize,2326.777108433735
2024-10-28,maize,2223.987980769231
2024-10-29,maize,2267.7385620915034
2024-10-30,maize,2321.4545454545455
2024-10-31,maize,2446.7710843373493
2024-11-01,maize,2373.598360655738
2024-11-02,maize,2323.8953488372094
2024-11-03,maize,2308.5541401273886
2024-11-04,maize,2244.510739856802
2024-11-05,maize,2209.6876456876457
2024-11-06,maize,2221.9751552795033
2024-11-07,maize,2228.9023354564756
2024-11-08,maize,2223.777777777778
2024-11-09,maize,2248.131964809384
2024-11-10,maize,2291.6737967914437
2024-11-11,maize,2238.605095541401
2024-11-12,maize,2236.959493670886
2024-11-13,maize,2235.4945295404814
2024-11-14,maize,2238.4655581947745
2024-11-15,maize,2262.2084870848707
2024-11-16,maize,2252.4391534391534
2024-11-17,maize,2313.1976744186045
2024-11-18,maize,2274.6867749419953
2024-11-19,maize,2279.3272311212813
2024-11-20,maize,2291.330985915493
2024-11-21,maize,2282.9592760180994
2024-11-22,maize,2286.230588235294
2024-11-23,maize,2327.5986842105262
2024-11-24,maize,2342.2444444444445
2024-11-25,maize,2292.4559471365637
2024-11-26,maize,2299.9447004608296
2024-11-27,maize,2302.6121076233185
2024-11-28,maize,2317.0338164251207
2024-11-29,maize,2458.994708994709
2024-11-30,maize,2358.366666666667
2024-12-01,maize,2269.75
2024-12-02,maize,2299.145584725537
2024-12-03,maize,2294.735849056604
2024-12-04,maize,2290.522891566265
2024-12-05,maize,2290.487244897959
2024-12-06,maize,2296.926436781609
2024-12-07,maize,2304.8232044198894
2024-12-08,maize,2349.9346405228757
2024-12-09,maize,2303.437037037037
2024-12-10,maize,2364.5833333333335
2024-12-11,maize,2342.020172910663
2024-12-12,maize,2318.3695652173915
2024-12-13,maize,2327.186567164179
2024-12-14,maize,2345.430711610487
2024-12-15,maize,2428.3076923076924
2024-12-16,maize,2317.619680851064
2024-12-17,maize,2334.23273657289
2024-12-18,maize,2345.434065934066
2024-12-19,maize,2330.624040920716
2024-12-20,maize,2322.1767676767677
2024-12-21,maize,2335.3421828908554
2024-12-22,maize,2396.9194630872485
2024-12-23,maize,2339.5702917771882
2024-12-24,maize,2341.2781065088757
2024-12-25,maize,2397.7074468085107
2024-12-26,maize,2343.308108108108
2024-12-27,maize,2330.1703296703295
2024-12-28,maize,2349.9224137931033
2024-12-29,maize,2405.9274193548385
2024-12-30,maize,2340.662447257384
2024-12-31,maize,2329.3948863636365
2019-01-01,onion,1086.9818181818182
2019-01-02,onion,1069.8761220825852
2019-01-03,onion,1040.9667832167831
2019-01-04,onion,1116.3996655518395
2019-01-05,onion,1137.527985074627
2019-01-06,onion,1030.4378698224853
2019-01-07,onion,1077.987676056338
2019-01-08,onion,998.2273603082851
2019-01-09,onion,1002.5666666666667
2019-01-10,onion,1101.4494773519164
2019-01-11,onion,1088.0990825688073
2019-01-12,onion,1055.6774891774892
2019-01-13,onion,1061.4186746987953
2019-01-14,onion,1123.776091081594
2019-01-15,onion,1094.8112449799196
2019-01-16,onion,1122.768826619965
2019-01-17,onion,1057.064236111111
2019-01-18,onion,1073.6341463414635
2019-01-19,onion,1065.0129390018485
2019-01-20,onion,994.8944281524927
2019-01-21,onion,1056.8110918544194
2019-01-22,onion,1059.3667262969589
2019-01-23,onion,1071.5604203152363
2019-01-24,onion,1075.4965277777778
2019-01-25,onion,1051.2883895131085
2019-01-26,onion,1059.8753799392098
2019-01-27,onion,983.9361022364217
2019-01-28,onion,1025.6096718480137
2019-01-29,onion,1027.1810193321617
2019-01-30,onion,1014.5913200723327
2019-01-31,onion,1028.8134615384615
2019-02-01,onion,995.7188081936686
2019-02-02,onion,1009.6643109540636
2019-02-03,onion,962.9737609329446
2019-02-04,onion,1000.7708703374778
2019-02-05,onion,991.4956970740103
2019-02-06,onion,998.7482269503546
2019-02-07,onion,977.1732142857143
2019-02-08,onion,988.9561243144424
2019-02-09,onion,958.7443762781186
2019-02-10,onion,921.6221590909091
2019-02-11,onion,962.8848167539267
2019-02-12,onion,975.1237288135593
2019-02-13,onion,992.3424657534247
2019-02-14,onion,980.570652173913
2019-02-15,onion,960.0522388059702
2019-02-16,onion,1009.3395522388059
2019-02-17,onion,921.0746268656717
2019-02-18,onion,928.5
2019-02-19,onion,1009.5630081300814
2019-02-20,onion,950.8511029411765
2019-02-21,onion,966.3374558303886
2019-02-22,onion,955.6118067978533
2019-02-23,onion,968.9332129963899
2019-02-24,onion,894.6676217765043
2019-02-25,onion,936.4626334519573
2019-02-26,onion,937.4583333333334
2019-02-27,onion,948.7347670250896
2019-02-28,onion,981.6178217821782
2019-03-01,onion,957.046421663443
2019-03-02,onion,948.0500963391137
2019-03-03,onion,918.32
2019-03-04,onion,966.4004474272931
2019-03-05,onion,981.8234265734266
2019-03-06,onion,967.9686956521739
2019-03-07,onion,940.0314136125654
2019-03-08,onion,953.1425992779783
2019-03-09,onion,897.2817204301075
2019-03-10,onion,939.6715542521994
2019-03-11,onion,969.1578073089701
2019-03-12,onion,963.4440734557596
2019-03-13,onion,971.8618968386023
2019-03-14,onion,969.7809364548496
2019-03-15,onion,972.3027210884354
2019-03-16,onion,979.7030716723549
2019-03-17,onion,930.9184782608696
2019-03-18,onion,970.4523424878837
2019-03-19,onion,966.320707070707
2019-03-20,onion,990.2461240310078
2019-03-21,onion,1078.029900332226
2019-03-22,onion,964.0734693877552
2019-03-23,onion,976.7404718693285
2019-03-24,onion,899.3622047244095
2019-03-25,onion,976.3460898502495
2019-03-26,onion,964.3853820598007
2019-03-27,onion,987.0800681431006
2019-03-28,onion,964.3123909249564
2019-03-29,onion,969.0183486238532
2019-03-30,onion,979.9066666666666
2019-03-31,onion,923.4440677966102
2019-04-01,onion,960.069090909091
2019-04-02,onion,945.6780821917808
2019-04-03,onion,968.7774086378738
2019-04-04,onion,932.8640939597316
2019-04-05,onion,979.8768115942029
2019-04-06,onion,988.4427184466019
2019-04-07,onion,901.4668508287293
2019-04-08,onion,976.8747884940778
2019-04-09,onion,972.9733333333334
2019-04-10,onion,965.4653130287649
2019-04-11,onion,971.817843866171
2019-04-12,onion,975.3941605839416
2019-04-13,onion,931.1599147121535
2019-04-14,onion,939.0650887573964
2019-04-15,onion,883.0430528375734
2019-04-16,onion,973.0580985915493
2019-04-17,onion,1009.2184154175588
2019-04-18,onion,901.5539714867617
2019-04-19,onion,915.1051401869158
2019-04-20,onion,969.605504587156
2019-04-21,onion,914.7277936962751
2019-04-22,onion,988.3351648351648
2019-04-23,onion,987.4938271604939
2019-04-24,onion,1016.7993197278912
2019-04-25,onion,1045.7447916666667
2019-04-26,onion,1057.2809773123909
2019-04-27,onion,1052.8996212121212
2019-04-28,onion,975.4698412698413
2019-04-29,onion,1071.9131274131273
2019-04-30,onion,1077.875968992248
2019-05-01,onion,995.9105504587156
2019-05-02,onion,1067.0276816608996
2019-05-03,onion,1050.2736842105264
2019-05-04,onion,1086.097514340344
2019-05-05,onion,965.3623595505618
2019-05-06,onion,1090.225749559083
2019-05-07,onion,1101.2986512524085
2019-05-08,onion,1076.3500897666067
2019-05-09,onion,1057.8333333333333
2019-05-10,onion,1076.1301886792453
2019-05-11,onion,1025.628450106157
2019-05-12,onion,1039.5793871866294
2019-05-13,onion,1116.677304964539
2019-05-14,onion,1105.070351758794
2019-05-15,onion,1101.7885304659499
2019-05-16,onion,1142.1666666666667
2019-05-17,onion,1157.8628571428571
2019-05-18,onion,1151.731182795699
2019-05-19,onion,1063.5727272727272
2019-05-20,onion,1139.6918819188193
2019-05-21,onion,1108.7385398981323
2019-05-22,onion,1130.2568965517241
2019-05-23,onion,1149.9628942486086
2019-05-24,onion,1149.9132841328412
2019-05-25,onion,1119.9791666666667
2019-05-26,onion,1049.2848664688427
2019-05-27,onion,1177.2355008787347
2019-05-28,onion,1162.60413080895
2019-05-29,onion,1177.170138888889
2019-05-30,onion,1187.5358422939069
2019-05-31,onion,1266.7280163599182
2019-06-01,onion,1234.235294117647
2019-06-02,onion,1101.0796460176991
2019-06-03,onion,1241.6021505376343
2019-06-04,onion,1239.5744680851064
2019-06-05,onion,1138.1507936507937
2019-06-06,onion,1250.2442307692309
2019-06-07,onion,1253.0840950639854
2019-06-08,onion,1136.3741794310722
2019-06-09,onion,1154.368131868132
2019-06-10,onion,1277.391156462585
2019-06-11,onion,1303.6655405405406
2019-06-12,onion,1344.1938775510205
2019-06-13,onion,1335.1318101933216
2019-06-14,onion,1314.9221014492753
2019-06-15,onion,1353.3706563706564
2019-06-16,onion,1212.6033994334277
2019-06-17,onion,1364.7226277372263
2019-06-18,onion,1393.0320404721754
2019-06-19,onion,1343.8508474576272
2019-06-20,onion,1379.3053173241854
2019-06-21,onion,1359.2229845626073
2019-06-22,onion,1431.3236889692587
2019-06-23,onion,1256.6128133704735
2019-06-24,onion,1423.025337837838
2019-06-25,onion,1399.9175347222222
2019-06-26,onion,1404.8662230215828
2019-06-27,onion,1444.2635379061371
2019-06-28,onion,1401.9637404580153
2019-06-29,onion,1416.808
2019-06-30,onion,1304.4375
2019-07-01,onion,1466.807619047619
2019-07-02,onion,1462.0756143667297
2019-07-03,onion,1449.0098743267504
2019-07-04,onion,1471.2257462686566
2019-07-05,onion,1462.2110507246377
2019-07-06,onion,1479.442528735632
2019-07-07,onion,1422.5524861878453
2019-07-08,onion,1518.185025817556
2019-07-09,onion,1510.4700704225352
2019-07-10,onion,1503.3170955882354
2019-07-11,onion,1502.4311594202898
2019-07-12,onion,1536.0716981132075
2019-07-13,onion,1436.9293598233996
2019-07-14,onion,1405.6017191977078
2019-07-15,onion,1578.4076655052265
2019-07-16,onion,1572.8620071684588
2019-07-17,onion,1602.6018998272884
2019-07-18,onion,1602.5867697594501
2019-07-19,onion,1579.934034416826
2019-07-20,onion,1582.5748613678372
2019-07-21,onion,1419.7945619335349
2019-07-22,onion,1590.392670157068
2019-07-23,onion,1572.0734265734266
2019-07-24,onion,1592.1022927689594
2019-07-25,onion,1559.2325141776937
2019-07-26,onion,1570.8314606741574
2019-07-27,onion,1605.9029702970297
2019-07-28,onion,1515.2331288343557
2019-07-29,onion,1603.6901279707495
2019-07-30,onion,1586.7798165137615
2019-07-31,onion,1526.1620469083155
2019-08-01,onion,1643.145914396887
2019-08-02,onion,1629.7412844036696
2019-08-03,onion,1619.1622641509434
2019-08-04,onion,1532.5072463768115
2019-08-05,onion,1654.1587301587301
2019-08-06,onion,1629.2639138240575
2019-08-07,onion,1616.7773722627737
2019-08-08,onion,1644.9605263157894
2019-08-09,onion,1622.0541666666666
2019-08-10,onion,1592.75
2019-08-11,onion,1558.8452722063037
2019-08-12,onion,1677.6495098039215
2019-08-13,onion,1710.0130597014925
2019-08-14,onion,1715.9510869565217
2019-08-15,onion,1805.751879699248
2019-08-16,onion,1761.7304015296368
2019-08-17,onion,1818.81906614786
2019-08-18,onion,1668.6125356125356
2019-08-19,onion,1846.8621908127209
2019-08-20,onion,1949.9436363636364
2019-08-21,onion,1968.667870036101
2019-08-22,onion,2072.6586270871985
2019-08-23,onion,2055.1103603603606
2019-08-24,onion,2153.5799180327867
2019-08-25,onion,2034.4121212121213
2019-08-26,onion,2267.0035650623886
2019-08-27,onion,2275.9099264705883
2019-08-28,onion,2274.598076923077
2019-08-29,onion,2412.082746478873
2019-08-30,onion,2431.3456790123455
2019-08-31,onion,2433.5207468879667
2019-09-01,onion,2288.588785046729
2019-09-02,onion,2436.483168316832
2019-09-03,onion,2452.059040590406
2019-09-04,onion,2458.964285714286
2019-09-05,onion,2443.8689407540396
2019-09-06,onion,2509.1100917431195
2019-09-07,onion,2476.2471042471043
2019-09-08,onion,2443.4670658682635
2019-09-09,onion,2501.486187845304
2019-09-10,onion,2481.2467248908297
2019-09-11,onion,2404.423597678917
2019-09-12,onion,2471.628151260504
2019-09-13,onion,2498.2880658436216
2019-09-14,onion,2530.0678733031673
2019-09-15,onion,2572.60843373494
2019-09-16,onion,2750.649090909091
2019-09-17,onion,2786.269372693727
2019-09-18,onion,2892.2224264705883
2019-09-19,onion,2989.733705772812
2019-09-20,onion,3140.364541832669
2019-09-21,onion,3214.3394077448747
2019-09-22,onion,3241.0516129032258
2019-09-23,onion,3430.7175732217574
2019-09-24,onion,3594.4968287526426
2019-09-25,onion,3676.7063829787235
2019-09-26,onion,3741.4505263157894
2019-09-27,onion,3645.8432671081678
2019-09-28,onion,3714.7433414043585
2019-09-29,onion,3668.7816091954023
2019-09-30,onion,3748.1317647058822
2019-10-01,onion,3704.682572614108
2019-10-02,onion,3682.6720430107525
2019-10-03,onion,3584.019230769231
2019-10-04,onion,3540.3406813627253
2019-10-05,onion,3471.175675675676
2019-10-06,onion,3418.690391459075
2019-10-07,onion,3545.7607655502393
2019-10-08,onion,3548.737662337662
2019-10-09,onion,3556.6852207293664
2019-10-10,onion,3504.916504854369
2019-10-11,onion,3528.689378757515
2019-10-12,onion,3418.3911007025763
2019-10-13,onion,3394.817610062893
2019-10-14,onion,3491.592030360531
2019-10-15,onion,3416.6959064327484
2019-10-16,onion,3389.6098484848485
2019-10-17,onion,3358.2306985294117
2019-10-18,onion,3319.132075471698
2019-10-19,onion,3316.0534653465347
2019-10-20,onion,3303.9490445859874
2019-10-21,onion,3334.040254237288
2019-10-22,onion,3301.9192660550457
2019-10-23,onion,3330.441005802708
2019-10-24,onion,3327.9094412331406
2019-10-25,onion,3418.202614379085
2019-10-26,onion,3507.709944751381
2019-10-27,onion,3364.3714285714286
2019-10-28,onion,3526.6611842105262
2019-10-29,onion,3449.034574468085
2019-10-30,onion,3429.037037037037
2019-10-31,onion,3462.548888888889
2019-11-01,onion,3578.7347826086957
2019-11-02,onion,3698.4098712446353
2019-11-03,onion,3658.72695035461
2019-11-04,onion,3921.340336134454
2019-11-05,onion,3971.326666666667
2019-11-06,onion,4155.857142857143
2019-11-07,onion,4211.848758465011
2019-11-08,onion,4229.509132420091
2019-11-09,onion,4111.303303303303
2019-11-10,onion,4117.344537815126
2019-11-11,onion,4359.839449541284
2019-11-12,onion,4319.286908077995
2019-11-13,onion,4373.2831050228315
2019-11-14,onion,4357.854875283447
2019-11-15,onion,4430.392682926829
2019-11-16,onion,4255.171215880893
2019-11-17,onion,4189.476014760147
2019-11-18,onion,4369.308026030369
2019-11-19,onion,4452.619385342789
2019-11-20,onion,4615.802352941177
2019-11-21,onion,4641.069879518072
2019-11-22,onion,4745.251351351351
2019-11-23,onion,4804.086153846154
2019-11-24,onion,4574.145833333333
2019-11-25,onion,5020.641566265061
2019-11-26,onion,5022.851735015773
2019-11-27,onion,5087.372239747634
2019-11-28,onion,5014.8057324840765
2019-11-29,onion,4935.53220338983
2019-11-30,onion,5151.3735408560315
2019-12-01,onion,4929.78313253012
2019-12-02,onion,5792.0809248554915
2019-12-03,onion,6058.214285714285
2019-12-04,onion,6527.431506849315
2019-12-05,onion,6688.754966887417
2019-12-06,onion,6784.4094488188975
2019-12-07,onion,6705.181034482759
2019-12-08,onion,5786.507936507936
2019-12-09,onion,6413.106060606061
2019-12-10,onion,5718.875968992248
2019-12-11,onion,5902.11475409836
2019-12-12,onion,5805.744
2019-12-13,onion,5984.064220183486
2019-12-14,onion,6174.125
2019-12-15,onion,5987.457142857143
2019-12-16,onion,6452.572463768116
2019-12-17,onion,6477.3
2019-12-18,onion,6731.284552845528
2019-12-19,onion,6724.214876033057
2019-12-20,onion,6429.887931034483
2019-12-21,onion,6249.890756302521
2019-12-22,onion,5827.982456140351
2019-12-23,onion,6146.459677419355
2019-12-24,onion,6164.645669291339
2019-12-25,onion,5982.966666666666
2019-12-26,onion,6241.642276422765
2019-12-27,onion,6475.68
2019-12-28,onion,6035.75
2019-12-29,onion,5707.890625
2019-12-30,onion,5712.856060606061
2019-12-31,onion,5199.927419354839
2020-01-01,onion,6358.834782608696
2020-01-02,onion,5795.810473815462
2020-01-03,onion,6060.322175732217
2020-01-04,onion,5874.30021141649
2020-01-05,onion,5583.510416666667
2020-01-06,onion,5520.3450292397665
2020-01-07,onion,5402.571157495257
2020-01-08,onion,4957.896396396396
2020-01-09,onion,5159.3744939271255
2020-01-10,onion,4981.84243697479
2020-01-11,onion,4635.835078534032
2020-01-12,onion,4705.442307692308
2020-01-13,onion,4488.651837524178
2020-01-14,onion,4511.721739130435
2020-01-15,onion,4367.352051835853
2020-01-16,onion,4447.9742574257425
2020-01-17,onion,4311.350100603621
2020-01-18,onion,4276.056565656566
2020-01-19,onion,4230.18064516129
2020-01-20,onion,4331.814814814815
2020-01-21,onion,4203.12331406551
2020-01-22,onion,4295.6015625
2020-01-23,onion,4188.842942345925
2020-01-24,onion,4165.627049180328
2020-01-25,onion,3973.5864332603937
2020-01-26,onion,3984.4470046082947
2020-01-27,onion,3825.952427184466
2020-01-28,onion,3669.6877394636017
2020-01-29,onion,3720.2448559670784
2020-01-30,onion,3623.014492753623
2020-01-31,onion,3591.918735891648
2020-02-01,onion,3600.598187311178
2020-02-02,onion,3473.570281124498
2020-02-03,onion,3341.8260869565215
2020-02-04,onion,3254.0770925110132
2020-02-05,onion,3187.774358974359
2020-02-06,onion,2738.3287197231834
2020-02-07,onion,2908.4327628361857
2020-02-08,onion,2923.025
2020-02-09,onion,2871.841945288754
2020-02-10,onion,2802.964015151515
2020-02-11,onion,2768.775092936803
2020-02-12,onion,2746.2274436090224
2020-02-13,onion,2700.2456813819576
2020-02-14,onion,2678.098
2020-02-15,onion,2593.4103092783507
2020-02-16,onion,2588.435064935065
2020-02-17,onion,2600.2115384615386
2020-02-18,onion,2578.39453125
2020-02-19,onion,2596.8224489795916
2020-02-20,onion,2584.157258064516
2020-02-21,onion,2514.188679245283
2020-02-22,onion,2536.3374233128834
2020-02-23,onion,2554.030821917808
2020-02-24,onion,2511.1634980988592
2020-02-25,onion,2431.435039370079
2020-02-26,onion,2413.8232931726907
2020-02-27,onion,2380.232824427481
2020-02-28,onion,2359.4050880626223
2020-02-29,onion,2398.1455399061033
2020-03-01,onion,2399.2694063926942
2020-03-02,onion,2343.6576576576576
2020-03-03,onion,2302.2881002087684
2020-03-04,onion,2315.566929133858
2020-03-05,onion,2258.2930056710775
2020-03-06,onion,2237.112474437628
2020-03-07,onion,2228.9279475982535
2020-03-08,onion,2188.0581818181818
2020-03-09,onion,2261.995327102804
2020-03-10,onion,2488.296875
2020-03-11,onion,2234.2719665271966
2020-03-12,onion,2166.8
2020-03-13,onion,2196.245508982036
2020-03-14,onion,2120.2780373831774
2020-03-15,onion,2157.922558922559
2020-03-16,onion,2131.270220588235
2020-03-17,onion,2077.4285714285716
2020-03-18,onion,2122.1756007393715
2020-03-19,onion,2094.382575757576
2020-03-20,onion,2093.80206185567
2020-03-21,onion,2070.560794044665
2020-03-22,onion,2212.9253731343283
2020-03-23,onion,2223.9685714285715
2020-03-24,onion,2330.529411764706
2020-03-25,onion,2508.8882681564246
2020-03-26,onion,2460.6777251184835
2020-03-27,onion,2424.4150943396226
2020-03-28,onion,2303.7714285714287
2020-03-29,onion,2389.795580110497
2020-03-30,onion,2514.9134948096885
2020-03-31,onion,2359.5898876404494
2020-04-01,onion,2266.827242524917
2020-04-02,onion,2258.047904191617
2020-04-03,onion,2170.0714285714284
2020-04-04,onion,2132.0380710659897
2020-04-05,onion,2097.044673539519
2020-04-06,onion,2118.3075060532688
2020-04-07,onion,1958.679069767442
2020-04-08,onion,2002.3383084577115
2020-04-09,onion,1926.5438596491229
2020-04-10,onion,1837.384196185286
2020-04-11,onion,1836.2396694214876
2020-04-12,onion,1893.4857142857143
2020-04-13,onion,1933.7181372549019
2020-04-14,onion,1733.4732620320856
2020-04-15,onion,1827.45498783455
2020-04-16,onion,1791.7524038461538
2020-04-17,onion,1713.7231503579953
2020-04-18,onion,1683.3228155339805
2020-04-19,onion,1676.6405693950178
2020-04-20,onion,1704.0342298288508
2020-04-21,onion,1624.273381294964
2020-04-22,onion,1596.72040302267
2020-04-23,onion,1611.1460957178842
2020-04-24,onion,1578.9419191919192
2020-04-25,onion,1547.5456852791879
2020-04-26,onion,1508.2539682539682
2020-04-27,onion,1527.8913580246913
2020-04-28,onion,1493.8394160583941
2020-04-29,onion,1493.0698795180722
2020-04-30,onion,1458.3385416666667
2020-05-01,onion,1424.1027397260275
2020-05-02,onion,1446.0956284153006
2020-05-03,onion,1420.6882129277567
2020-05-04,onion,1456.578947368421
2020-05-05,onion,1390.9116279069767
2020-05-06,onion,1364.2652173913043
2020-05-07,onion,1402.788029925187
2020-05-08,onion,1279.947963800905
2020-05-09,onion,1319.6496163682864
2020-05-10,onion,1379.0037593984962
2020-05-11,onion,1304.4890350877192
2020-05-12,onion,1302.5746606334842
2020-05-13,onion,1296.0175824175824
2020-05-14,onion,1239.1881838074398
2020-05-15,onion,1218.4279569892474
2020-05-16,onion,1203.686230248307
2020-05-17,onion,1208.8662420382166
2020-05-18,onion,1187.482474226804
2020-05-19,onion,1169.8940677966102
2020-05-20,onion,1187.2619542619543
2020-05-21,onion,1144.1518987341772
2020-05-22,onion,1123.7246049661399
2020-05-23,onion,1170.288990825688
2020-05-24,onion,1119.0284810126582
2020-05-25,onion,1193.486284289277
2020-05-26,onion,1118.1635610766045
2020-05-27,onion,1157.182186234818
2020-05-28,onion,1125.2974683544303
2020-05-29,onion,1124.9315352697095
2020-05-30,onion,1099.436936936937
2020-05-31,onion,1160.4022556390978
2020-06-01,onion,1139.4504021447722
2020-06-02,onion,1137.708830022075
2020-06-03,onion,1148.784067085954
2020-06-04,onion,1132.5770791075051
2020-06-05,onion,1074.1179704016913
2020-06-06,onion,1127.4453961456102
2020-06-07,onion,1097.4685534591194
2020-06-08,onion,1163.6490196078432
2020-06-09,onion,1155.0931640625
2020-06-10,onion,1199.1679841897233
2020-06-11,onion,1181.700205338809
2020-06-12,onion,1177.009533898305
2020-06-13,onion,1126.1518987341772
2020-06-14,onion,1172.4700657894737
2020-06-15,onion,1212.0877263581488
2020-06-16,onion,1220.668
2020-06-17,onion,1224.2931392931393
2020-06-18,onion,1259.4741035856573
2020-06-19,onion,1257.1636726546906
2020-06-20,onion,1269.4022222222222
2020-06-21,onion,1280.6389891696751
2020-06-22,onion,1258.166344294004
2020-06-23,onion,1256.2510288065844
2020-06-24,onion,1257.604
2020-06-25,onion,1263.7194388777555
2020-06-26,onion,1239.1635991820042
2020-06-27,onion,1270.552132701422
2020-06-28,onion,1274.9702602230484
2020-06-29,onion,1287.4080808080807
2020-06-30,onion,1286.122767857143
2020-07-01,onion,1341.9191616766468
2020-07-02,onion,1327.3310185185185
2020-07-03,onion,1310.6744730679156
2020-07-04,onion,1292.7725118483413
2020-07-05,onion,1294.040650406504
2020-07-06,onion,1357.37875751503
2020-07-07,onion,1314.4979919678715
2020-07-08,onion,1326.8340163934427
2020-07-09,onion,1320.3202479338843
2020-07-10,onion,1282.591489361702
2020-07-11,onion,1291.1740331491712
2020-07-12,onion,1354.7844827586207
2020-07-13,onion,1310.1072124756336
2020-07-14,onion,1310.4618473895582
2020-07-15,onion,1308.2367346938775
2020-07-16,onion,1319.4771784232364
2020-07-17,onion,1271.3651452282159
2020-07-18,onion,1308.6739130434783
2020-07-19,onion,1270.0535714285713
2020-07-20,onion,1281.587982832618
2020-07-21,onion,1282.5783365570599
2020-07-22,onion,1275.9307692307693
2020-07-23,onion,1231.9159663865546
2020-07-24,onion,1272.5564516129032
2020-07-25,onion,1277.5951742627346
2020-07-26,onion,1311.431279620853
2020-07-27,onion,1292.961693548387
2020-07-28,onion,1239.4285714285713
2020-07-29,onion,1230.8837209302326
2020-07-30,onion,1250.2128099173553
2020-07-31,onion,1213.549504950495
2020-08-01,onion,1442.9740932642487
2020-08-02,onion,1413.551219512195
2020-08-03,onion,1404.0674157303372
2020-08-04,onion,1302.3870246085012
2020-08-05,onion,1246.1041666666667
2020-08-06,onion,1282.2715789473684
2020-08-07,onion,1239.2729166666666
2020-08-08,onion,1237.671469740634
2020-08-09,onion,1342.5111111111112
2020-08-10,onion,1298.6094674556214
2020-08-11,onion,1278.009900990099
2020-08-12,onion,1344.5514874141877
2020-08-13,onion,1273.5392561983472
2020-08-14,onion,1324.2781316348196
2020-08-15,onion,1374.8350168350169
2020-08-16,onion,1381.1598360655737
2020-08-17,onion,1351.6538461538462
2020-08-18,onion,1403.5301204819277
2020-08-19,onion,1424.981288981289
2020-08-20,onion,1427.3257403189066
2020-08-21,onion,1429.6658227848102
2020-08-22,onion,1449.973372781065
2020-08-23,onion,1551.3800904977375
2020-08-24,onion,1471.7807933194154
2020-08-25,onion,1513.728880157171
2020-08-26,onion,1535.9920477137177
2020-08-27,onion,1523.4632653061224
2020-08-28,onion,1537.5278350515464
2020-08-29,onion,1581.8814814814814
2020-08-30,onion,1618.924778761062
2020-08-31,onion,1451.2070588235295
2020-09-01,onion,1596.4495114006515
2020-09-02,onion,1594.7421524663678
2020-09-03,onion,1692.5337423312883
2020-09-04,onion,1766.6221294363256
2020-09-05,onion,1757.2931442080378
2020-09-06,onion,1928.1527777777778
2020-09-07,onion,1819.2483940042825
2020-09-08,onion,1834.819502074689
2020-09-09,onion,1943.8490566037735
2020-09-10,onion,1929.4291666666666
2020-09-11,onion,1945.7839643652562
2020-09-12,onion,2054.5125628140704
2020-09-13,onion,2087.5564516129034
2020-09-14,onion,2142.1466395112016
2020-09-15,onion,2222.824528301887
2020-09-16,onion,2246.3698113207547
2020-09-17,onion,2331.760824742268
2020-09-18,onion,2346.0513833992095
2020-09-19,onion,2332.141649048626
2020-09-20,onion,2403.9800796812747
2020-09-21,onion,2546.8675889328065
2020-09-22,onion,2644.224652087475
2020-09-23,onion,2786.0651731160897
2020-09-24,onion,2822.5302713987476
2020-09-25,onion,2937.3307888040713
2020-09-26,onion,2930.141463414634
2020-09-27,onion,2970.771551724138
2020-09-28,onion,3039.6135881104033
2020-09-29,onion,3062.76
2020-09-30,onion,3146.2286995515697
2020-10-01,onion,3224.276595744681
2020-10-02,onion,3109.88785046729
2020-10-03,onion,3113.981735159817
2020-10-04,onion,3091.0247933884298
2020-10-05,onion,3147.182194616977
2020-10-06,onion,3084.3763213530656
2020-10-07,onion,3123.457142857143
2020-10-08,onion,3188.2355371900826
2020-10-09,onion,3073.046296296296
2020-10-10,onion,3087.0117096018735
2020-10-11,onion,3091.988888888889
2020-10-12,onion,3240.092885375494
2020-10-13,onion,3372.499040307102
2020-10-14,onion,3419.946611909651
2020-10-15,onion,3442.521327014218
2020-10-16,onion,3359.1144164759726
2020-10-17,onion,3449.768674698795
2020-10-18,onion,3258.5676855895194
2020-10-19,onion,3825.68909512761
2020-10-20,onion,3933.3230403800476
2020-10-21,onion,4344.568674698795
2020-10-22,onion,4512.633587786259
2020-10-23,onion,4557.897172236504
2020-10-24,onion,4451.520231213873
2020-10-25,onion,4511.719387755102
2020-10-26,onion,4634.654285714286
2020-10-27,onion,4850.756880733945
2020-10-28,onion,4880.784360189574
2020-10-29,onion,4592.84541062802
2020-10-30,onion,4817.468193384224
2020-10-31,onion,4606.056451612903
2020-11-01,onion,4613.791443850268
2020-11-02,onion,4748.53919239905
2020-11-03,onion,4757.385744234801
2020-11-04,onion,4609.425925925926
2020-11-05,onion,4544.4789915966385
2020-11-06,onion,4381.8456790123455
2020-11-07,onion,4323.822649572649
2020-11-08,onion,4327.41605839416
2020-11-09,onion,4319.076767676767
2020-11-10,onion,4282.013752455796
2020-11-11,onion,4183.829918032787
2020-11-12,onion,4267.836734693878
2020-11-13,onion,4324.12401055409
2020-11-14,onion,4362.635555555556
2020-11-15,onion,4211.973333333333
2020-11-16,onion,4255.031662269129
2020-11-17,onion,4137.008695652174
2020-11-18,onion,4116.37052631579
2020-11-19,onion,4137.338775510204
2020-11-20,onion,4154.212058212058
2020-11-21,onion,4025.1762114537446
2020-11-22,onion,4014.8486055776893
2020-11-23,onion,4187.329523809523
2020-11-24,onion,4159.1651031894935
2020-11-25,onion,4181.569744597249
2020-11-26,onion,3914.973509933775
2020-11-27,onion,4095.039501039501
2020-11-28,onion,3925.488425925926
2020-11-29,onion,3844.764957264957
2020-11-30,onion,4034.129268292683
2020-12-01,onion,3875.7437325905294
2020-12-02,onion,3741.3369098712446
2020-12-03,onion,3619.5995850622407
2020-12-04,onion,3514.4803921568628
2020-12-05,onion,3427.1525054466233
2020-12-06,onion,3410.1158301158302
2020-12-07,onion,3298.9058380414313
2020-12-08,onion,3349.45
2020-12-09,onion,3255.618320610687
2020-12-10,onion,3228.8375733855187
2020-12-11,onion,3238.541910331384
2020-12-12,onion,3174.103837471783
2020-12-13,onion,3127.2565055762084
2020-12-14,onion,3247.1873767258385
2020-12-15,onion,3186.102079395085
2020-12-16,onion,3119.3488372093025
2020-12-17,onion,3035.089285714286
2020-12-18,onion,2919.230769230769
2020-12-19,onion,2793.1113402061856
2020-12-20,onion,2725.498181818182
2020-12-21,onion,2722.6205673758864
2020-12-22,onion,2621.2913669064747
2020-12-23,onion,2554.0298507462685
2020-12-24,onion,2565.8596837944665
2020-12-25,onion,2412.86815920398
2020-12-26,onion,2478.923076923077
2020-12-27,onion,2502.5666666666666
2020-12-28,onion,2539.498062015504
2020-12-29,onion,2521.7052441229657
2020-12-30,onion,2563.1961538461537
2020-12-31,onion,2544.2889344262294
2021-01-01,onion,2535.728723404255
2021-01-02,onion,2535.058064516129
2021-01-03,onion,2488.053435114504
2021-01-04,onion,2651.374524714829
2021-01-05,onion,2689.3176691729323
2021-01-06,onion,2764.875
2021-01-07,onion,2801.279411764706
2021-01-08,onion,2798.3473684210526
2021-01-09,onion,2748.2899262899264
2021-01-10,onion,2744.4264150943395
2021-01-11,onion,2977.6751467710374
2021-01-12,onion,2974.411522633745
2021-01-13,onion,3005.2713987473903
2021-01-14,onion,2975.9505376344086
2021-01-15,onion,2925.1437246963565
2021-01-16,onion,2843.3824701195217
2021-01-17,onion,2761.1577181208054
2021-01-18,onion,2906.0662139219016
2021-01-19,onion,2888.845070422535
2021-01-20,onion,2904.7620817843867
2021-01-21,onion,2875.1649122807016
2021-01-22,onion,2811.090909090909
2021-01-23,onion,2831.425925925926
2021-01-24,onion,2674.836298932384
2021-01-25,onion,2788.942028985507
2021-01-26,onion,2751.278523489933
2021-01-27,onion,2766.475587703436
2021-01-28,onion,2758.748046875
2021-01-29,onion,2731.500945179584
2021-01-30,onion,2764.8493723849374
2021-01-31,onion,2827.492
2021-02-01,onion,3002.9813829787236
2021-02-02,onion,3005.444680851064
2021-02-03,onion,3110.639603960396
2021-02-04,onion,3141.009505703422
2021-02-05,onion,3176.4762808349146
2021-02-06,onion,3164.163967611336
2021-02-07,onion,3026.1091549295775
2021-02-08,onion,3239.957089552239
2021-02-09,onion,3254.4175824175823
2021-02-10,onion,3325.373161764706
2021-02-11,onion,3284.948717948718
2021-02-12,onion,3307.3067961165048
2021-02-13,onion,3227.6425438596493
2021-02-14,onion,3172.539249146758
2021-02-15,onion,3410.6711281070748
2021-02-16,onion,3450.7064393939395
2021-02-17,onion,3463.336917562724
2021-02-18,onion,3491.3545454545456
2021-02-19,onion,3534.8015267175574
2021-02-20,onion,3551.6782786885246
2021-02-21,onion,3416.5275862068966
2021-02-22,onion,3684.257769652651
2021-02-23,onion,3687.6591760299625
2021-02-24,onion,3631.130769230769
2021-02-25,onion,3496.3057090239413
2021-02-26,onion,3451.7648183556407
2021-02-27,onion,3317.6160714285716
2021-02-28,onion,3206.530612244898
2021-03-01,onion,3216.3719806763283
2021-03-02,onion,3046.5296442687745
2021-03-03,onion,3100.9446494464946
2021-03-04,onion,2979.5391969407265
2021-03-05,onion,2930.839285714286
2021-03-06,onion,2866.5158286778396
2021-03-07,onion,2782.4
2021-03-08,onion,2672.8123924268502
2021-03-09,onion,2604.6295652173912
2021-03-10,onion,2499.9122807017543
2021-03-11,onion,2426.045226130653
2021-03-12,onion,2349.7659963436927
2021-03-13,onion,2335.8760683760684
2021-03-14,onion,2363.108108108108
2021-03-15,onion,2262.3867120954005
2021-03-16,onion,2206.9982238010657
2021-03-17,onion,2159.2903811252268
2021-03-18,onion,2137.937969924812
2021-03-19,onion,2064.5578358208954
2021-03-20,onion,2015.2435643564356
2021-03-21,onion,1975.5891719745223
2021-03-22,onion,1860.834179357022
2021-03-23,onion,1819.3807890222984
2021-03-24,onion,1759.2538330494037
2021-03-25,onion,1782.586879432624
2021-03-26,onion,1782.878587196468
2021-03-27,onion,1755.0546697038724
2021-03-28,onion,1768.8122270742358
2021-03-29,onion,1878.1
2021-03-30,onion,1742.0021505376344
2021-03-31,onion,1696.7938596491229
2021-04-01,onion,1622.8877887788778
2021-04-02,onion,1534.323287671233
2021-04-03,onion,1591.4377593360996
2021-04-04,onion,1579.2372881355932
2021-04-05,onion,1536.1377459749554
2021-04-06,onion,1520.8074074074075
2021-04-07,onion,1541.5470692717583
2021-04-08,onion,1520.291296625222
2021-04-09,onion,1556.7746212121212
2021-04-10,onion,1546.9718969555036
2021-04-11,onion,1572.3358490566038
2021-04-12,onion,1563.9701492537313
2021-04-13,onion,1566.7088353413656
2021-04-14,onion,1481.5812807881773
2021-04-15,onion,1534.461693548387
2021-04-16,onion,1509.1628787878788
2021-04-17,onion,1551.9416666666666
2021-04-18,onion,1541.2037914691944
2021-04-19,onion,1503.5010060362174
2021-04-20,onion,1518.9734848484848
2021-04-21,onion,1551.173245614035
2021-04-22,onion,1495.4950495049504
2021-04-23,onion,1534.1676646706587
2021-04-24,onion,1559.786301369863
2021-04-25,onion,1558.7640449438202
2021-04-26,onion,1520.1458773784354
2021-04-27,onion,1555.5782178217821
2021-04-28,onion,1562.3575525812619
2021-04-29,onion,1546.702868852459
2021-04-30,onion,1582.7844444444445
2021-05-01,onion,1585.6172248803828
2021-05-02,onion,1614.725352112676
2021-05-03,onion,1599.293453724605
2021-05-04,onion,1583.002004008016
2021-05-05,onion,1581.065868263473
2021-05-06,onion,1602.8840864440078
2021-05-07,onion,1605.2654867256638
2021-05-08,onion,1621.6308539944903
2021-05-09,onion,1571.0728155339805
2021-05-10,onion,1624.1962025316457
2021-05-11,onion,1623.8736616702356
2021-05-12,onion,1635.1023454157782
2021-05-13,onion,1594.9290953545233
2021-05-14,onion,1689.1638418079096
2021-05-15,onion,1631.1391076115485
2021-05-16,onion,1645.6547085201794
2021-05-17,onion,1640.5991471215352
2021-05-18,onion,1621.429158110883
2021-05-19,onion,1622.2516556291391
2021-05-20,onion,1618.8471615720523
2021-05-21,onion,1595.1494252873563
2021-05-22,onion,1673.8095238095239
2021-05-23,onion,1675.7533632286995
2021-05-24,onion,1704.1242362525459
2021-05-25,onion,1675.014553014553
2021-05-26,onion,1709.6599552572707
2021-05-27,onion,1728.2636165577342
2021-05-28,onion,1712.937238493724
2021-05-29,onion,1748.8705583756346
2021-05-30,onion,1681.9406392694063
2021-05-31,onion,1789.568376068376
2021-06-01,onion,1834.4383561643835
2021-06-02,onion,1865.8760869565217
2021-06-03,onion,1849.0603621730381
2021-06-04,onion,1832.3264462809918
2021-06-05,onion,1855.3723150357996
2021-06-06,onion,1801.4054054054054
2021-06-07,onion,1904.588
2021-06-08,onion,1921.059925093633
2021-06-09,onion,1935.2879078694818
2021-06-10,onion,1928.3196721311476
2021-06-11,onion,1989.6040404040405
2021-06-12,onion,1964.9661835748793
2021-06-13,onion,1919.2941176470588
2021-06-14,onion,1941.490494296578
2021-06-15,onion,1987.2184557438795
2021-06-16,onion,1996.1601489757913
2021-06-17,onion,2062.0130353817503
2021-06-18,onion,2055.1483622350675
2021-06-19,onion,2020.7915742793791
2021-06-20,onion,1981.7951807228915
2021-06-21,onion,2106.9186691312384
2021-06-22,onion,2111.841603053435
2021-06-23,onion,2161.4729981378027
2021-06-24,onion,2140.1397205588823
2021-06-25,onion,2155.4455645161293
2021-06-26,onion,2139.9932584269663
2021-06-27,onion,2113.904761904762
2021-06-28,onion,2182.9438202247193
2021-06-29,onion,2157.1988636363635
2021-06-30,onion,2228.156186612576
2021-07-01,onion,2230.601604278075
2021-07-02,onion,2223.0379746835442
2021-07-03,onion,2181.959227467811
2021-07-04,onion,2150.9763779527557
2021-07-05,onion,2200.3204419889503
2021-07-06,onion,2160.778827977316
2021-07-07,onion,2197.947080291971
2021-07-08,onion,2183.7096188747732
2021-07-09,onion,2198.4479371316306
2021-07-10,onion,2178.516355140187
2021-07-11,onion,2137.2047244094488
2021-07-12,onion,2191.1755725190837
2021-07-13,onion,2176.6424361493123
2021-07-14,onion,2181.215351812367
2021-07-15,onion,2169.1487758945386
2021-07-16,onion,2167.359073359073
2021-07-17,onion,2099.0126050420167
2021-07-18,onion,2136.223107569721
2021-07-19,onion,2184.5932835820895
2021-07-20,onion,2167.9332061068703
2021-07-21,onion,2173.2842105263157
2021-07-22,onion,2122.3288461538464
2021-07-23,onion,2162.7173489278753
2021-07-24,onion,2152.2297297297296
2021-07-25,onion,2117.677966101695
2021-07-26,onion,2175.5317164179105
2021-07-27,onion,2194.0985130111526
2021-07-28,onion,2171.990566037736
2021-07-29,onion,2157.466135458167
2021-07-30,onion,2172.058
2021-07-31,onion,2116.9176201372998
2021-08-01,onion,2126.929347826087
2021-08-02,onion,2113.259860788863
2021-08-03,onion,2127.075356415479
2021-08-04,onion,2115.3189823874754
2021-08-05,onion,2177.3283261802576
2021-08-06,onion,2118.5550847457625
2021-08-07,onion,2121.7914979757084
2021-08-08,onion,2109.824267782427
2021-08-09,onion,2110.1512096774195
2021-08-10,onion,2110.4095063985374
2021-08-11,onion,2099.613508442777
2021-08-12,onion,2097.3721374045804
2021-08-13,onion,2153.57225433526
2021-08-14,onion,2115.4008620689656
2021-08-15,onion,2120.9727272727273
2021-08-16,onion,2124.8849721706865
2021-08-17,onion,2092.2132352941176
2021-08-18,onion,2102.673545966229
2021-08-19,onion,2100.3113402061854
2021-08-20,onion,2094.9710843373496
2021-08-21,onion,2030.5543710021323
2021-08-22,onion,2044.2748091603053
2021-08-23,onion,2058.935166994106
2021-08-24,onion,2071.368231046931
2021-08-25,onion,2070.3483992467045
2021-08-26,onion,2048.442344045369
2021-08-27,onion,2065.2933070866143
2021-08-28,onion,2004.8537313432835
2021-08-29,onion,2008.3104693140795
2021-08-30,onion,2002.890660592255
2021-08-31,onion,2016.3917525773195
2021-09-01,onion,2051.3342036553527
2021-09-02,onion,2023.5919661733615
2021-09-03,onion,1999.6692913385828
2021-09-04,onion,1993.4759916492694
2021-09-05,onion,1974.2941176470588
2021-09-06,onion,2001.763602251407
2021-09-07,onion,1997.3709981167608
2021-09-08,onion,1984.070143884892
2021-09-09,onion,1945.9792452830188
2021-09-10,onion,1978.8649789029537
2021-09-11,onion,1932.9405034324943
2021-09-12,onion,1937.644827586207
2021-09-13,onion,1940.2173913043478
2021-09-14,onion,1913.7908745247148
2021-09-15,onion,1913.7523452157598
2021-09-16,onion,1943.6642066420663
2021-09-17,onion,1941.6584440227705
2021-09-18,onion,1905.0798479087453
2021-09-19,onion,1928.9934210526317
2021-09-20,onion,1974.474820143885
2021-09-21,onion,1922.891544117647
2021-09-22,onion,1949.5787545787546
2021-09-23,onion,1949.1879562043796
2021-09-24,onion,1958.1317254174396
2021-09-25,onion,1983.6016096579476
2021-09-26,onion,1967.6746575342465
2021-09-27,onion,1958.9282608695653
2021-09-28,onion,2042.301247771836
2021-09-29,onion,2048.3598484848485
2021-09-30,onion,2117.242661448141
2021-10-01,onion,2225.7011173184355
2021-10-02,onion,2208.7397660818715
2021-10-03,onion,2192.2319391634983
2021-10-04,onion,2356.6314779270633
2021-10-05,onion,2443.321568627451
2021-10-06,onion,2546.0460251046024
2021-10-07,onion,2606.8677042801555
2021-10-08,onion,2663.0951492537315
2021-10-09,onion,2676.421841541756
2021-10-10,onion,2706.4964028776976
2021-10-11,onion,2768.158415841584
2021-10-12,onion,2843.742802303263
2021-10-13,onion,2879.5221774193546
2021-10-14,onion,2907.5776699029125
2021-10-15,onion,2910.6624040920715
2021-10-16,onion,2887.637554585153
2021-10-17,onion,2875.7662835249043
2021-10-18,onion,2942.026923076923
2021-10-19,onion,3027.380510440835
2021-10-20,onion,2993.7368421052633
2021-10-21,onion,2960.744318181818
2021-10-22,onion,2893.4854368932038
2021-10-23,onion,3011.392276422764
2021-10-24,onion,2915.561224489796
2021-10-25,onion,2905.3600782778867
2021-10-26,onion,2873.254385964912
2021-10-27,onion,2833.406488549618
2021-10-28,onion,2837.13671875
2021-10-29,onion,2854.898272552783
2021-10-30,onion,2778.1058558558557
2021-10-31,onion,2773.8178294573645
2021-11-01,onion,2838.268361581921
2021-11-02,onion,2852.4850574712646
2021-11-03,onion,2919.304
2021-11-04,onion,2896.757322175732
2021-11-05,onion,2980.1678321678323
2021-11-06,onion,2830.1297709923665
2021-11-07,onion,2738.9591078066915
2021-11-08,onion,2826.922924901186
2021-11-09,onion,2819.962962962963
2021-11-10,onion,2839.0115163147793
2021-11-11,onion,2837.515444015444
2021-11-12,onion,2837.5542635658917
2021-11-13,onion,2784.121896162528
2021-11-14,onion,2821.679856115108
2021-11-15,onion,2801.3250478011473
2021-11-16,onion,2710.332703213611
2021-11-17,onion,2679.116760828625
2021-11-18,onion,2612.982558139535
2021-11-19,onion,2643.5602678571427
2021-11-20,onion,2571.04462474645
2021-11-21,onion,2541.2123287671234
2021-11-22,onion,2581.565934065934
2021-11-23,onion,2512.703237410072
2021-11-24,onion,2483.9816513761466
2021-11-25,onion,2470.5833333333335
2021-11-26,onion,2452.476459510358
2021-11-27,onion,2475.5734406438633
2021-11-28,onion,2429.3684210526317
2021-11-29,onion,2395.3725135623868
2021-11-30,onion,2395.464761904762
2021-12-01,onion,2320.4263565891474
2021-12-02,onion,2347.6967213114754
2021-12-03,onion,2312.005736137667
2021-12-04,onion,2317.230769230769
2021-12-05,onion,2303.6043956043954
2021-12-06,onion,2331.7097902097903
2021-12-07,onion,2299.9265232974913
2021-12-08,onion,2260.9306569343066
2021-12-09,onion,2289.9534450651768
2021-12-10,onion,2332.761552680222
2021-12-11,onion,2215.2209821428573
2021-12-12,onion,2187.4699646643107
2021-12-13,onion,2353.7577413479053
2021-12-14,onion,2363.457142857143
2021-12-15,onion,2387.755877034358
2021-12-16,onion,2348.3098591549297
2021-12-17,onion,2394.2617328519855
2021-12-18,onion,2372.0815939278937
2021-12-19,onion,2300.6480836236933
2021-12-20,onion,2373.84
2021-12-21,onion,2404.213381555154
2021-12-22,onion,2405.9693693693694
2021-12-23,onion,2327.77449168207
2021-12-24,onion,2369.743169398907
2021-12-25,onion,2195.248226950355
2021-12-26,onion,2279.9367088607596
2021-12-27,onion,2384.084210526316
2021-12-28,onion,2313.5795847750865
2021-12-29,onion,2327.6596119929454
2021-12-30,onion,2322.044722719141
2021-12-31,onion,2312.5472061657033
2022-01-01,onion,2321.477495107632
2022-01-02,onion,2238.326923076923
2022-01-03,onion,2439.6704545454545
2022-01-04,onion,2460.4546979865772
2022-01-05,onion,2369.36724137931
2022-01-06,onion,2520.6959706959706
2022-01-07,onion,2483.381037567084
2022-01-08,onion,2267.3860369609856
2022-01-09,onion,2273.479750778816
2022-01-10,onion,2533.9134125636674
2022-01-11,onion,2506.6781045751636
2022-01-12,onion,2498.391156462585
2022-01-13,onion,2412.3376623376626
2022-01-14,onion,2368.7332015810275
2022-01-15,onion,2612.6961770623743
2022-01-16,onion,2252.1826625387
2022-01-17,onion,2523.3371522094926
2022-01-18,onion,2538.512155591572
2022-01-19,onion,2377.3262987012986
2022-01-20,onion,2518.1658374792705
2022-01-21,onion,2481.068333333333
2022-01-22,onion,2377.078212290503
2022-01-23,onion,2493.5586419753085
2022-01-24,onion,2533.0380165289257
2022-01-25,onion,2395.0528925619833
2022-01-26,onion,2593.8409703504044
2022-01-27,onion,2475.634020618557
2022-01-28,onion,2513.2977346278317
2022-01-29,onion,2352.71198568873
2022-01-30,onion,2582.1093247588424
2022-01-31,onion,2565.91833030853
2022-02-01,onion,2423.0660714285714
2022-02-02,onion,2475.3311475409837
2022-02-03,onion,2336.2694214876033
2022-02-04,onion,2484.100826446281
2022-02-05,onion,2354.9893048128342
2022-02-06,onion,2275.6739130434785
2022-02-07,onion,2555.7383900928794
2022-02-08,onion,2563.6065830721004
2022-02-09,onion,2604.8571428571427
2022-02-10,onion,2473.581881533101
2022-02-11,onion,2503.261306532663
2022-02-12,onion,2456.710891089109
2022-02-13,onion,2421.2044025157234
2022-02-14,onion,2700.4085667215813
2022-02-15,onion,2529.1175496688743
2022-02-16,onion,2575.805507745267
2022-02-17,onion,2553.152350081037
2022-02-18,onion,2539.0714285714284
2022-02-19,onion,2536.3653516295026
2022-02-20,onion,2780.845697329377
2022-02-21,onion,2495.0688575899844
2022-02-22,onion,2577.172955974843
2022-02-23,onion,2601.221122112211
2022-02-24,onion,2583.838258164852
2022-02-25,onion,2613.6343402225757
2022-02-26,onion,2617.511187607573
2022-02-27,onion,2665.7457142857143
2022-02-28,onion,2548.834170854271
2022-03-01,onion,2491.433962264151
2022-03-02,onion,2521.621283255086
2022-03-03,onion,2459.886632825719
2022-03-04,onion,2461.001612903226
2022-03-05,onion,2308.7091503267975
2022-03-06,onion,2271.3464566929133
2022-03-07,onion,2357.9244712990935
2022-03-08,onion,2251.7100149476832
2022-03-09,onion,2299.661119515885
2022-03-10,onion,2167.8768
2022-03-11,onion,2269.889739663093
2022-03-12,onion,2130.0727902946273
2022-03-13,onion,2109.516795865633
2022-03-14,onion,2107.4833574529666
2022-03-15,onion,2145.5061728395062
2022-03-16,onion,2007.781010719755
2022-03-17,onion,1997.2283464566929
2022-03-18,onion,2128.8425925925926
2022-03-19,onion,2092.34375
2022-03-20,onion,2122.6720867208674
2022-03-21,onion,1983.8887218045113
2022-03-22,onion,1977.366720516963
2022-03-23,onion,1917.783950617284
2022-03-24,onion,1763.134069400631
2022-03-25,onion,1856.193199381762
2022-03-26,onion,1759.2623509369676
2022-03-27,onion,1955.837142857143
2022-03-28,onion,1771.0115702479338
2022-03-29,onion,1762.278606965174
2022-03-30,onion,1797.5375626043406
2022-03-31,onion,1766.8134715025906
2022-04-01,onion,1682.1838235294117
2022-04-02,onion,1635.90625
2022-04-03,onion,1602.7881355932204
2022-04-04,onion,1558.409984871407
2022-04-05,onion,1633.4012066365008
2022-04-06,onion,1513.7451851851852
2022-04-07,onion,1475.8207109737248
2022-04-08,onion,1570.4372093023255
2022-04-09,onion,1461.470486111111
2022-04-10,onion,1460.513888888889
2022-04-11,onion,1547.881679389313
2022-04-12,onion,1456.4630225080386
2022-04-13,onion,1546.7238562091504
2022-04-14,onion,1608.4834024896265
2022-04-15,onion,1378.573146292585
2022-04-16,onion,1540.489075630252
2022-04-17,onion,1569.8962765957447
2022-04-18,onion,1510.9210134128166
2022-04-19,onion,1442.2128935532235
2022-04-20,onion,1493.9774096385543
2022-04-21,onion,1479.1102603369065
2022-04-22,onion,1391.5935085007727
2022-04-23,onion,1494.9042016806723
2022-04-24,onion,1402.7111716621253
2022-04-25,onion,1472.9584569732938
2022-04-26,onion,1470.75
2022-04-27,onion,1456.223241590214
2022-04-28,onion,1462.9565891472869
2022-04-29,onion,1465.7055118110236
2022-04-30,onion,1482.5795454545455
2022-05-01,onion,1331.2028985507247
2022-05-02,onion,1301.1913043478262
2022-05-03,onion,1331.9690265486727
2022-05-04,onion,1338.1666666666667
2022-05-05,onion,1442.112012987013
2022-05-06,onion,1432.5716560509554
2022-05-07,onion,1334.1836007130125
2022-05-08,onion,1309.3063063063064
2022-05-09,onion,1418.859375
2022-05-10,onion,1378.0550458715597
2022-05-11,onion,1417.8966049382716
2022-05-12,onion,1433.8183333333334
2022-05-13,onion,1347.4833040421793
2022-05-14,onion,1431.6206225680935
2022-05-15,onion,1286.0835820895522
2022-05-16,onion,1411.8578767123288
2022-05-17,onion,1257.0974889217134
2022-05-18,onion,1346.2795216741406
2022-05-19,onion,1276.7530864197531
2022-05-20,onion,1372.6980830670927
2022-05-21,onion,1397.1915584415585
2022-05-22,onion,1468.1670951156811
2022-05-23,onion,1394.083705357143
2022-05-24,onion,1388.1554252199414
2022-05-25,onion,1378.836115326252
2022-05-26,onion,1378.5777777777778
2022-05-27,onion,1394.6714285714286
2022-05-28,onion,1327.5912162162163
2022-05-29,onion,1463.2521489971348
2022-05-30,onion,1411.3150912106137
2022-05-31,onion,1393.40065681445
2022-06-01,onion,1445.7082568807339
2022-06-02,onion,1308.715909090909
2022-06-03,onion,1448.735674676525
2022-06-04,onion,1296.7733598409543
2022-06-05,onion,1313.2638036809815
2022-06-06,onion,1325.96
2022-06-07,onion,1318.4960998439938
2022-06-08,onion,1330.9901639344262
2022-06-09,onion,1335.4515050167224
2022-06-10,onion,1344.1131756756756
2022-06-11,onion,1452.5761078998073
2022-06-12,onion,1340.9606741573034
2022-06-13,onion,1504.8843106180666
2022-06-14,onion,1477.08214849921
2022-06-15,onion,1529.146302250804
2022-06-16,onion,1500.6796116504854
2022-06-17,onion,1521.4167987321712
2022-06-18,onion,1500.4422110552764
2022-06-19,onion,1423.5
2022-06-20,onion,1540.0510752688172
2022-06-21,onion,1538.552590266876
2022-06-22,onion,1507.812893081761
2022-06-23,onion,1537.4479495268138
2022-06-24,onion,1576.5403225806451
2022-06-25,onion,1614.1558669001752
2022-06-26,onion,1635.327380952381
2022-06-27,onion,1587.8055130168452
2022-06-28,onion,1597.8661157024794
2022-06-29,onion,1593.4627118644069
2022-06-30,onion,1657.3956692913387
2022-07-01,onion,1680.5804020100502
2022-07-02,onion,1577.0967741935483
2022-07-03,onion,1512.1006097560976
2022-07-04,onion,1530.3622047244094
2022-07-05,onion,1537.8225039619651
2022-07-06,onion,1543.2678868552412
2022-07-07,onion,1539.0183333333334
2022-07-08,onion,1628.033388981636
2022-07-09,onion,1501.9860279441118
2022-07-10,onion,1530.0776397515529
2022-07-11,onion,1548.5882352941176
2022-07-12,onion,1557.489430894309
2022-07-13,onion,1698.6301824212271
2022-07-14,onion,1658.114238410596
2022-07-15,onion,1564.328947368421
2022-07-16,onion,1659.3487179487179
2022-07-17,onion,1572.1671641791045
2022-07-18,onion,1676.7996870109546
2022-07-19,onion,1653.2550860719875
2022-07-20,onion,1576.233024691358
2022-07-21,onion,1685.8194444444443
2022-07-22,onion,1665.2138364779873
2022-07-23,onion,1711.949740034662
2022-07-24,onion,1743.420749279539
2022-07-25,onion,1549.5897435897436
2022-07-26,onion,1558.6870109546167
2022-07-27,onion,1584.921850079745
2022-07-28,onion,1641.3242784380307
2022-07-29,onion,1693.0492845786964
2022-07-30,onion,1683.7530864197531
2022-07-31,onion,1794.5296167247386
2022-08-01,onion,1586.9439421338157
2022-08-02,onion,1561.1937007874017
2022-08-03,onion,1562.8954248366013
2022-08-04,onion,1550.518927444795
2022-08-05,onion,1572.7224025974026
2022-08-06,onion,1553.69203539823
2022-08-07,onion,1589.6504559270518
2022-08-08,onion,1588.2047377326564
2022-08-09,onion,1578.362683438155
2022-08-10,onion,1634.3464163822525
2022-08-11,onion,1644.378640776699
2022-08-12,onion,1735.1030303030302
2022-08-13,onion,1672.9791231732777
2022-08-14,onion,1741.3688760806917
2022-08-15,onion,1658.002512562814
2022-08-16,onion,1676.5115511551155
2022-08-17,onion,1661.016447368421
2022-08-18,onion,1671.3689655172413
2022-08-19,onion,1618.5150943396227
2022-08-20,onion,1682.704467353952
2022-08-21,onion,1745.2941176470588
2022-08-22,onion,1690.8108108108108
2022-08-23,onion,1719.991974317817
2022-08-24,onion,1692.5504885993485
2022-08-25,onion,1663.1844660194174
2022-08-26,onion,1675.495908346972
2022-08-27,onion,1717.9963235294117
2022-08-28,onion,1747.8632478632478
2022-08-29,onion,1637.6243654822335
2022-08-30,onion,1650.5210084033613
2022-08-31,onion,1761.965306122449
2022-09-01,onion,1620.25
2022-09-02,onion,1617.7070707070707
2022-09-03,onion,1575.1109185441942
2022-09-04,onion,1680.252808988764
2022-09-05,onion,1619.5598006644518
2022-09-06,onion,1633.1756097560976
2022-09-07,onion,1572.0723905723905
2022-09-08,onion,1484.070780399274
2022-09-09,onion,1539.4372549019608
2022-09-10,onion,1570.4236947791164
2022-09-11,onion,1602.4652567975832
2022-09-12,onion,1601.2879310344827
2022-09-13,onion,1609.0795262267343
2022-09-14,onion,1619.7375415282393
2022-09-15,onion,1683.6280193236714
2022-09-16,onion,1611.358208955224
2022-09-17,onion,1688.126984126984
2022-09-18,onion,1749.8607242339833
2022-09-19,onion,1606.2809523809524
2022-09-20,onion,1615.5453047775948
2022-09-21,onion,1554.8651877133107
2022-09-22,onion,1676.8576158940398
2022-09-23,onion,1514.8973913043478
2022-09-24,onion,1729.093309859155
2022-09-25,onion,1832.4376811594202
2022-09-26,onion,1724.17
2022-09-27,onion,1728.492586490939
2022-09-28,onion,1613.4929133858268
2022-09-29,onion,1733.2197092084007
2022-09-30,onion,1731.1467889908256
2022-10-01,onion,1641.6145833333333
2022-10-02,onion,1643.4782608695652
2022-10-03,onion,1644.6275992438564
2022-10-04,onion,1597.3944773175542
2022-10-05,onion,1658.184154175589
2022-10-06,onion,1687.9737762237762
2022-10-07,onion,1698.7887563884158
2022-10-08,onion,1677.676245210728
2022-10-09,onion,1614.619335347432
2022-10-10,onion,1813.7472353870457
2022-10-11,onion,1831.7226890756303
2022-10-12,onion,1852.5920634920635
2022-10-13,onion,1875.8517350157729
2022-10-14,onion,1935.1438240270727
2022-10-15,onion,1927.925087108014
2022-10-16,onion,1888.7877094972066
2022-10-17,onion,1942.5912897822445
2022-10-18,onion,2003.611111111111
2022-10-19,onion,2020.7170731707317
2022-10-20,onion,2021.0751252086811
2022-10-21,onion,2028.0072859744992
2022-10-22,onion,2084.862869198312
2022-10-23,onion,2058.794776119403
2022-10-24,onion,2150.1853932584268
2022-10-25,onion,2171.9954545454543
2022-10-26,onion,2145.637339055794
2022-10-27,onion,2039.2831683168317
2022-10-28,onion,2075.1311188811187
2022-10-29,onion,2066.3296903460837
2022-10-30,onion,2117.4125
2022-10-31,onion,2169.014787430684
2022-11-01,onion,2229.0491228070177
2022-11-02,onion,2247.8391376451077
2022-11-03,onion,2283.6247933884297
2022-11-04,onion,2297.529900332226
2022-11-05,onion,2305.795246800731
2022-11-06,onion,2147.323353293413
2022-11-07,onion,2239.5976230899832
2022-11-08,onion,2368.001879699248
2022-11-09,onion,2260.348184818482
2022-11-10,onion,2205.8341625207295
2022-11-11,onion,2210.5422297297296
2022-11-12,onion,2116.140562248996
2022-11-13,onion,2055.6132930513595
2022-11-14,onion,2172.357262103506
2022-11-15,onion,2189.5307443365696
2022-11-16,onion,2115.0703125
2022-11-17,onion,2126.4065934065934
2022-11-18,onion,2077.5544388609715
2022-11-19,onion,2099.224662162162
2022-11-20,onion,2028.6387283236995
2022-11-21,onion,2019.8688524590164
2022-11-22,onion,1970.907590759076
2022-11-23,onion,2016.0961857379768
2022-11-24,onion,2147.768852459016
2022-11-25,onion,2008.1126516464471
2022-11-26,onion,2128.0489130434785
2022-11-27,onion,1940.1298701298701
2022-11-28,onion,1993.5777777777778
2022-11-29,onion,1919.2224168126095
2022-11-30,onion,1921.3816513761467
2022-12-01,onion,2081.930320150659
2022-12-02,onion,1829.402376910017
2022-12-03,onion,2021.9372822299651
2022-12-04,onion,1746.3714285714286
2022-12-05,onion,1850.9532062391681
2022-12-06,onion,2019.9436860068258
2022-12-07,onion,1823.0672413793104
2022-12-08,onion,1990.9595278246206
2022-12-09,onion,1828.4161184210527
2022-12-10,onion,1767.5806451612902
2022-12-11,onion,1778.495575221239
2022-12-12,onion,1754.3630672926447
2022-12-13,onion,1922.1878881987577
2022-12-14,onion,1755.5237341772151
2022-12-15,onion,1891.2564935064936
2022-12-16,onion,1777.0391517128874
2022-12-17,onion,1927.6744574290485
2022-12-18,onion,1757.9017857142858
2022-12-19,onion,1769.3884673748103
2022-12-20,onion,1985.0176282051282
2022-12-21,onion,1826.5177419354839
2022-12-22,onion,2050.930420711974
2022-12-23,onion,1826.6802030456852
2022-12-24,onion,2064.9361313868612
2022-12-25,onion,1761.5353846153846
2022-12-26,onion,1856.615652173913
2022-12-27,onion,2100.681660899654
2022-12-28,onion,1850.7670549084858
2022-12-29,onion,2086.266891891892
2022-12-30,onion,1800.7562604340567
2022-12-31,onion,2079.297709923664
2023-01-01,onion,1811.0365448504983
2023-01-02,onion,1789.135225375626
2023-01-03,onion,1883.608552631579
2023-01-04,onion,1883.2647975077882
2023-01-05,onion,1917.8460264900662
2023-01-06,onion,1955.214405360134
2023-01-07,onion,1867.1610738255033
2023-01-08,onion,1779.9538904899136
2023-01-09,onion,1981.7254575707154
2023-01-10,onion,1907.9193037974683
2023-01-11,onion,1879.6543209876543
2023-01-12,onion,1867.7677725118483
2023-01-13,onion,1908.378048780488
2023-01-14,onion,1877.767094017094
2023-01-15,onion,1799.4169491525424
2023-01-16,onion,1874.1026615969581
2023-01-17,onion,1812.276397515528
2023-01-18,onion,1849.4025844930418
2023-01-19,onion,1919.973296500921
2023-01-20,onion,1888.1299826689774
2023-01-21,onion,1818.9812606473595
2023-01-22,onion,1802.9775910364147
2023-01-23,onion,1812.1955484896662
2023-01-24,onion,1808.946540880503
2023-01-25,onion,1820.2260726072607
2023-01-26,onion,1889.438775510204
2023-01-27,onion,1822.1620795107033
2023-01-28,onion,1789.2347972972973
2023-01-29,onion,1651.586402266289
2023-01-30,onion,1760.874203821656
2023-01-31,onion,1750.7593220338983
2023-02-01,onion,1804.4721753794267
2023-02-02,onion,1682.3017656500804
2023-02-03,onion,1738.087440381558
2023-02-04,onion,1688.0886287625417
2023-02-05,onion,1612.4925816023738
2023-02-06,onion,1683.807874015748
2023-02-07,onion,1652.1152
2023-02-08,onion,1661.1149068322982
2023-02-09,onion,1643.5923460898503
2023-02-10,onion,1634.5774193548386
2023-02-11,onion,1593.092803030303
2023-02-12,onion,1551.9423631123918
2023-02-13,onion,1599.7286821705427
2023-02-14,onion,1600.1275590551181
2023-02-15,onion,1563.957928802589
2023-02-16,onion,1554.1091205211726
2023-02-17,onion,1548.360465116279
2023-02-18,onion,1503.892857142857
2023-02-19,onion,1495.824512534819
2023-02-20,onion,1563.7781299524563
2023-02-21,onion,1460.9968503937007
2023-02-22,onion,1437.9822294022617
2023-02-23,onion,1573.464
2023-02-24,onion,1393.074433656958
2023-02-25,onion,1408.1783216783217
2023-02-26,onion,1396.5507246376812
2023-02-27,onion,1407.8431061806657
2023-02-28,onion,1425.4548494983278
2023-03-01,onion,1359.9168081494058
2023-03-02,onion,1339.6167763157894
2023-03-03,onion,1337.7252931323283
2023-03-04,onion,1322.4792043399639
2023-03-05,onion,1326.3948220064724
2023-03-06,onion,1409.6613756613756
2023-03-07,onion,1441.5454545454545
2023-03-08,onion,1477.560975609756
2023-03-09,onion,1388.0594594594595
2023-03-10,onion,1417.4919093851133
2023-03-11,onion,1336.734496124031
2023-03-12,onion,1381.5666666666666
2023-03-13,onion,1395.2
2023-03-14,onion,1377.701754385965
2023-03-15,onion,1401.9095477386934
2023-03-16,onion,1391.8950276243095
2023-03-17,onion,1354.4943609022557
2023-03-18,onion,1377.0212765957447
2023-03-19,onion,1332.3050847457628
2023-03-20,onion,1424.0469011725293
2023-03-21,onion,1402.2253032928943
2023-03-22,onion,1426.556586270872
2023-03-23,onion,1418.6301369863013
2023-03-24,onion,1407.8435251798562
2023-03-25,onion,1388.0368932038834
2023-03-26,onion,1343.0277777777778
2023-03-27,onion,1366.6252100840336
2023-03-28,onion,1377.7074829931973
2023-03-29,onion,1359.4074074074074
2023-03-30,onion,1425.5081967213114
2023-03-31,onion,1323.6221374045801
2023-04-01,onion,1354.9806034482758
2023-04-02,onion,1305.3159420289855
2023-04-03,onion,1358.3440860215053
2023-04-04,onion,1385.0823970037454
2023-04-05,onion,1286.1913043478262
2023-04-06,onion,1254.162932790224
2023-04-07,onion,1252.7690721649485
2023-04-08,onion,1250.4552380952382
2023-04-09,onion,1341.252688172043
2023-04-10,onion,1287.2757527733756
2023-04-11,onion,1326.3515625
2023-04-12,onion,1284.5389610389611
2023-04-13,onion,1272.7432432432433
2023-04-14,onion,1286.1469387755103
2023-04-15,onion,1191.8178506375227
2023-04-16,onion,1280.1424802110819
2023-04-17,onion,1316.320251177394
2023-04-18,onion,1313.122186495177
2023-04-19,onion,1291.0916530278232
2023-04-20,onion,1306.3931623931624
2023-04-21,onion,1242.3174603174602
2023-04-22,onion,1294.8318584070796
2023-04-23,onion,1281.236040609137
2023-04-24,onion,1279.828125
2023-04-25,onion,1263.2300469483569
2023-04-26,onion,1283.6699346405228
2023-04-27,onion,1275.3299492385786
2023-04-28,onion,1324.5545927209705
2023-04-29,onion,1277.5531135531135
2023-04-30,onion,1283.6943620178042
2023-05-01,onion,1242.6036217303822
2023-05-02,onion,1288.3290834697216
2023-05-03,onion,1329.8100975609755
2023-05-04,onion,1295.6553533568906
2023-05-05,onion,1336.0457389635317
2023-05-06,onion,1327.1696113074204
2023-05-07,onion,1270.6153846153845
2023-05-08,onion,1334.3776058631922
2023-05-09,onion,1321.1099335548174
2023-05-10,onion,1343.7679216354345
2023-05-11,onion,1344.1054363636363
2023-05-12,onion,1322.8833333333332
2023-05-13,onion,1302.343685300207
2023-05-14,onion,1288.8016759776535
2023-05-15,onion,1342.614393939394
2023-05-16,onion,1330.9701317957167
2023-05-17,onion,1315.3243207855974
2023-05-18,onion,1313.1132075471698
2023-05-19,onion,1362.4743357933578
2023-05-20,onion,1333.3651376146788
2023-05-21,onion,1284.610119047619
2023-05-22,onion,1392.5726351351352
2023-05-23,onion,1309.3227212020033
2023-05-24,onion,1349.6871332209105
2023-05-25,onion,1360.998249158249
2023-05-26,onion,1347.136518771331
2023-05-27,onion,1415.7867383512544
2023-05-28,onion,1330.2608695652175
2023-05-29,onion,1377.1321069692058
2023-05-30,onion,1371.563167495854
2023-05-31,onion,1371.9611071428571
2023-06-01,onion,1448.0258585858585
2023-06-02,onion,1406.3699675850892
2023-06-03,onion,1368.8754325259515
2023-06-04,onion,1290.1388101983002
2023-06-05,onion,1401.4057624398074
2023-06-06,onion,1386.6059018987341
2023-06-07,onion,1436.6246612903226
2023-06-08,onion,1434.9442833876221
2023-06-09,onion,1398.7859053833606
2023-06-10,onion,1322.0823484848484
2023-06-11,onion,1300.5766016713092
2023-06-12,onion,1443.365807453416
2023-06-13,onion,1434.153549432739
2023-06-14,onion,1493.6726275115918
2023-06-15,onion,1442.1028451178452
2023-06-16,onion,1496.8559504132231
2023-06-17,onion,1458.3126153846154
2023-06-18,onion,1419.3954154727794
2023-06-19,onion,1494.5753773584904
2023-06-20,onion,1506.4780891719745
2023-06-21,onion,1499.3493037974683
2023-06-22,onion,1518.3594524959742
2023-06-23,onion,1475.0744736842105
2023-06-24,onion,1516.540053285968
2023-06-25,onion,1405.9217391304348
2023-06-26,onion,1505.2520922570018
2023-06-27,onion,1532.86900990099
2023-06-28,onion,1489.8414159292035
2023-06-29,onion,1589.232076372315
2023-06-30,onion,1663.230897887324
2023-07-01,onion,1672.2701495327103
2023-07-02,onion,1578.823691460055
2023-07-03,onion,1734.3837564322469
2023-07-04,onion,1738.7330377668306
2023-07-05,onion,1738.677088186356
2023-07-06,onion,1805.2373182552503
2023-07-07,onion,1811.6630357142858
2023-07-08,onion,1758.9463917525773
2023-07-09,onion,1652.9759036144578
2023-07-10,onion,1718.487779605263
2023-07-11,onion,1635.01146179402
2023-07-12,onion,1635.8123240589198
2023-07-13,onion,1686.6283855024712
2023-07-14,onion,1801.6848805460752
2023-07-15,onion,1785.0451263537907
2023-07-16,onion,1707.1971830985915
2023-07-17,onion,1737.8728237410073
2023-07-18,onion,1791.972325203252
2023-07-19,onion,1746.6676461038962
2023-07-20,onion,1716.3322950819672
2023-07-21,onion,1811.6203179650238
2023-07-22,onion,1671.0281993006993
2023-07-23,onion,1686.482191780822
2023-07-24,onion,1765.6246831530138
2023-07-25,onion,1737.1342811501597
2023-07-26,onion,1779.4353588516747
2023-07-27,onion,1757.83809602649
2023-07-28,onion,1749.5542659758205
2023-07-29,onion,1820.2488986784142
2023-07-30,onion,1760.8181818181818
2023-07-31,onion,1827.7827845884412
2023-08-01,onion,1829.7546688741722
2023-08-02,onion,1800.5473742138363
2023-08-03,onion,1806.9783087027915
2023-08-04,onion,1788.6842907801417
2023-08-05,onion,1810.0216216216215
2023-08-06,onion,1815.688679245283
2023-08-07,onion,1901.5441918294848
2023-08-08,onion,1943.036636085627
2023-08-09,onion,1995.599121725732
2023-08-10,onion,2012.9197580645161
2023-08-11,onion,2031.2817694805196
2023-08-12,onion,1952.6686274509805
2023-08-13,onion,1971.8491620111731
2023-08-14,onion,2152.1570680628274
2023-08-15,onion,2209.574468085106
2023-08-16,onion,2282.6039215686274
2023-08-17,onion,2174.505888501742
2023-08-18,onion,2247.0584518167457
2023-08-19,onion,2263.7673992673995
2023-08-20,onion,2170.55625
2023-08-21,onion,2402.2172413793105
2023-08-22,onion,2356.5544388609715
2023-08-23,onion,2374.9324090121318
2023-08-24,onion,2327.807443478261
2023-08-25,onion,2403.0522151898736
2023-08-26,onion,2349.566844919786
2023-08-27,onion,2338.712990936556
2023-08-28,onion,2321.1413237924867
2023-08-29,onion,2241.125
2023-08-30,onion,2272.8553191489364
2023-08-31,onion,2294.684512428298
2023-09-01,onion,2345.6887417218545
2023-09-02,onion,2296.6436170212764
2023-09-03,onion,2207.597633136095
2023-09-04,onion,2386.838063439065
2023-09-05,onion,2358.339489291598
2023-09-06,onion,2313.409090909091
2023-09-07,onion,2405.4747254901963
2023-09-08,onion,2316.6116504854367
2023-09-09,onion,2304.852830188679
2023-09-10,onion,2237.7479452054795
2023-09-11,onion,2410.3597464342315
2023-09-12,onion,2360.734219269103
2023-09-13,onion,2359.3881355932203
2023-09-14,onion,2333.533222591362
2023-09-15,onion,2311.5323854660346
2023-09-16,onion,2311.7781629116116
2023-09-17,onion,2271.2225609756097
2023-09-18,onion,2365.950106571936
2023-09-19,onion,2359.8756957328387
2023-09-20,onion,2367.2052173913044
2023-09-21,onion,2338.513605442177
2023-09-22,onion,2265.4133333333334
2023-09-23,onion,2271.568316831683
2023-09-24,onion,2200.137931034483
2023-09-25,onion,2406.3333333333335
2023-09-26,onion,2412.893760539629
2023-09-27,onion,2434.304347826087
2023-09-28,onion,2418.357588357588
2023-09-29,onion,2429.05
2023-09-30,onion,2354.443010752688
2023-10-01,onion,2332.10162601626
2023-10-02,onion,2333.5194508009154
2023-10-03,onion,2409.4910858995136
2023-10-04,onion,2448.935275080906
2023-10-05,onion,2440.5450236966826
2023-10-06,onion,2412.486069730586
2023-10-07,onion,2473.7206776859502
2023-10-08,onion,2295.4524495677233
2023-10-09,onion,2502.782377850163
2023-10-10,onion,2458.160975609756
2023-10-11,onion,2532.879173290938
2023-10-12,onion,2529.2311146496813
2023-10-13,onion,2540.4689075630254
2023-10-14,onion,2504.6923076923076
2023-10-15,onion,2457.0670926517573
2023-10-16,onion,2613.4602
2023-10-17,onion,2611.6036303630362
2023-10-18,onion,2727.127145187602
2023-10-19,onion,2800.0723633440516
2023-10-20,onion,2802.8704477611936
2023-10-21,onion,2833.2093457943924
2023-10-22,onion,2648.8735632183907
2023-10-23,onion,3057.413888888889
2023-10-24,onion,3042.281040189125
2023-10-25,onion,3222.118275261324
2023-10-26,onion,3354.661771720613
2023-10-27,onion,3763.301721854305
2023-10-28,onion,3848.04
2023-10-29,onion,4028.633333333333
2023-10-30,onion,4266.328433515483
2023-10-31,onion,4487.410960784314
2023-11-01,onion,4425.333435700576
2023-11-02,onion,4410.198996655518
2023-11-03,onion,4320.631493506494
2023-11-04,onion,4322.722120658135
2023-11-05,onion,4140.651685393258
2023-11-06,onion,4167.768204697987
2023-11-07,onion,4142.455528052805
2023-11-08,onion,4229.442244224422
2023-11-09,onion,4946.046793760832
2023-11-10,onion,4210.929411764706
2023-11-11,onion,4268.663841807909
2023-11-12,onion,4132.55376344086
2023-11-13,onion,4541.463722397476
2023-11-14,onion,4484.87962962963
2023-11-15,onion,4285.366594360087
2023-11-16,onion,4199.417153996102
2023-11-17,onion,4178.346083788707
2023-11-18,onion,4089.3812260536397
2023-11-19,onion,3971.4641744548285
2023-11-20,onion,4061.67645320197
2023-11-21,onion,4050.3793421052633
2023-11-22,onion,3996.6619117647056
2023-11-23,onion,3978.75646179402
2023-11-24,onion,3938.0243055555557
2023-11-25,onion,3960.8736616702354
2023-11-26,onion,3832.7954545454545
2023-11-27,onion,3957.649087221095
2023-11-28,onion,4021.1380889621087
2023-11-29,onion,4024.3824794745487
2023-11-30,onion,3984.045150976909
2023-12-01,onion,4054.9980430528376
2023-12-02,onion,3972.0366795366795
2023-12-03,onion,3829.2033333333334
2023-12-04,onion,3964.177394034537
2023-12-05,onion,3894.668358714044
2023-12-06,onion,3869.9447236180904
2023-12-07,onion,3911.493650793651
2023-12-08,onion,3800.7400318979267
2023-12-09,onion,3682.444219066937
2023-12-10,onion,3635.7909090909093
2023-12-11,onion,3593.3776683087026
2023-12-12,onion,3461.1983050847457
2023-12-13,onion,3348.1134868421054
2023-12-14,onion,3331.542949756888
2023-12-15,onion,3243.701095461659
2023-12-16,onion,3142.9883720930234
2023-12-17,onion,2964.041297935103
2023-12-18,onion,2904.305194805195
2023-12-19,onion,3471.287066246057
2023-12-20,onion,2901.343804537522
2023-12-21,onion,2773.6982055464928
2023-12-22,onion,2668.572139303483
2023-12-23,onion,2687.048780487805
2023-12-24,onion,2989.964285714286
2023-12-25,onion,2723.8333333333335
2023-12-26,onion,2499.9321739130437
2023-12-27,onion,2566.051839464883
2023-12-28,onion,2485.106209150327
2023-12-29,onion,2420.4339314845024
2023-12-30,onion,2361.986866791745
2023-12-31,onion,2330.843137254902
2024-01-01,onion,2256.695481335953
2024-01-02,onion,2279.964285714286
2024-01-03,onion,2483.171985815603
2024-01-04,onion,2414.364864864865
2024-01-05,onion,2390.7561779242174
2024-01-06,onion,2394.739054290718
2024-01-07,onion,2394.0745762711863
2024-01-08,onion,2403.6779089376055
2024-01-09,onion,2343.527777777778
2024-01-10,onion,2357.789655172414
2024-01-11,onion,2411.7084805653712
2024-01-12,onion,2369.910994764398
2024-01-13,onion,2348.3814898419864
2024-01-14,onion,2442.1841155234656
2024-01-15,onion,2436.5077519379847
2024-01-16,onion,2339.7589928057555
2024-01-17,onion,2248.539568345324
2024-01-18,onion,2187.8661016949154
2024-01-19,onion,2206.5546357615895
2024-01-20,onion,2173.1698473282445
2024-01-21,onion,2314.68085106383
2024-01-22,onion,2290.5536105032825
2024-01-23,onion,2089.199275362319
2024-01-24,onion,2050.4361525704808
2024-01-25,onion,2047.031683168317
2024-01-26,onion,2134.9574468085107
2024-01-27,onion,2067.1726755218215
2024-01-28,onion,1986.7401315789473
2024-01-29,onion,1968.8377483443708
2024-01-30,onion,1961.3264248704663
2024-01-31,onion,1932.3131672597865
2024-02-01,onion,1895.2495667244368
2024-02-02,onion,1916.9296
2024-02-03,onion,1871.76
2024-02-04,onion,1853.1737704918032
2024-02-05,onion,1884.5544388609715
2024-02-06,onion,1847.3840947546532
2024-02-07,onion,1849.2662229617304
2024-02-08,onion,1823.4654300168634
2024-02-09,onion,1871.0259515570933
2024-02-10,onion,1752.387029288703
2024-02-11,onion,1784.8482972136223
2024-02-12,onion,1788.0152027027027
2024-02-13,onion,1683.7657992565055
2024-02-14,onion,1773.6035398230088
2024-02-15,onion,1723.211703958692
2024-02-16,onion,1770.7760683760685
2024-02-17,onion,1747.0922509225093
2024-02-18,onion,1728.7718120805368
2024-02-19,onion,1843.8014705882354
2024-02-20,onion,1869.0761421319796
2024-02-21,onion,1883.0665557404327
2024-02-22,onion,1894.6194539249148
2024-02-23,onion,2315.086956521739
2024-02-24,onion,1878.8957055214723
2024-02-25,onion,1876.8655172413794
2024-02-26,onion,1960.8763837638376
2024-02-27,onion,1981.3460898502497
2024-02-28,onion,1984.6861063464837
2024-02-29,onion,1974.25
2024-03-01,onion,1993.6994727592266
2024-03-02,onion,1930.9425493716337
2024-03-03,onion,1916.6827586206896
2024-03-04,onion,1971.8646864686468
2024-03-05,onion,1964.3917525773195
2024-03-06,onion,2011.142857142857
2024-03-07,onion,2036.4965156794426
2024-03-08,onion,1956.7636363636364
2024-03-09,onion,1952.9130434782608
2024-03-10,onion,1995.3184931506848
2024-03-11,onion,2013.7120141342757
2024-03-12,onion,2013.5688816855754
2024-03-13,onion,1981.4356617647059
2024-03-14,onion,1996.8908507223114
2024-03-15,onion,2007.1195652173913
2024-03-16,onion,2023.3010380622836
2024-03-17,onion,1976.030959752322
2024-03-18,onion,1960.372239747634
2024-03-19,onion,1941.624213836478
2024-03-20,onion,1988.2933753943219
2024-03-21,onion,1959.2925278219395
2024-03-22,onion,1933.9734219269103
2024-03-23,onion,2003.2170781893003
2024-03-24,onion,2021.1351351351352
2024-03-25,onion,2147.200668896321
2024-03-26,onion,1965.2936802973977
2024-03-27,onion,1906.4045534150614
2024-03-28,onion,1873.8219696969697
2024-03-29,onion,1890.8135593220338
2024-03-30,onion,1967.142578125
2024-03-31,onion,1845.9590163934427
2024-04-01,onion,1998.6748768472905
2024-04-02,onion,1763.7172236503857
2024-04-03,onion,1913.5771324863883
2024-04-04,onion,1934.1614583333333
2024-04-05,onion,1947.5955459272095
2024-04-06,onion,1906.266304347826
2024-04-07,onion,1834.3630573248408
2024-04-08,onion,1960.1575984990618
2024-04-09,onion,1986.741052631579
2024-04-10,onion,1951.4794188861986
2024-04-11,onion,2042.6952141057934
2024-04-12,onion,2011.0946680497925
2024-04-13,onion,1880.0043196544277
2024-04-14,onion,1841.7465277777778
2024-04-15,onion,1872.2920257826886
2024-04-16,onion,1955.524109014675
2024-04-17,onion,2028.9075425790754
2024-04-18,onion,1945.4747975708503
2024-04-19,onion,1866.12118491921
2024-04-20,onion,1935.510455373406
2024-04-21,onion,1863.599348534202
2024-04-22,onion,1885.2613913043479
2024-04-23,onion,1960.8420037105752
2024-04-24,onion,1911.7889610389611
2024-04-25,onion,1853.6989795918366
2024-04-26,onion,1844.9952112676058
2024-04-27,onion,1916.0730520646318
2024-04-28,onion,1818.1133720930231
2024-04-29,onion,1856.029902120718
2024-04-30,onion,1814.5122377622379
2024-05-01,onion,1829.738
2024-05-02,onion,1889.7467320261437
2024-05-03,onion,1887.0177133655395
2024-05-04,onion,1859.5852487961479
2024-05-05,onion,1824.5477528089887
2024-05-06,onion,1932.3465348101265
2024-05-07,onion,1952.8950168350166
2024-05-08,onion,1979.4767660910518
2024-05-09,onion,1920.8173228346457
2024-05-10,onion,1991.877472727273
2024-05-11,onion,1933.4114638783271
2024-05-12,onion,1950.2319277108434
2024-05-13,onion,2003.177570093458
2024-05-14,onion,1935.0533117932148
2024-05-15,onion,1906.8630188679244
2024-05-16,onion,1906.702640625
2024-05-17,onion,1911.871951219512
2024-05-18,onion,1862.8851913477538
2024-05-19,onion,1848.7088607594937
2024-05-20,onion,1918.1323283082077
2024-05-21,onion,1865.8051118210863
2024-05-22,onion,1927.1609756097562
2024-05-23,onion,1998.0968342644321
2024-05-24,onion,1917.4974880763116
2024-05-25,onion,1942.6966026871403
2024-05-26,onion,1875.6309523809523
2024-05-27,onion,1927.8692520325205
2024-05-28,onion,1920.7489012738854
2024-05-29,onion,1901.40112
2024-05-30,onion,1944.844412238325
2024-05-31,onion,1933.572483108108
2024-06-01,onion,2005.4425046728973
2024-06-02,onion,1928.3639053254437
2024-06-03,onion,1995.898668831169
2024-06-04,onion,2006.342013888889
2024-06-05,onion,2087.1209677419356
2024-06-06,onion,2098.909456
2024-06-07,onion,2081.9565451664025
2024-06-08,onion,2085.401941747573
2024-06-09,onion,2087.0140449438204
2024-06-10,onion,2241.5858267716535
2024-06-11,onion,2326.95475
2024-06-12,onion,2385.530844155844
2024-06-13,onion,2388.090512396694
2024-06-14,onion,2500.090425531915
2024-06-15,onion,2490.7174348697395
2024-06-16,onion,2482.068
2024-06-17,onion,2579.402380952381
2024-06-18,onion,2244.2807283763277
2024-06-19,onion,2356.6594142857143
2024-06-20,onion,2432.4086490250697
2024-06-21,onion,2485.1873278236912
2024-06-22,onion,2392.030607028754
2024-06-23,onion,2282.8945054945057
2024-06-24,onion,2537.857538035961
2024-06-25,onion,2559.816011235955
2024-06-26,onion,2562.570125698324
2024-06-27,onion,2614.8807777777774
2024-06-28,onion,2570.8
2024-06-29,onion,2544.9893292682927
2024-06-30,onion,2291.1134020618556
2024-07-01,onion,2660.999150805271
2024-07-02,onion,2642.6432584269664
2024-07-03,onion,2676.525658807212
2024-07-04,onion,2761.5219178082193
2024-07-05,onion,2757.2183240223467
2024-07-06,onion,2724.3594217207337
2024-07-07,onion,2444.8533653846152
2024-07-08,onion,3331.0144568245123
2024-07-09,onion,3347.617606602476
2024-07-10,onion,3334.9669876203575
2024-07-11,onion,3299.556156968877
2024-07-12,onion,3312.202005730659
2024-07-13,onion,3281.7462932454696
2024-07-14,onion,3377.927400468384
2024-07-15,onion,3324.515950069348
2024-07-16,onion,3522.8281829419034
2024-07-17,onion,3556.553630952381
2024-07-18,onion,3430.0593434343436
2024-07-19,onion,3437.113493064313
2024-07-20,onion,3429.836627140975
2024-07-21,onion,3662.64
2024-07-22,onion,3461.0508905852416
2024-07-23,onion,3444.4400494437577
2024-07-24,onion,3444.0446096654273
2024-07-25,onion,3430.0399002493764
2024-07-26,onion,3461.5593275217934
2024-07-27,onion,3474.3824324324323
2024-07-28,onion,3629.2520325203254
2024-07-29,onion,3453.887577720207
2024-07-30,onion,3423.7878221649485
2024-07-31,onion,3435.4743307086615
2024-08-01,onion,3414.235194300518
2024-08-02,onion,3427.2234438775513
2024-08-03,onion,3409.74810298103
2024-08-04,onion,3540.611881188119
2024-08-05,onion,3387.4232953105197
2024-08-06,onion,3432.00625
2024-08-07,onion,3429.7301012658227
2024-08-08,onion,3428.1922069825437
2024-08-09,onion,3460.3388945362135
2024-08-10,onion,3485.549929676512
2024-08-11,onion,3592.221782178218
2024-08-12,onion,3571.6742424242425
2024-08-13,onion,3611.2110817941953
2024-08-14,onion,3701.615871428571
2024-08-15,onion,3854.6103896103896
2024-08-16,onion,3745.0002319236014
2024-08-17,onion,3781.038961038961
2024-08-18,onion,4151.455470737914
2024-08-19,onion,3969.677471636953
2024-08-20,onion,3763.4375
2024-08-21,onion,3815.2395646258506
2024-08-22,onion,3856.323037323037
2024-08-23,onion,3935.596338028169
2024-08-24,onion,4008.7166666666667
2024-08-25,onion,4309.609223300971
2024-08-26,onion,4121.512939346811
2024-08-27,onion,4070.923540290621
2024-08-28,onion,4074.780678851175
2024-08-29,onion,4099.716111817027
2024-08-30,onion,4137.034956304619
2024-08-31,onion,4109.674521354934
2024-09-01,onion,4391.015317286652
2024-09-02,onion,4297.04318488529
2024-09-03,onion,4212.179831824062
2024-09-04,onion,4267.819924050633
2024-09-05,onion,4263.277730673317
2024-09-06,onion,4285.1794536213465
2024-09-07,onion,4387.953555878084
2024-09-08,onion,4523.805031446541
2024-09-09,onion,4320.2960102960105
2024-09-10,onion,4323.9562125
2024-09-11,onion,4342.012123893805
2024-09-12,onion,4353.8303221649485
2024-09-13,onion,4383.409177545692
2024-09-14,onion,4415.5389296636085
2024-09-15,onion,4650.755148741418
2024-09-16,onion,4521.7730158730155
2024-09-17,onion,4552.613764044944
2024-09-18,onion,4619.669490196078
2024-09-19,onion,4594.301941992434
2024-09-20,onion,4573.230673316708
2024-09-21,onion,4573.35593220339
2024-09-22,onion,4880.1287128712875
2024-09-23,onion,4674.572827417381
2024-09-24,onion,4663.121739130434
2024-09-25,onion,4672.180285343709
2024-09-26,onion,4624.9465174129355
2024-09-27,onion,4654.906977329975
2024-09-28,onion,4668.829096045198
2024-09-29,onion,4909.670707070707
2024-09-30,onion,4620.511869281046
2024-10-01,onion,4644.267162726008
2024-10-02,onion,4718.595993322204
2024-10-03,onion,4610.591486658196
2024-10-04,onion,4629.041687817259
2024-10-05,onion,4607.382352941177
2024-10-06,onion,4803.1557377049185
2024-10-07,onion,4656.915436241611
2024-10-08,onion,4682.051246537396
2024-10-09,onion,4556.806268068331
2024-10-10,onion,4577.270577181208
2024-10-11,onion,4668.465014577259
2024-10-12,onion,4731.9901315789475
2024-10-13,onion,4725.59670781893
2024-10-14,onion,4607.8038961038965
2024-10-15,onion,4538.3159947984395
2024-10-16,onion,4579.539869281046
2024-10-17,onion,4605.196698762035
2024-10-18,onion,4530.3823067173635
2024-10-19,onion,4579.509090909091
2024-10-20,onion,4808.413306451613
2024-10-21,onion,4578.555837563452
2024-10-22,onion,4600.979892761394
2024-10-23,onion,4651.843870967742
2024-10-24,onion,4610.432098765432
2024-10-25,onion,4599.496314496315
2024-10-26,onion,4626.429740791269
2024-10-27,onion,4756.039583333333
2024-10-28,onion,4666.100257069409
2024-10-29,onion,4665.927677329624
2024-10-30,onion,4758.350547730829
2024-10-31,onion,4971.79706601467
2024-11-01,onion,4938.917733089579
2024-11-02,onion,4801.655058043118
2024-11-03,onion,4800.91932059448
2024-11-04,onion,4733.104895104895
2024-11-05,onion,4750.994557823129
2024-11-06,onion,4787.4327563249
2024-11-07,onion,4846.594663278272
2024-11-08,onion,4930.718467336684
2024-11-09,onion,5020.040644699141
2024-11-10,onion,5265.69900990099
2024-11-11,onion,5117.384905660378
2024-11-12,onion,5108.254851228978
2024-11-13,onion,5041.941207115629
2024-11-14,onion,5174.3483965014575
2024-11-15,onion,5209.043936731107
2024-11-16,onion,5099.876306620209
2024-11-17,onion,5430.052369077307
2024-11-18,onion,4972.730659340659
2024-11-19,onion,4901.39652870494
2024-11-20,onion,4939.072625698324
2024-11-21,onion,4807.767879548306
2024-11-22,onion,4710.945121328225
2024-11-23,onion,4836.838397790055
2024-11-24,onion,4928.058350100604
2024-11-25,onion,4683.783972772278
2024-11-26,onion,4748.355696202531
2024-11-27,onion,4705.706030150754
2024-11-28,onion,4721.141191709845
2024-11-29,onion,4631.1240063593
2024-11-30,onion,4262.673563218391
2024-12-01,onion,3992.075
2024-12-02,onion,4741.105960264901
2024-12-03,onion,4678.866580310881
2024-12-04,onion,4737.7266754270695
2024-12-05,onion,4598.86987113402
2024-12-06,onion,4709.233548387097
2024-12-07,onion,4703.479082321188
2024-12-08,onion,4969.839175257732
2024-12-09,onion,4696.595578673602
2024-12-10,onion,4694.924554183814
2024-12-11,onion,4741.131614654003
2024-12-12,onion,4596.265279583875
2024-12-13,onion,4576.07783887468
2024-12-14,onion,4628.228070175439
2024-12-15,onion,4752.552419354839
2024-12-16,onion,4404.1709183673465
2024-12-17,onion,4261.988693467337
2024-12-18,onion,4141.44055068836
2024-12-19,onion,3965.1918316831684
2024-12-20,onion,3829.4248143564355
2024-12-21,onion,3764.8209150326797
2024-12-22,onion,3997.1743486973946
2024-12-23,onion,3997.1743486973946
2024-12-24,onion,3473.3606789250352
2024-12-25,onion,3429.9449081803004
2024-12-26,onion,3377.352564102564
2024-12-27,onion,3363.221204188482
2024-12-28,onion,3364.7128427128428
2024-12-29,onion,3504.3829787234044
2024-12-30,onion,3367.60900140647
2024-12-31,onion,3332.1462290502795
2019-01-01,potato,810.083916083916
2019-01-02,potato,760.459595959596
2019-01-03,potato,774.3756260434056
2019-01-04,potato,801.19
2019-01-05,potato,812.5711805555555
2019-01-06,potato,733.0687022900763
2019-01-07,potato,812.042372881356
2019-01-08,potato,708.2156133828996
2019-01-09,potato,718.7482394366198
2019-01-10,potato,813.3491525423728
2019-01-11,potato,790.8601398601398
2019-01-12,potato,724.431640625
2019-01-13,potato,726.3090452261307
2019-01-14,potato,796.9050966608085
2019-01-15,potato,774.8199643493762
2019-01-16,potato,796.5934426229509
2019-01-17,potato,796.2798013245033
2019-01-18,potato,779.8316498316499
2019-01-19,potato,780.7504273504273
2019-01-20,potato,709.2691358024691
2019-01-21,potato,796.8513071895425
2019-01-22,potato,781.1735395189004
2019-01-23,potato,796.5234113712374
2019-01-24,potato,793.32
2019-01-25,potato,778.128813559322
2019-01-26,potato,715.974025974026
2019-01-27,potato,691.9351351351352
2019-01-28,potato,766.7188019966723
2019-01-29,potato,772.5804311774461
2019-01-30,potato,767.6306913996627
2019-01-31,potato,781.4833333333333
2019-02-01,potato,754.3079584775087
2019-02-02,potato,772.9349736379613
2019-02-03,potato,696.2415584415585
2019-02-04,potato,760.6794657762938
2019-02-05,potato,748.035294117647
2019-02-06,potato,728.456228956229
2019-02-07,potato,750.8924914675767
2019-02-08,potato,747.3544973544973
2019-02-09,potato,703.4223484848485
2019-02-10,potato,672.4205128205128
2019-02-11,potato,755.2524429967426
2019-02-12,potato,747.0226171243942
2019-02-13,potato,748.294214876033
2019-02-14,potato,753.2744425385935
2019-02-15,potato,745.4559322033898
2019-02-16,potato,755.6521739130435
2019-02-17,potato,655.6666666666666
2019-02-18,potato,696.0869565217391
2019-02-19,potato,749.3138686131387
2019-02-20,potato,750.7313691507799
2019-02-21,potato,752.7152428810721
2019-02-22,potato,753.9131886477462
2019-02-23,potato,753.5503472222222
2019-02-24,potato,667.6565656565657
2019-02-25,potato,732.016694490818
2019-02-26,potato,721.3524451939292
2019-02-27,potato,734.5275862068966
2019-02-28,potato,763.031894934334
2019-03-01,potato,756.4179104477612
2019-03-02,potato,733.7368421052631
2019-03-03,potato,676.6611570247934
2019-03-04,potato,696.2082514734774
2019-03-05,potato,755.1644951140065
2019-03-06,potato,743.0614886731391
2019-03-07,potato,750.9831365935919
2019-03-08,potato,762.4322033898305
2019-03-09,potato,708.6673189823874
2019-03-10,potato,694.5219638242894
2019-03-11,potato,755.6622950819672
2019-03-12,potato,746.0096774193548
2019-03-13,potato,754.5971107544141
2019-03-14,potato,780.3252032520326
2019-03-15,potato,765.8006644518273
2019-03-16,potato,768.0539629005059
2019-03-17,potato,695.7058823529412
2019-03-18,potato,769.2313787638669
2019-03-19,potato,748.257281553398
2019-03-20,potato,786.6082862523541
2019-03-21,potato,846.8064516129032
2019-03-22,potato,773.9142300194932
2019-03-23,potato,780.4116638078902
2019-03-24,potato,696.7384987893463
2019-03-25,potato,784.354943273906
2019-03-26,potato,761.6426332288402
2019-03-27,potato,777.3006430868168
2019-03-28,potato,795.9244663382594
2019-03-29,potato,781.8227194492255
2019-03-30,potato,795.0875
2019-03-31,potato,769.3536231884058
2019-04-01,potato,807.824531516184
2019-04-02,potato,794.9624183006536
2019-04-03,potato,795.8292282430214
2019-04-04,potato,803.2859504132232
2019-04-05,potato,796.8347529812606
2019-04-06,potato,815.5461254612546
2019-04-07,potato,745.926582278481
2019-04-08,potato,841.7540716612377
2019-04-09,potato,827.7581699346405
2019-04-10,potato,827.2321724709784
2019-04-11,potato,850.0635208711434
2019-04-12,potato,846.6565836298932
2019-04-13,potato,805.8012552301255
2019-04-14,potato,792.228650137741
2019-04-15,potato,753.3913857677902
2019-04-16,potato,849.03264604811
2019-04-17,potato,841.2586558044807
2019-04-18,potato,792.431640625
2019-04-19,potato,781.1337719298245
2019-04-20,potato,957.2651933701658
2019-04-21,potato,947.7306666666667
2019-04-22,potato,962.846017699115
2019-04-23,potato,844.8672032193159
2019-04-24,potato,911.860824742268
2019-04-25,potato,921.5325131810193
2019-04-26,potato,1002.3899821109123
2019-04-27,potato,1010.8427184466019
2019-04-28,potato,849.5757575757576
2019-04-29,potato,942.6167664670659
2019-04-30,potato,949.9069306930693
2019-05-01,potato,868.713062098501
2019-05-02,potato,955.4689165186501
2019-05-03,potato,952.7823741007194
2019-05-04,potato,938.4495238095238
2019-05-05,potato,867.0106100795756
2019-05-06,potato,958.9386281588447
2019-05-07,potato,970.4518518518519
2019-05-08,potato,961.8747763864043
2019-05-09,potato,956.0893536121673
2019-05-10,potato,942.4409005628518
2019-05-11,potato,921.6309278350516
2019-05-12,potato,915.2330623306233
2019-05-13,potato,979.0957446808511
2019-05-14,potato,980.0804794520548
2019-05-15,potato,985.5686274509804
2019-05-16,potato,993.9094202898551
2019-05-17,potato,1003.5555555555555
2019-05-18,potato,994.9593147751606
2019-05-19,potato,907.5142045454545
2019-05-20,potato,978.9157894736842
2019-05-21,potato,975.1413793103449
2019-05-22,potato,1000.6758620689656
2019-05-23,potato,1010.6235294117647
2019-05-24,potato,1005.0739371534196
2019-05-25,potato,985.3824091778203
2019-05-26,potato,951.8851540616247
2019-05-27,potato,991.6131907308378
2019-05-28,potato,974.4352517985611
2019-05-29,potato,998.2778761061946
2019-05-30,potato,1002.2401500938087
2019-05-31,potato,1034.4182194616976
2019-06-01,potato,1011.372
2019-06-02,potato,949.1740331491712
2019-06-03,potato,998.7036363636364
2019-06-04,potato,1001.0395683453237
2019-06-05,potato,923.4164588528678
2019-06-06,potato,1014.6424361493124
2019-06-07,potato,1014.3516483516484
2019-06-08,potato,953.1434689507495
2019-06-09,potato,958.0287958115183
2019-06-10,potato,1029.3425605536331
2019-06-11,potato,1017.1023890784983
2019-06-12,potato,1045.6969696969697
2019-06-13,potato,1053.0877513711152
2019-06-14,potato,1032.5761467889909
2019-06-15,potato,1036.3902912621359
2019-06-16,potato,967.6640419947506
2019-06-17,potato,1042.4557195571956
2019-06-18,potato,1046.0391156462586
2019-06-19,potato,1045.5580204778157
2019-06-20,potato,1038.1713780918728
2019-06-21,potato,1057.1777003484322
2019-06-22,potato,1072.820326678766
2019-06-23,potato,966.64
2019-06-24,potato,1072.526405451448
2019-06-25,potato,1040.8807017543859
2019-06-26,potato,1038.4650735294117
2019-06-27,potato,1069.9335793357934
2019-06-28,potato,1050.4555765595462
2019-06-29,potato,1075.1782786885246
2019-06-30,potato,1020.0511945392492
2019-07-01,potato,1085.622641509434
2019-07-02,potato,1061.4069981583793
2019-07-03,potato,1053.6086175942548
2019-07-04,potato,1065.9852398523985
2019-07-05,potato,1070.4606946983547
2019-07-06,potato,1073.111111111111
2019-07-07,potato,1019.3044619422573
2019-07-08,potato,1078.4278350515465
2019-07-09,potato,1078.3145869947275
2019-07-10,potato,1086.0987432675045
2019-07-11,potato,1075.2440366972478
2019-07-12,potato,1096.8128440366972
2019-07-13,potato,1024.9205298013244
2019-07-14,potato,999.2893258426966
2019-07-15,potato,1115.128272251309
2019-07-16,potato,1089.0222419928825
2019-07-17,potato,1094.9842657342658
2019-07-18,potato,1110.7409948542024
2019-07-19,potato,1071.1108949416343
2019-07-20,potato,1100.910780669145
2019-07-21,potato,987.6345609065156
2019-07-22,potato,1072.2251308900525
2019-07-23,potato,1084.0228070175438
2019-07-24,potato,1084.7674825174824
2019-07-25,potato,1052.2613636363637
2019-07-26,potato,1079.0438756855576
2019-07-27,potato,1069.3715953307394
2019-07-28,potato,983.6866096866097
2019-07-29,potato,1053.983725135624
2019-07-30,potato,1062.6990990990992
2019-07-31,potato,1013.4164948453608
2019-08-01,potato,1079.984877126654
2019-08-02,potato,1088.4397163120568
2019-08-03,potato,1062.6858237547892
2019-08-04,potato,1002.6710182767624
2019-08-05,potato,1056.7342657342658
2019-08-06,potato,1055.3604852686308
2019-08-07,potato,1050.3471223021584
2019-08-08,potato,1060.2589118198873
2019-08-09,potato,1053.7667342799189
2019-08-10,potato,1012.9408983451536
2019-08-11,potato,998.1939058171745
2019-08-12,potato,1038.6391509433963
2019-08-13,potato,1049.043956043956
2019-08-14,potato,1072.336330935252
2019-08-15,potato,1072.8682432432433
2019-08-16,potato,1066.5432780847145
2019-08-17,potato,1082.4971209213052
2019-08-18,potato,999.9261213720316
2019-08-19,potato,1076.3456140350877
2019-08-20,potato,1086.4392857142857
2019-08-21,potato,1084.559633027523
2019-08-22,potato,1114.1278625954199
2019-08-23,potato,1028.2478448275863
2019-08-24,potato,1081.7404426559356
2019-08-25,potato,1031.0328767123287
2019-08-26,potato,1070.305799648506
2019-08-27,potato,1064.0711743772242
2019-08-28,potato,1035.1538461538462
2019-08-29,potato,1094.2128801431127
2019-08-30,potato,1108.2174757281553
2019-08-31,potato,1076.189247311828
2019-09-01,potato,974.3478260869565
2019-09-02,potato,1024.394495412844
2019-09-03,potato,1066.6028368794325
2019-09-04,potato,1070.043405676127
2019-09-05,potato,1076.7024647887324
2019-09-06,potato,1082.415770609319
2019-09-07,potato,1055.765037593985
2019-09-08,potato,1008.5879265091863
2019-09-09,potato,1032.6481149012568
2019-09-10,potato,1018.8426501035196
2019-09-11,potato,971.7527272727273
2019-09-12,potato,988.0038095238095
2019-09-13,potato,998.9664804469273
2019-09-14,potato,1022.469262295082
2019-09-15,potato,1027.2313829787233
2019-09-16,potato,1075.6966666666667
2019-09-17,potato,1086.6567944250871
2019-09-18,potato,1066.2874354561102
2019-09-19,potato,1052.4600355239786
2019-09-20,potato,1063.3745519713261
2019-09-21,potato,997.9770114942529
2019-09-22,potato,985.6814621409922
2019-09-23,potato,1050.0068376068375
2019-09-24,potato,1047.6701208981
2019-09-25,potato,1078.2801358234296
2019-09-26,potato,1075.56993006993
2019-09-27,potato,1056.1482142857142
2019-09-28,potato,1076.0329457364342
2019-09-29,potato,1026.0806916426513
2019-09-30,potato,1106.2395437262358
2019-10-01,potato,1096.7725490196078
2019-10-02,potato,1067.831797235023
2019-10-03,potato,1087.4417293233082
2019-10-04,potato,1109.4888059701493
2019-10-05,potato,1069.3445378151262
2019-10-06,potato,1044.0562130177516
2019-10-07,potato,1090.6316916488222
2019-10-08,potato,1073.3552036199094
2019-10-09,potato,1132.8389982110912
2019-10-10,potato,1143.2230483271376
2019-10-11,potato,1132.86388384755
2019-10-12,potato,1118.374193548387
2019-10-13,potato,1074.5625
2019-10-14,potato,1170.6440366972477
2019-10-15,potato,1141.1684981684982
2019-10-16,potato,1156.654740608229
2019-10-17,potato,1196.3832442067737
2019-10-18,potato,1192.4442508710802
2019-10-19,potato,1181.7602230483271
2019-10-20,potato,1144.819944598338
2019-10-21,potato,1204.914933837429
2019-10-22,potato,1243.693661971831
2019-10-23,potato,1216.9963768115942
2019-10-24,potato,1261.7422867513612
2019-10-25,potato,1250.8915187376726
2019-10-26,potato,1297.7383863080684
2019-10-27,potato,1251.2
2019-10-28,potato,1348.6385542168675
2019-10-29,potato,1238.5599078341013
2019-10-30,potato,1237.703275529865
2019-10-31,potato,1275.9721030042917
2019-11-01,potato,1278.8313492063492
2019-11-02,potato,1308.12109375
2019-11-03,potato,1184.1647727272727
2019-11-04,potato,1331.0553571428572
2019-11-05,potato,1307.167870036101
2019-11-06,potato,1318.320353982301
2019-11-07,potato,1305.6966911764705
2019-11-08,potato,1315.9669724770642
2019-11-09,potato,1256.3201856148492
2019-11-10,potato,1264.2050561797753
2019-11-11,potato,1324.779359430605
2019-11-12,potato,1341.2328482328483
2019-11-13,potato,1307.034542314335
2019-11-14,potato,1299.7043478260869
2019-11-15,potato,1289.6672967863894
2019-11-16,potato,1289.9266917293232
2019-11-17,potato,1266.1096605744126
2019-11-18,potato,1307.9741379310344
2019-11-19,potato,1305.5043936731108
2019-11-20,potato,1318.0017574692442
2019-11-21,potato,1326.8520499108733
2019-11-22,potato,1287.7239488117002
2019-11-23,potato,1297.2700587084148
2019-11-24,potato,1247.425
2019-11-25,potato,1285.415061295972
2019-11-26,potato,1301.8078902229845
2019-11-27,potato,1303.9268292682927
2019-11-28,potato,1320.4091743119266
2019-11-29,potato,1296.5176252319109
2019-11-30,potato,1331.5115789473684
2019-12-01,potato,1279.498480243161
2019-12-02,potato,1340.8687943262412
2019-12-03,potato,1388.3737024221452
2019-12-04,potato,1397.8747855917668
2019-12-05,potato,1430.659090909091
2019-12-06,potato,1402.9375
2019-12-07,potato,1410.5434782608695
2019-12-08,potato,1354.2411924119242
2019-12-09,potato,1437.8598615916956
2019-12-10,potato,1422.3544303797469
2019-12-11,potato,1455.8487084870849
2019-12-12,potato,1448.5348837209303
2019-12-13,potato,1475.857421875
2019-12-14,potato,1476.1346153846155
2019-12-15,potato,1480.1288515406163
2019-12-16,potato,1599.5017605633802
2019-12-17,potato,1565.4990925589836
2019-12-18,potato,1681.7613240418118
2019-12-19,potato,1685.2885304659499
2019-12-20,potato,1703.1773308957952
2019-12-21,potato,1680.349609375
2019-12-22,potato,1599.327536231884
2019-12-23,potato,1699.9609929078015
2019-12-24,potato,1675.3321428571428
2019-12-25,potato,1563.2314814814815
2019-12-26,potato,1660.9684014869888
2019-12-27,potato,1634.0633147113595
2019-12-28,potato,1601.6546906187625
2019-12-29,potato,1615.02849002849
2019-12-30,potato,1650.3211678832117
2019-12-31,potato,1692.0701402805612
2020-01-01,potato,1700.680965147453
2020-01-02,potato,1635.3817330210773
2020-01-03,potato,1665.7707129094413
2020-01-04,potato,1667.0961923847694
2020-01-05,potato,1628.3415977961433
2020-01-06,potato,1667.632058287796
2020-01-07,potato,1685.7304964539007
2020-01-08,potato,1573.41015625
2020-01-09,potato,1688.5682656826568
2020-01-10,potato,1680.5927342256214
2020-01-11,potato,1606.2631578947369
2020-01-12,potato,1599.5377906976744
2020-01-13,potato,1643.769927536232
2020-01-14,potato,1673.012
2020-01-15,potato,1628.639534883721
2020-01-16,potato,1640.0892531876138
2020-01-17,potato,1644.069724770642
2020-01-18,potato,1635.7235621521336
2020-01-19,potato,1585.0731070496083
2020-01-20,potato,1610.9199288256227
2020-01-21,potato,1591.595667870036
2020-01-22,potato,1618.7486910994764
2020-01-23,potato,1564.0325047801148
2020-01-24,potato,1526.5802919708028
2020-01-25,potato,1497.5306930693068
2020-01-26,potato,1511.8321167883212
2020-01-27,potato,1461.3713235294117
2020-01-28,potato,1420.315693430657
2020-01-29,potato,1451.5700575815738
2020-01-30,potato,1430.5575396825398
2020-01-31,potato,1469.0041753653445
2020-02-01,potato,1443.845945945946
2020-02-02,potato,1358.85993485342
2020-02-03,potato,1407.4586776859503
2020-02-04,potato,1398.6070640176602
2020-02-05,potato,1353.3412073490813
2020-02-06,potato,1288.731182795699
2020-02-07,potato,1315.6745283018868
2020-02-08,potato,1295.7445887445888
2020-02-09,potato,1319.3415977961433
2020-02-10,potato,1317.3818181818183
2020-02-11,potato,1315.257602862254
2020-02-12,potato,1310.24
2020-02-13,potato,1300.373382624769
2020-02-14,potato,1326.4599627560522
2020-02-15,potato,1280.6673267326732
2020-02-16,potato,1269.6576086956522
2020-02-17,potato,1316.852994555354
2020-02-18,potato,1301.7678244972578
2020-02-19,potato,1282.702857142857
2020-02-20,potato,1308.52
2020-02-21,potato,1249.768691588785
2020-02-22,potato,1267.2202729044834
2020-02-23,potato,1258.8862973760934
2020-02-24,potato,1279.5250896057348
2020-02-25,potato,1301.8610038610038
2020-02-26,potato,1281.8656429942419
2020-02-27,potato,1292.467680608365
2020-02-28,potato,1301.4244186046512
2020-02-29,potato,1343.4091954022988
2020-03-01,potato,1282.145038167939
2020-03-02,potato,1319.3638392857142
2020-03-03,potato,1309.4282945736434
2020-03-04,potato,1314.2587800369686
2020-03-05,potato,1318.8430656934306
2020-03-06,potato,1308.0361904761905
2020-03-07,potato,1334.3852631578948
2020-03-08,potato,1323.4933774834437
2020-03-09,potato,1406.5664488017428
2020-03-10,potato,1462.2762237762238
2020-03-11,potato,1388.313253012048
2020-03-12,potato,1354.8174904942966
2020-03-13,potato,1334.8037037037036
2020-03-14,potato,1326.32683982684
2020-03-15,potato,1303.1675824175825
2020-03-16,potato,1386.6532399299474
2020-03-17,potato,1364.3660714285713
2020-03-18,potato,1389.5773913043479
2020-03-19,potato,1393.0090744101633
2020-03-20,potato,1410.197265625
2020-03-21,potato,1390.0867469879518
2020-03-22,potato,1341.8736842105263
2020-03-23,potato,1512.7408450704224
2020-03-24,potato,1586.0071684587813
2020-03-25,potato,1693.480198019802
2020-03-26,potato,1718.2649572649573
2020-03-27,potato,1801.4588744588746
2020-03-28,potato,1777.4934497816594
2020-03-29,potato,1790.5679611650485
2020-03-30,potato,1804.6723549488054
2020-03-31,potato,1718.3290155440413
2020-04-01,potato,1745.6051779935276
2020-04-02,potato,1724.1373626373627
2020-04-03,potato,1702.0544554455446
2020-04-04,potato,1680.5418604651163
2020-04-05,potato,1662.0848484848484
2020-04-06,potato,1705.19955654102
2020-04-07,potato,1669.8689956331878
2020-04-08,potato,1665.7522522522522
2020-04-09,potato,1646.7876712328766
2020-04-10,potato,1634.9212410501193
2020-04-11,potato,1655.2250639386189
2020-04-12,potato,1679.2779552715656
2020-04-13,potato,1701.2206896551725
2020-04-14,potato,1651.7908653846155
2020-04-15,potato,1709.1368653421634
2020-04-16,potato,1755.355408388521
2020-04-17,potato,1734.9863325740318
2020-04-18,potato,1701.9324324324325
2020-04-19,potato,1681.621951219512
2020-04-20,potato,1725.1380090497737
2020-04-21,potato,1709.8687089715536
2020-04-22,potato,1710.2757847533633
2020-04-23,potato,1756.1779279279278
2020-04-24,potato,1731.2027649769586
2020-04-25,potato,1708.8242280285035
2020-04-26,potato,1728.6348122866893
2020-04-27,potato,1748.6382488479262
2020-04-28,potato,1743.8516853932583
2020-04-29,potato,1740.3597285067874
2020-04-30,potato,1756.060975609756
2020-05-01,potato,1740.6173633440515
2020-05-02,potato,1740.325
2020-05-03,potato,1736.804054054054
2020-05-04,potato,1787.4844444444445
2020-05-05,potato,1756.2270642201836
2020-05-06,potato,1747.223628691983
2020-05-07,potato,1769.0950118764845
2020-05-08,potato,1718.3376906318083
2020-05-09,potato,1731.3566433566434
2020-05-10,potato,1759.782747603834
2020-05-11,potato,1747.2248908296942
2020-05-12,potato,1737.3620689655172
2020-05-13,potato,1741.281779661017
2020-05-14,potato,1722.4957264957266
2020-05-15,potato,1712.5042372881355
2020-05-16,potato,1704.6777041942605
2020-05-17,potato,1673.244776119403
2020-05-18,potato,1734.7423312883436
2020-05-19,potato,1721.2037037037037
2020-05-20,potato,1705.661733615222
2020-05-21,potato,1711.9281045751634
2020-05-22,potato,1708.7120535714287
2020-05-23,potato,1702.230593607306
2020-05-24,potato,1662.5558823529411
2020-05-25,potato,1747.9528535980148
2020-05-26,potato,1703.9937759336099
2020-05-27,potato,1704.801687763713
2020-05-28,potato,1740.412017167382
2020-05-29,potato,1702.0313807531381
2020-05-30,potato,1696.1629464285713
2020-05-31,potato,1729.4982578397212
2020-06-01,potato,1776.0054644808743
2020-06-02,potato,1776.04
2020-06-03,potato,1774.3035343035342
2020-06-04,potato,1775.4823284823285
2020-06-05,potato,1717.8067940552016
2020-06-06,potato,1728.3751063829789
2020-06-07,potato,1737.585798816568
2020-06-08,potato,1795.3459244532803
2020-06-09,potato,1797.19476861167
2020-06-10,potato,1783.0895582329317
2020-06-11,potato,1804.221875
2020-06-12,potato,1813.3776824034335
2020-06-13,potato,1752.6633416458853
2020-06-14,potato,1772.7987616099072
2020-06-15,potato,1825.1446280991736
2020-06-16,potato,1839.8683127572017
2020-06-17,potato,1857.0876826722338
2020-06-18,potato,1882.938204592902
2020-06-19,potato,1848.6362348178138
2020-06-20,potato,1860.6828193832598
2020-06-21,potato,1858.772575250836
2020-06-22,potato,1891.7373737373737
2020-06-23,potato,1880.6332622601278
2020-06-24,potato,1879.4245867768595
2020-06-25,potato,1894.5542797494782
2020-06-26,potato,1883.4492753623188
2020-06-27,potato,1889.561320754717
2020-06-28,potato,1911.4398625429553
2020-06-29,potato,1918.2904564315352
2020-06-30,potato,1942.630733944954
2020-07-01,potato,2031.3565217391304
2020-07-02,potato,2008.2101616628177
2020-07-03,potato,1955.3956989247313
2020-07-04,potato,1955.0044052863436
2020-07-05,potato,1926.025925925926
2020-07-06,potato,1999.931906614786
2020-07-07,potato,2002.3729838709678
2020-07-08,potato,2000.1451612903227
2020-07-09,potato,2025.6740890688259
2020-07-10,potato,2003.8484536082474
2020-07-11,potato,2015.6791443850268
2020-07-12,potato,2100.2824427480914
2020-07-13,potato,2049.166015625
2020-07-14,potato,2056.030181086519
2020-07-15,potato,2060.684523809524
2020-07-16,potato,2120.100616016427
2020-07-17,potato,2079.2606060606063
2020-07-18,potato,2088.3723653395787
2020-07-19,potato,2132.81640625
2020-07-20,potato,2082.986083499006
2020-07-21,potato,2120.490272373541
2020-07-22,potato,2142.556862745098
2020-07-23,potato,2123.750537634409
2020-07-24,potato,2161.281496062992
2020-07-25,potato,2120.021276595745
2020-07-26,potato,2223.4214876033056
2020-07-27,potato,2155.871743486974
2020-07-28,potato,2137.8172690763054
2020-07-29,potato,2111.6425438596493
2020-07-30,potato,2143.448637316562
2020-07-31,potato,2124.305489260143
2020-08-01,potato,2278.06103286385
2020-08-02,potato,2280.15859030837
2020-08-03,potato,2288.897574123989
2020-08-04,potato,2245.7247311827955
2020-08-05,potato,2186.039260969977
2020-08-06,potato,2226.2384769539076
2020-08-07,potato,2220.027027027027
2020-08-08,potato,2149.4289772727275
2020-08-09,potato,2283.565737051793
2020-08-10,potato,2251.9584980237155
2020-08-11,potato,2237.2996031746034
2020-08-12,potato,2320.7937219730943
2020-08-13,potato,2276.086597938144
2020-08-14,potato,2261.5426195426194
2020-08-15,potato,2271.135135135135
2020-08-16,potato,2334.221818181818
2020-08-17,potato,2278.8418079096045
2020-08-18,potato,2287.3320610687024
2020-08-19,potato,2319.901437371663
2020-08-20,potato,2289.5275779376498
2020-08-21,potato,2290.1543209876545
2020-08-22,potato,2281.5686813186812
2020-08-23,potato,2375.2448979591836
2020-08-24,potato,2341.845995893224
2020-08-25,potato,2329.2056603773585
2020-08-26,potato,2359.302734375
2020-08-27,potato,2377.147435897436
2020-08-28,potato,2386.3050505050505
2020-08-29,potato,2460.3677884615386
2020-08-30,potato,2528.1264822134385
2020-08-31,potato,2309.975845410628
2020-09-01,potato,2419.328313253012
2020-09-02,potato,2416.8929336188435
2020-09-03,potato,2441.1656565656567
2020-09-04,potato,2467.1955645161293
2020-09-05,potato,2484.8735632183907
2020-09-06,potato,2569.5020576131687
2020-09-07,potato,2530.816326530612
2020-09-08,potato,2521.4679487179487
2020-09-09,potato,2535.706796116505
2020-09-10,potato,2522.0666666666666
2020-09-11,potato,2496.955710955711
2020-09-12,potato,2558.1442542787286
2020-09-13,potato,2603.7964285714284
2020-09-14,potato,2571.5783898305085
2020-09-15,potato,2613.973231357553
2020-09-16,potato,2613.3636363636365
2020-09-17,potato,2621.397489539749
2020-09-18,potato,2622.9455252918287
2020-09-19,potato,2603.2118644067796
2020-09-20,potato,2695.1347517730496
2020-09-21,potato,2627.4431599229288
2020-09-22,potato,2649.714285714286
2020-09-23,potato,2671.1031746031745
2020-09-24,potato,2695.5746887966807
2020-09-25,potato,2787.7871287128714
2020-09-26,potato,2687.338747099768
2020-09-27,potato,2721.1098039215685
2020-09-28,potato,2716.4033264033264
2020-09-29,potato,2708.2813765182186
2020-09-30,potato,2732.3552631578946
2020-10-01,potato,2789.9478260869564
2020-10-02,potato,2693.271186440678
2020-10-03,potato,2708.5344827586205
2020-10-04,potato,2746.5429553264603
2020-10-05,potato,2720.432865731463
2020-10-06,potato,2729.31983805668
2020-10-07,potato,2698.8036072144287
2020-10-08,potato,2716.8585858585857
2020-10-09,potato,2676.5613636363637
2020-10-10,potato,2669.0806100217865
2020-10-11,potato,2696.8987341772154
2020-10-12,potato,2704.5038910505837
2020-10-13,potato,2730.8333333333335
2020-10-14,potato,2730.3084479371314
2020-10-15,potato,2728.9469214437368
2020-10-16,potato,2707.485477178423
2020-10-17,potato,2747.1622807017543
2020-10-18,potato,2735.9187279151943
2020-10-19,potato,2816.3269639065816
2020-10-20,potato,2842.0148305084745
2020-10-21,potato,2902.0358649789027
2020-10-22,potato,2959.7577092511015
2020-10-23,potato,2940.6674364896076
2020-10-24,potato,2915.9848484848485
2020-10-25,potato,2973.0856031128405
2020-10-26,potato,3030.07729468599
2020-10-27,potato,3080.3008658008657
2020-10-28,potato,3129.2237136465324
2020-10-29,potato,3057.1845102505695
2020-10-30,potato,3156.009828009828
2020-10-31,potato,3078.0866336633662
2020-11-01,potato,3145.164502164502
2020-11-02,potato,3187.843049327354
2020-11-03,potato,3202.0234042553193
2020-11-04,potato,3172.3987603305786
2020-11-05,potato,3180.25
2020-11-06,potato,3159.0934959349593
2020-11-07,potato,3163.636752136752
2020-11-08,potato,3168.814935064935
2020-11-09,potato,3164.302605210421
2020-11-10,potato,3173.9337349397592
2020-11-11,potato,3171.147474747475
2020-11-12,potato,3216.2710084033615
2020-11-13,potato,3204.933660933661
2020-11-14,potato,3254.933085501859
2020-11-15,potato,3256.3446327683614
2020-11-16,potato,3230.379396984925
2020-11-17,potato,3197.8788501026693
2020-11-18,potato,3217.0403225806454
2020-11-19,potato,3250.2448559670784
2020-11-20,potato,3265.3471074380163
2020-11-21,potato,3237.6225165562914
2020-11-22,potato,3251.5416666666665
2020-11-23,potato,3270.2529182879375
2020-11-24,potato,3296.498062015504
2020-11-25,potato,3337.549494949495
2020-11-26,potato,3237.917410714286
2020-11-27,potato,3293.8238993710693
2020-11-28,potato,3263.5550561797754
2020-11-29,potato,3301.9715302491104
2020-11-30,potato,3349.265060240964
2020-12-01,potato,3321.133514986376
2020-12-02,potato,3202.798319327731
2020-12-03,potato,3096.133192389006
2020-12-04,potato,2997.966731898239
2020-12-05,potato,2857.3026584867075
2020-12-06,potato,2781.5067567567567
2020-12-07,potato,2634.616570327553
2020-12-08,potato,2625.266666666667
2020-12-09,potato,2511.264875239923
2020-12-10,potato,2428.2533333333336
2020-12-11,potato,2398.444234404537
2020-12-12,potato,2297.147252747253
2020-12-13,potato,2250.226837060703
2020-12-14,potato,2222.2063789868666
2020-12-15,potato,2190.4045368620036
2020-12-16,potato,2090.621771217712
2020-12-17,potato,2064.929889298893
2020-12-18,potato,1939.4807339449542
2020-12-19,potato,1852.2465483234714
2020-12-20,potato,1781.5462686567164
2020-12-21,potato,1762.4430823117339
2020-12-22,potato,1684.8920863309352
2020-12-23,potato,1687.5506692160611
2020-12-24,potato,1698.8242424242424
2020-12-25,potato,1507.6870588235295
2020-12-26,potato,1605.2348178137652
2020-12-27,potato,1625.5771604938273
2020-12-28,potato,1648.0311355311355
2020-12-29,potato,1652.3832116788321
2020-12-30,potato,1663.7088846880908
2020-12-31,potato,1642.5091277890467
2021-01-01,potato,1550.6647887323943
2021-01-02,potato,1461.9164835164836
2021-01-03,potato,1481.687898089172
2021-01-04,potato,1508.9833333333333
2021-01-05,potato,1501.627027027027
2021-01-06,potato,1466.772808586762
2021-01-07,potato,1451.5037037037036
2021-01-08,potato,1397.8214285714287
2021-01-09,potato,1314.9100642398287
2021-01-10,potato,1304.4584615384615
2021-01-11,potato,1344.4857651245552
2021-01-12,potato,1302.5209471766848
2021-01-13,potato,1305.109640831758
2021-01-14,potato,1258.6990291262136
2021-01-15,potato,1264.2014787430685
2021-01-16,potato,1215.453007518797
2021-01-17,potato,1177.4495677233429
2021-01-18,potato,1228.4016666666666
2021-01-19,potato,1219.6037735849056
2021-01-20,potato,1230.8774774774774
2021-01-21,potato,1184.588132635253
2021-01-22,potato,1125.7604166666667
2021-01-23,potato,1107.629702970297
2021-01-24,potato,1050.355882352941
2021-01-25,potato,1086.071942446043
2021-01-26,potato,1050.192200557103
2021-01-27,potato,1065.021238938053
2021-01-28,potato,1077.2586872586874
2021-01-29,potato,1041.5661764705883
2021-01-30,potato,1058.992156862745
2021-01-31,potato,1020.2375886524823
2021-02-01,potato,1010.1717948717949
2021-02-02,potato,1018.71
2021-02-03,potato,1014.7917448405253
2021-02-04,potato,1000.4539007092199
2021-02-05,potato,1007.4332129963899
2021-02-06,potato,1016.8938547486033
2021-02-07,potato,954.6189024390244
2021-02-08,potato,1002.4139130434783
2021-02-09,potato,1003.698275862069
2021-02-10,potato,1005.5018050541516
2021-02-11,potato,990.437616387337
2021-02-12,potato,987.0564971751412
2021-02-13,potato,940.7818930041152
2021-02-14,potato,948.5751445086705
2021-02-15,potato,986.2350746268656
2021-02-16,potato,978.8048780487804
2021-02-17,potato,965.8295652173913
2021-02-18,potato,961.1675485008818
2021-02-19,potato,937.6524064171123
2021-02-20,potato,927.3436293436293
2021-02-21,potato,884.0543806646525
2021-02-22,potato,933.219298245614
2021-02-23,potato,911.8792792792793
2021-02-24,potato,919.6654676258993
2021-02-25,potato,918.8729582577132
2021-02-26,potato,953.7984790874525
2021-02-27,potato,929.8122270742358
2021-02-28,potato,902.4014336917563
2021-03-01,potato,939.5768261964736
2021-03-02,potato,865.0306513409962
2021-03-03,potato,921.1241379310345
2021-03-04,potato,920.1311475409836
2021-03-05,potato,949.6432337434095
2021-03-06,potato,939.8573943661971
2021-03-07,potato,893.8085714285714
2021-03-08,potato,952.265164644714
2021-03-09,potato,948.9982269503546
2021-03-10,potato,956.1593695271454
2021-03-11,potato,905.4794520547945
2021-03-12,potato,953.1137184115523
2021-03-13,potato,924.4888663967612
2021-03-14,potato,919.4389534883721
2021-03-15,potato,974.0699658703072
2021-03-16,potato,945.6196013289036
2021-03-17,potato,943.3108108108108
2021-03-18,potato,948.4217926186292
2021-03-19,potato,932.6112084063047
2021-03-20,potato,960.8317757009346
2021-03-21,potato,888.1755952380952
2021-03-22,potato,938.3278145695364
2021-03-23,potato,938.377358490566
2021-03-24,potato,946.4283246977548
2021-03-25,potato,955.7017543859649
2021-03-26,potato,996.8596881959911
2021-03-27,potato,946.9955947136564
2021-03-28,potato,988.0695970695971
2021-03-29,potato,1105.5971223021584
2021-03-30,potato,975.676
2021-03-31,potato,968.5345528455284
2021-04-01,potato,983.2110091743119
2021-04-02,potato,880.5735294117648
2021-04-03,potato,951.8472222222222
2021-04-04,potato,970.4376811594203
2021-04-05,potato,983.4083769633507
2021-04-06,potato,951.4179894179895
2021-04-07,potato,988.083185840708
2021-04-08,potato,1000.6194852941177
2021-04-09,potato,1022.4574669187145
2021-04-10,potato,972.891592920354
2021-04-11,potato,981.5666666666667
2021-04-12,potato,1042.452865064695
2021-04-13,potato,1024.3013972055887
2021-04-14,potato,963.8232558139534
2021-04-15,potato,1078.5675105485232
2021-04-16,potato,1052.5719696969697
2021-04-17,potato,1063.01012145749
2021-04-18,potato,1060.483606557377
2021-04-19,potato,1106.68
2021-04-20,potato,1098.2537313432836
2021-04-21,potato,1087.477894736842
2021-04-22,potato,1097.3629343629343
2021-04-23,potato,1088.05078125
2021-04-24,potato,1100.5989717223651
2021-04-25,potato,1138.0188679245282
2021-04-26,potato,1140.259793814433
2021-04-27,potato,1146.0080160320642
2021-04-28,potato,1130.7387914230019
2021-04-29,potato,1155.9495798319329
2021-04-30,potato,1202.822033898305
2021-05-01,potato,1147.1244635193134
2021-05-02,potato,1178.4885057471265
2021-05-03,potato,1179.7563218390806
2021-05-04,potato,1200.3403805496828
2021-05-05,potato,1168.3630952380952
2021-05-06,potato,1174.0303643724696
2021-05-07,potato,1168.761487964989
2021-05-08,potato,1137.5811518324608
2021-05-09,potato,1185.5084745762713
2021-05-10,potato,1165.6514522821576
2021-05-11,potato,1166.7100840336134
2021-05-12,potato,1192.1302521008404
2021-05-13,potato,1128.619718309859
2021-05-14,potato,1170.6243386243386
2021-05-15,potato,1182.3911980440098
2021-05-16,potato,1176.0578512396694
2021-05-17,potato,1160.465306122449
2021-05-18,potato,1188.2554455445545
2021-05-19,potato,1140.7443762781186
2021-05-20,potato,1174.1364562118126
2021-05-21,potato,1142.5908141962423
2021-05-22,potato,1185.4148681055156
2021-05-23,potato,1154.864
2021-05-24,potato,1180.52738336714
2021-05-25,potato,1173.3429752066115
2021-05-26,potato,1179.8239130434783
2021-05-27,potato,1172.4512711864406
2021-05-28,potato,1204.6530612244899
2021-05-29,potato,1207.5024271844661
2021-05-30,potato,1171.483606557377
2021-05-31,potato,1188.637894736842
2021-06-01,potato,1244.2117962466489
2021-06-02,potato,1200.7565217391304
2021-06-03,potato,1197.9696356275304
2021-06-04,potato,1198.9656565656567
2021-06-05,potato,1168.5336322869955
2021-06-06,potato,1188.031007751938
2021-06-07,potato,1186.9635316698657
2021-06-08,potato,1220.4253308128546
2021-06-09,potato,1200.543396226415
2021-06-10,potato,1188.7876984126983
2021-06-11,potato,1228.0523138832998
2021-06-12,potato,1163.9227166276346
2021-06-13,potato,1172.8560606060605
2021-06-14,potato,1170.827519379845
2021-06-15,potato,1194.7123552123553
2021-06-16,potato,1207.847619047619
2021-06-17,potato,1213.0248091603053
2021-06-18,potato,1219.828897338403
2021-06-19,potato,1183.0131868131868
2021-06-20,potato,1204.4872727272727
2021-06-21,potato,1196.1594746716698
2021-06-22,potato,1201.302103250478
2021-06-23,potato,1221.3046728971963
2021-06-24,potato,1211.265306122449
2021-06-25,potato,1205.8015873015872
2021-06-26,potato,1168.1549893842887
2021-06-27,potato,1204.6593406593406
2021-06-28,potato,1214.2971962616823
2021-06-29,potato,1221.32
2021-06-30,potato,1206.919028340081
2021-07-01,potato,1263.494708994709
2021-07-02,potato,1232.2704402515724
2021-07-03,potato,1189.4810126582279
2021-07-04,potato,1201.6085409252669
2021-07-05,potato,1197.2416356877322
2021-07-06,potato,1182.5140186915887
2021-07-07,potato,1193.6460980036297
2021-07-08,potato,1196.2344322344322
2021-07-09,potato,1190.0019607843137
2021-07-10,potato,1174.3112128146454
2021-07-11,potato,1168.3296703296703
2021-07-12,potato,1190.5280464216635
2021-07-13,potato,1173.8577075098815
2021-07-14,potato,1175.4654088050315
2021-07-15,potato,1191.055133079848
2021-07-16,potato,1174.5260115606936
2021-07-17,potato,1134.596602972399
2021-07-18,potato,1143.2189781021898
2021-07-19,potato,1176.0833333333333
2021-07-20,potato,1182.6173752310535
2021-07-21,potato,1145.4195979899498
2021-07-22,potato,1171.717017208413
2021-07-23,potato,1188.5348837209303
2021-07-24,potato,1130.270925110132
2021-07-25,potato,1180.1149425287356
2021-07-26,potato,1180.5479704797049
2021-07-27,potato,1192.3450184501844
2021-07-28,potato,1175.1414913957935
2021-07-29,potato,1175.3832335329341
2021-07-30,potato,1164.661914460285
2021-07-31,potato,1166.247191011236
2021-08-01,potato,1193.0985915492959
2021-08-02,potato,1171.1264637002341
2021-08-03,potato,1170.3443579766538
2021-08-04,potato,1164.9177820267687
2021-08-05,potato,1186.35318275154
2021-08-06,potato,1182.7752100840337
2021-08-07,potato,1174.9114688128773
2021-08-08,potato,1212.9849056603773
2021-08-09,potato,1196.0524193548388
2021-08-10,potato,1201.837837837838
2021-08-11,potato,1197.4514388489208
2021-08-12,potato,1204.8915887850467
2021-08-13,potato,1208.2166666666667
2021-08-14,potato,1165.543699186992
2021-08-15,potato,1189.282258064516
2021-08-16,potato,1190.4926199261993
2021-08-17,potato,1197.0126126126127
2021-08-18,potato,1182.222014925373
2021-08-19,potato,1210.2950495049504
2021-08-20,potato,1198.725806451613
2021-08-21,potato,1129.4753086419753
2021-08-22,potato,1162.6830985915492
2021-08-23,potato,1165.3400402414486
2021-08-24,potato,1167.9310954063603
2021-08-25,potato,1177.0389610389611
2021-08-26,potato,1175.0726577437858
2021-08-27,potato,1167.8531746031747
2021-08-28,potato,1135.7699115044247
2021-08-29,potato,1144.099315068493
2021-08-30,potato,1151.9331848552338
2021-08-31,potato,1172.1113360323886
2021-09-01,potato,1209.501400560224
2021-09-02,potato,1180.1066098081023
2021-09-03,potato,1174.0670611439841
2021-09-04,potato,1129.5776892430279
2021-09-05,potato,1132.7255520504732
2021-09-06,potato,1149.624309392265
2021-09-07,potato,1159.9345794392523
2021-09-08,potato,1157.6128440366972
2021-09-09,potato,1154.3818525519848
2021-09-10,potato,1122.602766798419
2021-09-11,potato,1115.4955947136564
2021-09-12,potato,1100.556923076923
2021-09-13,potato,1150.0682656826568
2021-09-14,potato,1159.3918918918919
2021-09-15,potato,1145.5716945996276
2021-09-16,potato,1153.4242424242425
2021-09-17,potato,1152.1579961464354
2021-09-18,potato,1125.1835205992509
2021-09-19,potato,1107.0523076923077
2021-09-20,potato,1148.3302752293578
2021-09-21,potato,1151.632541133455
2021-09-22,potato,1143.0127504553734
2021-09-23,potato,1146.7788279773156
2021-09-24,potato,1150.6204379562043
2021-09-25,potato,1143.5330661322646
2021-09-26,potato,1125.1480362537764
2021-09-27,potato,1101.7278761061948
2021-09-28,potato,1145.3685185185186
2021-09-29,potato,1144.3864077669903
2021-09-30,potato,1179.087934560327
2021-10-01,potato,1267.2339832869081
2021-10-02,potato,1110.4916666666666
2021-10-03,potato,1118.6494845360826
2021-10-04,potato,1150.2614770459081
2021-10-05,potato,1181.3171206225682
2021-10-06,potato,1185.3340292275575
2021-10-07,potato,1229.2297297297298
2021-10-08,potato,1245.1138059701493
2021-10-09,potato,1208.0273684210526
2021-10-10,potato,1188.8225806451612
2021-10-11,potato,1229.9025844930418
2021-10-12,potato,1229.380658436214
2021-10-13,potato,1242.25
2021-10-14,potato,1220.7876543209877
2021-10-15,potato,1211.4865525672371
2021-10-16,potato,1259.7222222222222
2021-10-17,potato,1223.9722222222222
2021-10-18,potato,1267.5714285714287
2021-10-19,potato,1250.6390804597702
2021-10-20,potato,1282.821205821206
2021-10-21,potato,1309.9130434782608
2021-10-22,potato,1295.5770750988142
2021-10-23,potato,1319.2188755020081
2021-10-24,potato,1319.816199376947
2021-10-25,potato,1394.8455743879472
2021-10-26,potato,1412.4736842105262
2021-10-27,potato,1456.8357664233577
2021-10-28,potato,1475.2954545454545
2021-10-29,potato,1505.6026615969581
2021-10-30,potato,1511.7365010799135
2021-10-31,potato,1509.6344086021506
2021-11-01,potato,1561.0611111111111
2021-11-02,potato,1578.1781115879828
2021-11-03,potato,1626.230215827338
2021-11-04,potato,1609.3057553956835
2021-11-05,potato,1662.1414790996785
2021-11-06,potato,1599.54272517321
2021-11-07,potato,1550.503355704698
2021-11-08,potato,1651.280303030303
2021-11-09,potato,1641.5407407407408
2021-11-10,potato,1665.0475285171103
2021-11-11,potato,1694.412109375
2021-11-12,potato,1687.2043222003929
2021-11-13,potato,1589.2237136465324
2021-11-14,potato,1584.391167192429
2021-11-15,potato,1660.3956262425447
2021-11-16,potato,1646.5796545105566
2021-11-17,potato,1639.204238921002
2021-11-18,potato,1632.102912621359
2021-11-19,potato,1617.0419426048566
2021-11-20,potato,1565.5238095238096
2021-11-21,potato,1503.0155763239875
2021-11-22,potato,1577.6353383458647
2021-11-23,potato,1562.3903345724907
2021-11-24,potato,1551.5182341650673
2021-11-25,potato,1523.1
2021-11-26,potato,1523.2722117202268
2021-11-27,potato,1522.9307535641549
2021-11-28,potato,1423.7675159235669
2021-11-29,potato,1494.6315789473683
2021-11-30,potato,1536.6526946107786
2021-12-01,potato,1505.658536585366
2021-12-02,potato,1468.2945054945055
2021-12-03,potato,1448.5757575757575
2021-12-04,potato,1429.314
2021-12-05,potato,1388.1688311688313
2021-12-06,potato,1444.1016635859519
2021-12-07,potato,1430.5084745762713
2021-12-08,potato,1396.990476190476
2021-12-09,potato,1432.2751423149905
2021-12-10,potato,1371.5452793834297
2021-12-11,potato,1309.2054794520548
2021-12-12,potato,1341.8810289389069
2021-12-13,potato,1348.1617100371748
2021-12-14,potato,1329.1
2021-12-15,potato,1357.1909090909091
2021-12-16,potato,1306.5150943396227
2021-12-17,potato,1316.5176908752328
2021-12-18,potato,1295.4221789883268
2021-12-19,potato,1254.4782608695652
2021-12-20,potato,1264.8180112570356
2021-12-21,potato,1241.19926199262
2021-12-22,potato,1249.2666666666667
2021-12-23,potato,1224.5526315789473
2021-12-24,potato,1195.5598455598456
2021-12-25,potato,1117.7370786516854
2021-12-26,potato,1197.8791540785498
2021-12-27,potato,1194.3907407407407
2021-12-28,potato,1176.2304900181489
2021-12-29,potato,1167.0727272727272
2021-12-30,potato,1166.9567669172932
2021-12-31,potato,1133.64681724846
2022-01-01,potato,1208.3208661417323
2022-01-02,potato,1164.5929203539822
2022-01-03,potato,1225.623973727422
2022-01-04,potato,1197.6298811544991
2022-01-05,potato,1167.6910994764398
2022-01-06,potato,1233.72760511883
2022-01-07,potato,1207.0017793594307
2022-01-08,potato,1139.782
2022-01-09,potato,1152.056657223796
2022-01-10,potato,1256.5094017094018
2022-01-11,potato,1256.7536945812808
2022-01-12,potato,1258.2339527027027
2022-01-13,potato,1202.1360971223023
2022-01-14,potato,1174.5985310734463
2022-01-15,potato,1264.8326996197718
2022-01-16,potato,1122.7562326869806
2022-01-17,potato,1208.7056910569106
2022-01-18,potato,1193.8422712933755
2022-01-19,potato,1155.0528
2022-01-20,potato,1168.779702970297
2022-01-21,potato,1142.4485666104554
2022-01-22,potato,1109.0482695810565
2022-01-23,potato,1100.800578034682
2022-01-24,potato,1109.3053244592345
2022-01-25,potato,1106.487644151565
2022-01-26,potato,1131.6866028708134
2022-01-27,potato,1134.704081632653
2022-01-28,potato,1126.0673234811165
2022-01-29,potato,1102.8956140350876
2022-01-30,potato,1074.0149253731342
2022-01-31,potato,1155.2391681109186
2022-02-01,potato,1072.0086355785838
2022-02-02,potato,1121.4589371980676
2022-02-03,potato,1071.73
2022-02-04,potato,1146.8006589785832
2022-02-05,potato,1076.4114490161003
2022-02-06,potato,1032.41
2022-02-07,potato,1165.0448916408668
2022-02-08,potato,1152.0434108527131
2022-02-09,potato,1173.4489795918366
2022-02-10,potato,1135.365896980462
2022-02-11,potato,1126.0154639175257
2022-02-12,potato,1114.5641509433963
2022-02-13,potato,1065.4597701149426
2022-02-14,potato,1201.1502504173623
2022-02-15,potato,1138.1274834437086
2022-02-16,potato,1194.1677966101695
2022-02-17,potato,1194.294498381877
2022-02-18,potato,1161.4301948051948
2022-02-19,potato,1218.7184466019417
2022-02-20,potato,1205.5983606557377
2022-02-21,potato,1186.0078125
2022-02-22,potato,1171.2350081037278
2022-02-23,potato,1192.0685618729096
2022-02-24,potato,1128.7688679245282
2022-02-25,potato,1189.9448818897638
2022-02-26,potato,1219.1833616298811
2022-02-27,potato,1224.237597911227
2022-02-28,potato,1206.4217462932454
2022-03-01,potato,1141.1584158415842
2022-03-02,potato,1157.9673913043478
2022-03-03,potato,1200.8238255033557
2022-03-04,potato,1189.327922077922
2022-03-05,potato,1200.2464898595945
2022-03-06,potato,1157.1414634146342
2022-03-07,potato,1229.7477341389729
2022-03-08,potato,1229.1737849779088
2022-03-09,potato,1260.876712328767
2022-03-10,potato,1222.7516129032258
2022-03-11,potato,1246.7092846270928
2022-03-12,potato,1195.4068965517242
2022-03-13,potato,1188.5876543209877
2022-03-14,potato,1258.925219941349
2022-03-15,potato,1264.679069767442
2022-03-16,potato,1222.0609951845906
2022-03-17,potato,1289.8353413654618
2022-03-18,potato,1431.144171779141
2022-03-19,potato,1313.4233009708737
2022-03-20,potato,1266.6483790523691
2022-03-21,potato,1257.582945736434
2022-03-22,potato,1253.8363047001621
2022-03-23,potato,1264.7704402515724
2022-03-24,potato,1174.2784
2022-03-25,potato,1244.0222575516693
2022-03-26,potato,1197.2190635451504
2022-03-27,potato,1301.4540682414697
2022-03-28,potato,1200.5976627712855
2022-03-29,potato,1180.8772504091653
2022-03-30,potato,1274.1028938906752
2022-03-31,potato,1286.2516556291391
2022-04-01,potato,1230.8217468805703
2022-04-02,potato,1181.777972027972
2022-04-03,potato,1183.68671679198
2022-04-04,potato,1233.8315132605305
2022-04-05,potato,1277.7153729071538
2022-04-06,potato,1241.9465648854962
2022-04-07,potato,1247.9082426127527
2022-04-08,potato,1290.220634920635
2022-04-09,potato,1201.740034662045
2022-04-10,potato,1190.270341207349
2022-04-11,potato,1290.6462264150944
2022-04-12,potato,1231.0672
2022-04-13,potato,1303.6743801652892
2022-04-14,potato,1280.070281124498
2022-04-15,potato,1148.2274509803922
2022-04-16,potato,1288.3349673202615
2022-04-17,potato,1299.6683168316831
2022-04-18,potato,1310.697247706422
2022-04-19,potato,1307.0584615384616
2022-04-20,potato,1309.6390625
2022-04-21,potato,1323.3096774193548
2022-04-22,potato,1268.4794303797469
2022-04-23,potato,1294.4485049833886
2022-04-24,potato,1287.5038759689924
2022-04-25,potato,1323.8343465045593
2022-04-26,potato,1347.879815100154
2022-04-27,potato,1331.4668769716088
2022-04-28,potato,1344.952153110048
2022-04-29,potato,1360.761217948718
2022-04-30,potato,1350.4209486166008
2022-05-01,potato,1268.4455445544554
2022-05-02,potato,1271.108581436077
2022-05-03,potato,1263.7688984881208
2022-05-04,potato,1332.9556650246304
2022-05-05,potato,1400.138795986622
2022-05-06,potato,1414.9408866995075
2022-05-07,potato,1324.75226039783
2022-05-08,potato,1341.9014084507041
2022-05-09,potato,1437.2357723577236
2022-05-10,potato,1432.7052297939779
2022-05-11,potato,1440.3967741935485
2022-05-12,potato,1435.4924623115578
2022-05-13,potato,1398.4928571428572
2022-05-14,potato,1457.4664107485605
2022-05-15,potato,1385.0594900849858
2022-05-16,potato,1495.0137931034483
2022-05-17,potato,1423.255924170616
2022-05-18,potato,1484.0897435897436
2022-05-19,potato,1458.5331179321486
2022-05-20,potato,1499.355848434926
2022-05-21,potato,1513.6960132890365
2022-05-22,potato,1554.1211340206185
2022-05-23,potato,1536.0787037037037
2022-05-24,potato,1517.0740181268882
2022-05-25,potato,1524.9033816425122
2022-05-26,potato,1534.2926421404682
2022-05-27,potato,1547.3377703826955
2022-05-28,potato,1457.5381944444443
2022-05-29,potato,1560.3675213675215
2022-05-30,potato,1544.8308207705193
2022-05-31,potato,1566.8591549295775
2022-06-01,potato,1594.945179584121
2022-06-02,potato,1535.2030651340997
2022-06-03,potato,1588.295019157088
2022-06-04,potato,1518.69
2022-06-05,potato,1517.7848837209303
2022-06-06,potato,1536.826923076923
2022-06-07,potato,1553.1628664495115
2022-06-08,potato,1551.8984509466436
2022-06-09,potato,1553.8619469026548
2022-06-10,potato,1572.4836488812393
2022-06-11,potato,1613.0375494071145
2022-06-12,potato,1551.4159779614324
2022-06-13,potato,1630.2487644151565
2022-06-14,potato,1646.2641509433963
2022-06-15,potato,1670.0502512562814
2022-06-16,potato,1608.0050420168068
2022-06-17,potato,1688.4040066777964
2022-06-18,potato,1670.9366197183099
2022-06-19,potato,1635.6629834254143
2022-06-20,potato,1714.5665024630541
2022-06-21,potato,1687.1262295081967
2022-06-22,potato,1680.71237458194
2022-06-23,potato,1703.9151414309483
2022-06-24,potato,1688.9168053244593
2022-06-25,potato,1684.766606822262
2022-06-26,potato,1781.3764705882354
2022-06-27,potato,1719.2496
2022-06-28,potato,1723.1201353637903
2022-06-29,potato,1735.567857142857
2022-06-30,potato,1792.939330543933
2022-07-01,potato,1748.5584415584415
2022-07-02,potato,1763.0579710144928
2022-07-03,potato,1687.8985915492958
2022-07-04,potato,1700.4779661016948
2022-07-05,potato,1689.535
2022-07-06,potato,1711.0724137931034
2022-07-07,potato,1705.2630662020906
2022-07-08,potato,1764.8961605584643
2022-07-09,potato,1653.0041067761806
2022-07-10,potato,1717.751497005988
2022-07-11,potato,1740.2474747474748
2022-07-12,potato,1754.1627516778524
2022-07-13,potato,1803.8768971332208
2022-07-14,potato,1813.5958549222798
2022-07-15,potato,1803.1399662731872
2022-07-16,potato,1792.8904593639577
2022-07-17,potato,1723.7208672086722
2022-07-18,potato,1810.1467741935485
2022-07-19,potato,1829.0082508250825
2022-07-20,potato,1782.0112359550562
2022-07-21,potato,1854.421052631579
2022-07-22,potato,1839.4761146496814
2022-07-23,potato,1859.5008547008547
2022-07-24,potato,1869.0762942779293
2022-07-25,potato,1822.0609555189455
2022-07-26,potato,1834.280701754386
2022-07-27,potato,1807.5374800637958
2022-07-28,potato,1821.3492333901193
2022-07-29,potato,1867.5536912751677
2022-07-30,potato,1849.5815217391305
2022-07-31,potato,1917.257525083612
2022-08-01,potato,1810.3664825046042
2022-08-02,potato,1805.0627062706271
2022-08-03,potato,1790.0253807106599
2022-08-04,potato,1801.1498316498316
2022-08-05,potato,1802.9736842105262
2022-08-06,potato,1773.2477064220184
2022-08-07,potato,1798.1810344827586
2022-08-08,potato,1817.7889273356402
2022-08-09,potato,1802.5238095238096
2022-08-10,potato,1843.516835016835
2022-08-11,potato,1864.7309941520468
2022-08-12,potato,1957.3174273858922
2022-08-13,potato,1854.19427402863
2022-08-14,potato,1886.991847826087
2022-08-15,potato,1819.352668213457
2022-08-16,potato,1860.9405144694533
2022-08-17,potato,1855.0750407830342
2022-08-18,potato,1857.4375
2022-08-19,potato,1858.077358490566
2022-08-20,potato,1861.8781725888325
2022-08-21,potato,1894.2819843342036
2022-08-22,potato,1889.4848484848485
2022-08-23,potato,1879.361111111111
2022-08-24,potato,1876.5284280936455
2022-08-25,potato,1871.164744645799
2022-08-26,potato,1864.001644736842
2022-08-27,potato,1865.1498194945848
2022-08-28,potato,1874.576819407008
2022-08-29,potato,1861.2552447552448
2022-08-30,potato,1865.0
2022-08-31,potato,1874.5278884462152
2022-09-01,potato,1828.6454033771106
2022-09-02,potato,1832.0510204081634
2022-09-03,potato,1826.1702127659576
2022-09-04,potato,1838.719895287958
2022-09-05,potato,1827.0687919463087
2022-09-06,potato,1820.218699186992
2022-09-07,potato,1803.195652173913
2022-09-08,potato,1749.2651245551601
2022-09-09,potato,1742.705772811918
2022-09-10,potato,1793.6108870967741
2022-09-11,potato,1807.281690140845
2022-09-12,potato,1819.2314335060448
2022-09-13,potato,1815.2780528052806
2022-09-14,potato,1821.2380560131796
2022-09-15,potato,1902.2565359477123
2022-09-16,potato,1840.4213114754098
2022-09-17,potato,1823.8304347826088
2022-09-18,potato,1883.3509234828496
2022-09-19,potato,1824.7671451355661
2022-09-20,potato,1821.5155993431856
2022-09-21,potato,1783.9107744107744
2022-09-22,potato,1887.0281456953642
2022-09-23,potato,1793.231173380035
2022-09-24,potato,1847.9235395189003
2022-09-25,potato,1935.0735694822888
2022-09-26,potato,1907.9719008264462
2022-09-27,potato,1878.7145187601957
2022-09-28,potato,1858.9326923076924
2022-09-29,potato,1904.80826446281
2022-09-30,potato,1873.4283018867925
2022-10-01,potato,1933.6363636363637
2022-10-02,potato,1768.6056782334385
2022-10-03,potato,1810.828413284133
2022-10-04,potato,1809.1495145631068
2022-10-05,potato,1774.6548117154812
2022-10-06,potato,1828.0776173285199
2022-10-07,potato,1834.544982698962
2022-10-08,potato,1780.2067669172932
2022-10-09,potato,1782.9234972677596
2022-10-10,potato,1853.3054187192117
2022-10-11,potato,1850.602310231023
2022-10-12,potato,1858.6356209150326
2022-10-13,potato,1873.0247116968699
2022-10-14,potato,1900.1046312178387
2022-10-15,potato,1907.2741379310344
2022-10-16,potato,1860.3423645320197
2022-10-17,potato,1892.0865224625625
2022-10-18,potato,1930.3076923076924
2022-10-19,potato,1936.8845528455286
2022-10-20,potato,1934.8890784982934
2022-10-21,potato,1931.5427046263346
2022-10-22,potato,1928.4949698189134
2022-10-23,potato,1916.6883116883116
2022-10-24,potato,1945.583769633508
2022-10-25,potato,2098.7955056179776
2022-10-26,potato,1989.2620545073376
2022-10-27,potato,1938.003838771593
2022-10-28,potato,1962.680341880342
2022-10-29,potato,1955.8409506398536
2022-10-30,potato,1968.941348973607
2022-10-31,potato,1968.5664739884394
2022-11-01,potato,1923.2553956834533
2022-11-02,potato,1949.9932998324957
2022-11-03,potato,1962.1827411167512
2022-11-04,potato,1936.5091819699499
2022-11-05,potato,1949.3919413919414
2022-11-06,potato,1864.4505494505495
2022-11-07,potato,1899.754266211604
2022-11-08,potato,1933.5535714285713
2022-11-09,potato,1908.21031096563
2022-11-10,potato,1969.7219471947194
2022-11-11,potato,1853.8771186440679
2022-11-12,potato,1791.6034155597722
2022-11-13,potato,1757.7069892473119
2022-11-14,potato,1798.4284539473683
2022-11-15,potato,1801.60162601626
2022-11-16,potato,1764.818759936407
2022-11-17,potato,1777.6333878887071
2022-11-18,potato,1823.6214405360133
2022-11-19,potato,1767.9607508532424
2022-11-20,potato,1669.9396325459318
2022-11-21,potato,1679.0487804878048
2022-11-22,potato,1672.0535117056857
2022-11-23,potato,1679.01
2022-11-24,potato,1753.7166392092256
2022-11-25,potato,1684.4300341296928
2022-11-26,potato,1837.475138121547
2022-11-27,potato,1615.6714285714286
2022-11-28,potato,1700.1760563380283
2022-11-29,potato,1655.6507666098807
2022-11-30,potato,1643.5872727272726
2022-12-01,potato,1718.6586715867159
2022-12-02,potato,1626.1903945111492
2022-12-03,potato,1820.0222984562606
2022-12-04,potato,1563.5655737704917
2022-12-05,potato,1629.2372322899505
2022-12-06,potato,1684.5837398373983
2022-12-07,potato,1575.2105263157894
2022-12-08,potato,1668.9765886287626
2022-12-09,potato,1599.6576728499156
2022-12-10,potato,1554.5444646098003
2022-12-11,potato,1506.9431524547804
2022-12-12,potato,1626.6421725239616
2022-12-13,potato,1598.686495176849
2022-12-14,potato,1514.388349514563
2022-12-15,potato,1612.297836938436
2022-12-16,potato,1529.9225700164745
2022-12-17,potato,1594.570205479452
2022-12-18,potato,1472.1983695652175
2022-12-19,potato,1520.4647887323943
2022-12-20,potato,1693.2627388535032
2022-12-21,potato,1485.3059581320451
2022-12-22,potato,1538.9056910569107
2022-12-23,potato,1453.6103678929767
2022-12-24,potato,1522.454054054054
2022-12-25,potato,1385.0228571428572
2022-12-26,potato,1451.023890784983
2022-12-27,potato,1381.6763698630136
2022-12-28,potato,1416.7986230636834
2022-12-29,potato,1480.3182640144666
2022-12-30,potato,1354.371186440678
2022-12-31,potato,1464.5291828793775
2023-01-01,potato,1307.7727272727273
2023-01-02,potato,1303.3165584415585
2023-01-03,potato,1341.9640522875818
2023-01-04,potato,1322.4094488188975
2023-01-05,potato,1366.6829268292684
2023-01-06,potato,1393.5058626465661
2023-01-07,potato,1408.4144736842106
2023-01-08,potato,1212.3886010362694
2023-01-09,potato,1366.1962323390894
2023-01-10,potato,1331.2591414944357
2023-01-11,potato,1321.0685358255453
2023-01-12,potato,1252.1415094339623
2023-01-13,potato,1371.387417218543
2023-01-14,potato,1262.0653465346534
2023-01-15,potato,1155.583081570997
2023-01-16,potato,1208.1887477313974
2023-01-17,potato,1320.3530612244897
2023-01-18,potato,1264.4288354898335
2023-01-19,potato,1264.1634103019537
2023-01-20,potato,1271.18398637138
2023-01-21,potato,1338.8023064250413
2023-01-22,potato,1131.1628498727734
2023-01-23,potato,1165.2683706070288
2023-01-24,potato,1231.04375
2023-01-25,potato,1234.7578253706754
2023-01-26,potato,1224.7156177156178
2023-01-27,potato,1179.0618238021639
2023-01-28,potato,1169.3630363036305
2023-01-29,potato,1077.9143576826195
2023-01-30,potato,1200.1384136858476
2023-01-31,potato,1208.5016891891892
2023-02-01,potato,1192.1393841166937
2023-02-02,potato,1151.7307692307693
2023-02-03,potato,1129.3323029366306
2023-02-04,potato,1138.0081566068516
2023-02-05,potato,992.168
2023-02-06,potato,1148.2776025236592
2023-02-07,potato,1111.309375
2023-02-08,potato,1102.3533950617284
2023-02-09,potato,1107.7337662337663
2023-02-10,potato,1057.2941176470588
2023-02-11,potato,1050.879646017699
2023-02-12,potato,952.2741514360313
2023-02-13,potato,1083.4977029096478
2023-02-14,potato,1007.9459041731067
2023-02-15,potato,1050.718152866242
2023-02-16,potato,1085.0113821138211
2023-02-17,potato,1103.0990415335464
2023-02-18,potato,997.6372180451128
2023-02-19,potato,1028.4050632911392
2023-02-20,potato,1088.5652173913043
2023-02-21,potato,1042.8277511961724
2023-02-22,potato,1054.1012861736335
2023-02-23,potato,1058.8424437299036
2023-02-24,potato,983.4064
2023-02-25,potato,1004.5648464163822
2023-02-26,potato,905.1758530183727
2023-02-27,potato,1022.4637223974763
2023-02-28,potato,1056.4707846410683
2023-03-01,potato,1030.3457627118644
2023-03-02,potato,1007.6122112211222
2023-03-03,potato,1034.4785478547856
2023-03-04,potato,970.8416370106762
2023-03-05,potato,886.6267806267806
2023-03-06,potato,1022.6417391304348
2023-03-07,potato,1019.7633744855967
2023-03-08,potato,1193.4769647696478
2023-03-09,potato,1039.7689594356261
2023-03-10,potato,1010.6035031847134
2023-03-11,potato,913.5178907721281
2023-03-12,potato,886.737400530504
2023-03-13,potato,964.0150250417362
2023-03-14,potato,1031.8036006546645
2023-03-15,potato,1047.9399656946828
2023-03-16,potato,1029.7090558766859
2023-03-17,potato,1023.1842610364683
2023-03-18,potato,1020.810546875
2023-03-19,potato,905.0104438642297
2023-03-20,potato,1082.9054290718038
2023-03-21,potato,1063.703180212014
2023-03-22,potato,1058.0890909090908
2023-03-23,potato,1095.5376344086021
2023-03-24,potato,1100.8158844765344
2023-03-25,potato,1074.899430740038
2023-03-26,potato,975.7694369973191
2023-03-27,potato,1051.1416083916083
2023-03-28,potato,1066.8264604810997
2023-03-29,potato,1076.8257042253522
2023-03-30,potato,1127.5630081300812
2023-03-31,potato,1014.1526418786693
2023-04-01,potato,1008.239175257732
2023-04-02,potato,963.2949061662198
2023-04-03,potato,1002.4912891986063
2023-04-04,potato,1034.3501805054152
2023-04-05,potato,999.4991452991453
2023-04-06,potato,953.8036437246964
2023-04-07,potato,962.776397515528
2023-04-08,potato,1001.3938814531549
2023-04-09,potato,1032.4632911392405
2023-04-10,potato,1079.7478849407782
2023-04-11,potato,1080.2016666666666
2023-04-12,potato,1075.857142857143
2023-04-13,potato,1073.2003577817532
2023-04-14,potato,1059.376753507014
2023-04-15,potato,1004.8557692307693
2023-04-16,potato,1087.228287841191
2023-04-17,potato,1141.0681818181818
2023-04-18,potato,1139.06600660066
2023-04-19,potato,1146.1355371900827
2023-04-20,potato,1133.110332749562
2023-04-21,potato,1095.1379928315412
2023-04-22,potato,1080.178947368421
2023-04-23,potato,1088.6796116504854
2023-04-24,potato,1161.1256198347107
2023-04-25,potato,1161.049504950495
2023-04-26,potato,1165.7570247933884
2023-04-27,potato,1160.0069204152248
2023-04-28,potato,1185.464406779661
2023-04-29,potato,1191.1992753623188
2023-04-30,potato,1178.7134502923977
2023-05-01,potato,1129.2162698412699
2023-05-02,potato,1191.979933110368
2023-05-03,potato,1198.2710743801654
2023-05-04,potato,1213.0936329588014
2023-05-05,potato,1279.945179584121
2023-05-06,potato,1211.8436944937832
2023-05-07,potato,1197.2068062827225
2023-05-08,potato,1271.0300500834724
2023-05-09,potato,1237.488926746167
2023-05-10,potato,1247.2953367875648
2023-05-11,potato,1277.6936090225563
2023-05-12,potato,1244.8426573426573
2023-05-13,potato,1218.4317718940938
2023-05-14,potato,1220.523560209424
2023-05-15,potato,1281.8259385665528
2023-05-16,potato,1266.7925801011804
2023-05-17,potato,1275.9360655737705
2023-05-18,potato,1276.9844559585492
2023-05-19,potato,1257.485401459854
2023-05-20,potato,1260.8277087033748
2023-05-21,potato,1244.2772020725388
2023-05-22,potato,1333.6672268907564
2023-05-23,potato,1287.8545150501673
2023-05-24,potato,1298.690635451505
2023-05-25,potato,1333.6137931034482
2023-05-26,potato,1256.200339558574
2023-05-27,potato,1277.361853832442
2023-05-28,potato,1250.2113821138212
2023-05-29,potato,1366.7947882736157
2023-05-30,potato,1292.986798679868
2023-05-31,potato,1310.2346570397112
2023-06-01,potato,1363.204152249135
2023-06-02,potato,1318.3910149750416
2023-06-03,potato,1305.8430034129692
2023-06-04,potato,1225.8769633507854
2023-06-05,potato,1296.9194078947369
2023-06-06,potato,1350.3311793214862
2023-06-07,potato,1322.0065146579805
2023-06-08,potato,1320.8569105691056
2023-06-09,potato,1300.551219512195
2023-06-10,potato,1235.4180790960452
2023-06-11,potato,1220.1186868686868
2023-06-12,potato,1331.493670886076
2023-06-13,potato,1317.5428109854604
2023-06-14,potato,1348.9295774647887
2023-06-15,potato,1332.905723905724
2023-06-16,potato,1327.6644951140065
2023-06-17,potato,1349.7692307692307
2023-06-18,potato,1273.4146341463415
2023-06-19,potato,1350.4167987321712
2023-06-20,potato,1321.2396825396825
2023-06-21,potato,1354.4485530546624
2023-06-22,potato,1416.9174757281553
2023-06-23,potato,1358.2322899505766
2023-06-24,potato,1335.744623655914
2023-06-25,potato,1279.7142857142858
2023-06-26,potato,1362.0785472972973
2023-06-27,potato,1352.6744966442952
2023-06-28,potato,1324.7686956521738
2023-06-29,potato,1326.5344036697247
2023-06-30,potato,1508.7513416815743
2023-07-01,potato,1465.2686567164178
2023-07-02,potato,1341.0378787878788
2023-07-03,potato,1485.7838063439065
2023-07-04,potato,1457.217105263158
2023-07-05,potato,1430.3677204658902
2023-07-06,potato,1428.7
2023-07-07,potato,1428.5988909426987
2023-07-08,potato,1423.8357289527721
2023-07-09,potato,1378.546195652174
2023-07-10,potato,1490.5645695364237
2023-07-11,potato,1455.2767710049422
2023-07-12,potato,1440.518341307815
2023-07-13,potato,1452.7450331125829
2023-07-14,potato,1491.834470989761
2023-07-15,potato,1591.7638640429338
2023-07-16,potato,1413.2473958333333
2023-07-17,potato,1457.9657534246576
2023-07-18,potato,1477.838141025641
2023-07-19,potato,1488.755591054313
2023-07-20,potato,1501.4347107438016
2023-07-21,potato,1524.7968503937009
2023-07-22,potato,1445.951724137931
2023-07-23,potato,1450.272040302267
2023-07-24,potato,1589.796875
2023-07-25,potato,1462.5505617977528
2023-07-26,potato,1539.8870703764321
2023-07-27,potato,1494.0622950819672
2023-07-28,potato,1463.3639455782313
2023-07-29,potato,1496.0615711252653
2023-07-30,potato,1432.0732394366198
2023-07-31,potato,1539.3557522123895
2023-08-01,potato,1619.2563667232598
2023-08-02,potato,1476.744849445325
2023-08-03,potato,1492.9099836333878
2023-08-04,potato,1477.0442930153322
2023-08-05,potato,1436.4631956912028
2023-08-06,potato,1410.2686567164178
2023-08-07,potato,1435.538745387454
2023-08-08,potato,1489.5023847376788
2023-08-09,potato,1592.7783018867924
2023-08-10,potato,1532.0242326332796
2023-08-11,potato,1539.193442622951
2023-08-12,potato,1420.571153846154
2023-08-13,potato,1408.9705882352941
2023-08-14,potato,1533.1323024054982
2023-08-15,potato,1495.1166666666666
2023-08-16,potato,1521.0990654205607
2023-08-17,potato,1501.2110726643598
2023-08-18,potato,1517.7354838709678
2023-08-19,potato,1527.0650557620818
2023-08-20,potato,1412.764880952381
2023-08-21,potato,1544.3645484949832
2023-08-22,potato,1552.8978583196047
2023-08-23,potato,1554.8180272108843
2023-08-24,potato,1507.695652173913
2023-08-25,potato,1606.5072
2023-08-26,potato,1503.543985637343
2023-08-27,potato,1498.6802325581396
2023-08-28,potato,1482.2304964539007
2023-08-29,potato,1428.5288640595902
2023-08-30,potato,1495.1322645290581
2023-08-31,potato,1513.394686907021
2023-09-01,potato,1494.2152317880796
2023-09-02,potato,1573.2849650349651
2023-09-03,potato,1384.8485714285714
2023-09-04,potato,1533.991961414791
2023-09-05,potato,1470.5603305785123
2023-09-06,potato,1441.4885931558936
2023-09-07,potato,1498.2168905950095
2023-09-08,potato,1492.710651828299
2023-09-09,potato,1403.1537037037037
2023-09-10,potato,1377.224
2023-09-11,potato,1550.1755233494364
2023-09-12,potato,1498.0377668308702
2023-09-13,potato,1500.1803005008346
2023-09-14,potato,1459.426948051948
2023-09-15,potato,1459.0770465489566
2023-09-16,potato,1465.7358490566037
2023-09-17,potato,1289.7470930232557
2023-09-18,potato,1610.7353951890034
2023-09-19,potato,1456.2390158172232
2023-09-20,potato,1466.5280528052806
2023-09-21,potato,1465.8546325878594
2023-09-22,potato,1384.0080515297907
2023-09-23,potato,1437.7539370078741
2023-09-24,potato,1334.206779661017
2023-09-25,potato,1470.8680203045685
2023-09-26,potato,1518.280991735537
2023-09-27,potato,1471.6649484536083
2023-09-28,potato,1414.8568588469184
2023-09-29,potato,1439.1944444444443
2023-09-30,potato,1422.3865546218487
2023-10-01,potato,1348.3622641509435
2023-10-02,potato,1381.2797356828194
2023-10-03,potato,1464.551724137931
2023-10-04,potato,1513.0358890701468
2023-10-05,potato,1491.826224328594
2023-10-06,potato,1442.982785602504
2023-10-07,potato,1457.175084175084
2023-10-08,potato,1340.0268096514744
2023-10-09,potato,1465.9439868204283
2023-10-10,potato,1435.6784
2023-10-11,potato,1449.6161449752883
2023-10-12,potato,1528.5586319218241
2023-10-13,potato,1445.2091503267975
2023-10-14,potato,1385.6754032258063
2023-10-15,potato,1334.0545977011495
2023-10-16,potato,1485.7760942760942
2023-10-17,potato,1420.5115894039734
2023-10-18,potato,1430.9983416252073
2023-10-19,potato,1452.135
2023-10-20,potato,1445.5133779264213
2023-10-21,potato,1430.484962406015
2023-10-22,potato,1309.8197879858658
2023-10-23,potato,1458.9326145552561
2023-10-24,potato,1403.2391799544419
2023-10-25,potato,1446.3875
2023-10-26,potato,1463.849087893864
2023-10-27,potato,1449.8435940099835
2023-10-28,potato,1438.7782101167315
2023-10-29,potato,1385.9303621169915
2023-10-30,potato,1467.7727272727273
2023-10-31,potato,1467.8776290630974
2023-11-01,potato,1491.3154981549815
2023-11-02,potato,1461.5728
2023-11-03,potato,1461.4573268921094
2023-11-04,potato,1437.6024734982332
2023-11-05,potato,1277.9876543209878
2023-11-06,potato,1443.283531409168
2023-11-07,potato,1455.7214170692432
2023-11-08,potato,1445.6181229773463
2023-11-09,potato,1451.7790507364975
2023-11-10,potato,1464.009009009009
2023-11-11,potato,1421.024064171123
2023-11-12,potato,1379.9818181818182
2023-11-13,potato,1573.040650406504
2023-11-14,potato,1476.2887931034484
2023-11-15,potato,1492.6633266533065
2023-11-16,potato,1459.728102189781
2023-11-17,potato,1451.4568965517242
2023-11-18,potato,1416.2210338680927
2023-11-19,potato,1306.2260869565218
2023-11-20,potato,1451.7356902356903
2023-11-21,potato,1452.3733333333332
2023-11-22,potato,1465.0114379084966
2023-11-23,potato,1483.4485666104554
2023-11-24,potato,1489.7258620689656
2023-11-25,potato,1455.2942430703624
2023-11-26,potato,1326.6652719665271
2023-11-27,potato,1490.5487077534792
2023-11-28,potato,1440.9832495812395
2023-11-29,potato,1457.1699669966997
2023-11-30,potato,1428.6427289048474
2023-12-01,potato,1442.5357142857142
2023-12-02,potato,1461.6307977736549
2023-12-03,potato,1282.08
2023-12-04,potato,1421.3605220228385
2023-12-05,potato,1409.6833333333334
2023-12-06,potato,1415.2554257095157
2023-12-07,potato,1365.3841059602648
2023-12-08,potato,1369.7109004739336
2023-12-09,potato,1314.293893129771
2023-12-10,potato,1276.9335180055402
2023-12-11,potato,1341.948051948052
2023-12-12,potato,1283.268412438625
2023-12-13,potato,1312.1461038961038
2023-12-14,potato,1332.2089314194577
2023-12-15,potato,1321.4261538461537
2023-12-16,potato,1295.0489396411092
2023-12-17,potato,1167.6344647519581
2023-12-18,potato,1269.615873015873
2023-12-19,potato,1268.3946957878316
2023-12-20,potato,1362.2276707530648
2023-12-21,potato,1270.4530477759472
2023-12-22,potato,1271.906510851419
2023-12-23,potato,1215.0326086956522
2023-12-24,potato,1176.0574162679425
2023-12-25,potato,1254.6351351351352
2023-12-26,potato,1231.157264957265
2023-12-27,potato,1252.6040268456377
2023-12-28,potato,1218.1954022988505
2023-12-29,potato,1202.0211726384364
2023-12-30,potato,1201.5996275605214
2023-12-31,potato,1132.1333333333334
2024-01-01,potato,1228.943661971831
2024-01-02,potato,1110.5018315018315
2024-01-03,potato,1210.7012089810016
2024-01-04,potato,1228.6639477977162
2024-01-05,potato,1231.764423076923
2024-01-06,potato,1198.8790459965928
2024-01-07,potato,1090.8179190751446
2024-01-08,potato,1222.6957983193277
2024-01-09,potato,1222.3579831932773
2024-01-10,potato,1210.3752039151714
2024-01-11,potato,1204.439236111111
2024-01-12,potato,1184.251736111111
2024-01-13,potato,1132.5774946921445
2024-01-14,potato,1138.7091503267975
2024-01-15,potato,1118.9835766423357
2024-01-16,potato,1178.0311418685121
2024-01-17,potato,1209.8818181818183
2024-01-18,potato,1191.4006622516556
2024-01-19,potato,1199.7730263157894
2024-01-20,potato,1180.5959409594095
2024-01-21,potato,1202.2565055762082
2024-01-22,potato,1225.766
2024-01-23,potato,1110.0299823633156
2024-01-24,potato,1143.4906937394246
2024-01-25,potato,1202.2295409181636
2024-01-26,potato,1069.6187050359713
2024-01-27,potato,1166.3612099644129
2024-01-28,potato,1109.0958083832336
2024-01-29,potato,1171.01652892562
2024-01-30,potato,1161.8030050083473
2024-01-31,potato,1194.954954954955
2024-02-01,potato,1178.3701842546063
2024-02-02,potato,1164.863344051447
2024-02-03,potato,1154.3156089193826
2024-02-04,potato,1066.457627118644
2024-02-05,potato,1163.4891122278057
2024-02-06,potato,1134.296357615894
2024-02-07,potato,1182.716393442623
2024-02-08,potato,1156.5668358714045
2024-02-09,potato,1169.8762711864406
2024-02-10,potato,1087.985596707819
2024-02-11,potato,1080.0611111111111
2024-02-12,potato,1173.6166950596253
2024-02-13,potato,1095.308256880734
2024-02-14,potato,1192.284467713787
2024-02-15,potato,1159.053264604811
2024-02-16,potato,1181.7419898819562
2024-02-17,potato,1200.535390199637
2024-02-18,potato,1142.2889518413597
2024-02-19,potato,1179.1291448516579
2024-02-20,potato,1205.275167785235
2024-02-21,potato,1240.0546357615895
2024-02-22,potato,1242.8341708542714
2024-02-23,potato,1228.7513043478261
2024-02-24,potato,1177.1496062992126
2024-02-25,potato,1192.5
2024-02-26,potato,1243.0664335664335
2024-02-27,potato,1279.2961730449251
2024-02-28,potato,1291.7878787878788
2024-02-29,potato,1318.4332129963898
2024-03-01,potato,1295.2941176470588
2024-03-02,potato,1248.8433515482695
2024-03-03,potato,1218.1209439528025
2024-03-04,potato,1329.1655405405406
2024-03-05,potato,1300.700680272109
2024-03-06,potato,1345.7352445193928
2024-03-07,potato,1342.847635726795
2024-03-08,potato,1243.9079497907949
2024-03-09,potato,1257.6087824351298
2024-03-10,potato,1321.7142857142858
2024-03-11,potato,1388.448028673835
2024-03-12,potato,1432.1317567567567
2024-03-13,potato,1408.7576923076922
2024-03-14,potato,1454.1359060402685
2024-03-15,potato,1492.798903107861
2024-03-16,potato,1477.6139130434783
2024-03-17,potato,1412.0392156862745
2024-03-18,potato,1519.349180327869
2024-03-19,potato,1513.2820512820513
2024-03-20,potato,1505.3824
2024-03-21,potato,1512.9301948051948
2024-03-22,potato,1503.8422818791946
2024-03-23,potato,1564.8159509202453
2024-03-24,potato,1633.9158878504672
2024-03-25,potato,1747.5723905723905
2024-03-26,potato,1563.523540489642
2024-03-27,potato,1494.583904109589
2024-03-28,potato,1469.9769911504425
2024-03-29,potato,1435.8770161290322
2024-03-30,potato,1558.831144465291
2024-03-31,potato,1555.5375939849623
2024-04-01,potato,1617.6175771971496
2024-04-02,potato,1491.5221932114882
2024-04-03,potato,1626.3460144927535
2024-04-04,potato,1633.4492254733218
2024-04-05,potato,1643.0877192982457
2024-04-06,potato,1669.1849192100537
2024-04-07,potato,1568.6538461538462
2024-04-08,potato,1695.8142076502731
2024-04-09,potato,1646.6114398422092
2024-04-10,potato,1599.703056768559
2024-04-11,potato,1725.8868778280544
2024-04-12,potato,1736.5553470919324
2024-04-13,potato,1777.0868644067796
2024-04-14,potato,1703.4215384615384
2024-04-15,potato,1801.2356215213358
2024-04-16,potato,1827.5323886639676
2024-04-17,potato,1882.8657718120805
2024-04-18,potato,1880.8231827111983
2024-04-19,potato,1851.1364485981308
2024-04-20,potato,1865.5277280858677
2024-04-21,potato,1812.2697947214076
2024-04-22,potato,1891.1526315789474
2024-04-23,potato,1906.184668989547
2024-04-24,potato,1925.7280265339966
2024-04-25,potato,1916.1401384083044
2024-04-26,potato,1856.5323741007194
2024-04-27,potato,1898.3130590339892
2024-04-28,potato,1866.01108033241
2024-04-29,potato,1899.6989966555184
2024-04-30,potato,1928.5303867403316
2024-05-01,potato,1836.8799212598426
2024-05-02,potato,1956.0342577487766
2024-05-03,potato,1966.9705882352941
2024-05-04,potato,1969.5376712328766
2024-05-05,potato,1882.3724489795918
2024-05-06,potato,1978.971476510067
2024-05-07,potato,1989.9825479930191
2024-05-08,potato,1996.0830564784053
2024-05-09,potato,2004.5586319218241
2024-05-10,potato,2011.3250883392227
2024-05-11,potato,1975.4493307839389
2024-05-12,potato,1958.0397727272727
2024-05-13,potato,2051.3327305605785
2024-05-14,potato,2005.904132231405
2024-05-15,potato,2018.3278955954322
2024-05-16,potato,2034.711475409836
2024-05-17,potato,2023.918918918919
2024-05-18,potato,2012.1222030981066
2024-05-19,potato,1965.6532951289398
2024-05-20,potato,2033.783276450512
2024-05-21,potato,2006.0049668874171
2024-05-22,potato,2050.20770519263
2024-05-23,potato,2087.6243093922653
2024-05-24,potato,2071.993474714519
2024-05-25,potato,2061.4038095238097
2024-05-26,potato,1964.311475409836
2024-05-27,potato,2055.8933333333334
2024-05-28,potato,2065.9357495881386
2024-05-29,potato,2002.5239669421487
2024-05-30,potato,2039.8399339933994
2024-05-31,potato,2053.048780487805
2024-06-01,potato,2124.68992248062
2024-06-02,potato,2014.8637602179836
2024-06-03,potato,2089.1196013289036
2024-06-04,potato,2073.7315789473682
2024-06-05,potato,2092.8096026490066
2024-06-06,potato,2113.8936170212764
2024-06-07,potato,2088.8229508196723
2024-06-08,potato,2075.912213740458
2024-06-09,potato,2043.1117021276596
2024-06-10,potato,2145.6985413290113
2024-06-11,potato,2125.1623376623374
2024-06-12,potato,2145.7397034596374
2024-06-13,potato,2137.886725663717
2024-06-14,potato,2190.4532110091745
2024-06-15,potato,2216.8609406952964
2024-06-16,potato,2156.4979919678717
2024-06-17,potato,2102.3691275167785
2024-06-18,potato,1954.3348554033485
2024-06-19,potato,2005.6315789473683
2024-06-20,potato,2054.153846153846
2024-06-21,potato,2057.2679083094554
2024-06-22,potato,2010.9444444444443
2024-06-23,potato,1945.304347826087
2024-06-24,potato,2065.385756676558
2024-06-25,potato,2057.34632034632
2024-06-26,potato,2104.782608695652
2024-06-27,potato,2130.1527165932453
2024-06-28,potato,2089.6627906976746
2024-06-29,potato,2093.641719745223
2024-06-30,potato,1897.633416458853
2024-07-01,potato,2178.967741935484
2024-07-02,potato,2169.0893371757925
2024-07-03,potato,2150.829197080292
2024-07-04,potato,2173.3279411764706
2024-07-05,potato,2208.4802259887006
2024-07-06,potato,2224.466467958271
2024-07-07,potato,1989.516129032258
2024-07-08,potato,2880.374277456647
2024-07-09,potato,2825.647646219686
2024-07-10,potato,2839.6814921090386
2024-07-11,potato,2837.9298998569384
2024-07-12,potato,2826.24
2024-07-13,potato,2822.735593220339
2024-07-14,potato,2929.8192219679636
2024-07-15,potato,2852.0116279069766
2024-07-16,potato,3267.894132653061
2024-07-17,potato,3141.6311111111113
2024-07-18,potato,3091.8526315789472
2024-07-19,potato,3059.431906614786
2024-07-20,potato,3066.693460490463
2024-07-21,potato,3305.2347140039446
2024-07-22,potato,3111.743624161074
2024-07-23,potato,3112.96812749004
2024-07-24,potato,3127.018567639257
2024-07-25,potato,3112.4013157894738
2024-07-26,potato,3064.0572171651497
2024-07-27,potato,3106.947658402204
2024-07-28,potato,3364.3656565656565
2024-07-29,potato,3107.032214765101
2024-07-30,potato,3098.3554952510176
2024-07-31,potato,3191.71671388102
2024-08-01,potato,3142.7715458276334
2024-08-02,potato,3119.5599472990775
2024-08-03,potato,3131.4864864864867
2024-08-04,potato,3336.3813229571983
2024-08-05,potato,3111.390438247012
2024-08-06,potato,3089.529488859764
2024-08-07,potato,3093.634308510638
2024-08-08,potato,3096.1008064516127
2024-08-09,potato,3067.7367021276596
2024-08-10,potato,3083.9340028694405
2024-08-11,potato,3254.701923076923
2024-08-12,potato,3086.177865612648
2024-08-13,potato,3090.563360881543
2024-08-14,potato,3141.5331325301204
2024-08-15,potato,3218.2264150943397
2024-08-16,potato,3083.0634696755997
2024-08-17,potato,3155.1651515151516
2024-08-18,potato,3607.0200501253134
2024-08-19,potato,3240.561128526646
2024-08-20,potato,3090.769764216366
2024-08-21,potato,3081.668500687758
2024-08-22,potato,3086.132971506106
2024-08-23,potato,3108.6978609625667
2024-08-24,potato,3178.9476117103236
2024-08-25,potato,3485.346987951807
2024-08-26,potato,3149.525316455696
2024-08-27,potato,3098.528591352859
2024-08-28,potato,3057.1557046979865
2024-08-29,potato,3106.564516129032
2024-08-30,potato,3077.7464052287582
2024-08-31,potato,3087.224582701062
2024-09-01,potato,3338.0150214592277
2024-09-02,potato,3117.217213114754
2024-09-03,potato,3064.099730458221
2024-09-04,potato,3029.3819628647216
2024-09-05,potato,3097.0506666666665
2024-09-06,potato,3055.8703703703704
2024-09-07,potato,3100.286754002911
2024-09-08,potato,3257.4282786885246
2024-09-09,potato,3026.113055181696
2024-09-10,potato,3025.371202113606
2024-09-11,potato,3015.085978835979
2024-09-12,potato,2999.908719346049
2024-09-13,potato,2989.557486631016
2024-09-14,potato,3026.6682615629984
2024-09-15,potato,3251.2737819025524
2024-09-16,potato,2961.4843260188086
2024-09-17,potato,2994.1479452054796
2024-09-18,potato,3038.521739130435
2024-09-19,potato,2986.463035019455
2024-09-20,potato,2972.4681404421326
2024-09-21,potato,2998.8639455782313
2024-09-22,potato,3223.5596153846154
2024-09-23,potato,3016.7630890052355
2024-09-24,potato,3035.0185185185187
2024-09-25,potato,3044.1288590604026
2024-09-26,potato,2985.0328515111696
2024-09-27,potato,2990.077230359521
2024-09-28,potato,3024.2179675994107
2024-09-29,potato,3241.830303030303
2024-09-30,potato,3037.990014265335
2024-10-01,potato,3077.6089466089466
2024-10-02,potato,3036.071074380165
2024-10-03,potato,3039.1547779273214
2024-10-04,potato,3027.3133333333335
2024-10-05,potato,3072.435092724679
2024-10-06,potato,3206.626262626263
2024-10-07,potato,3107.915966386555
2024-10-08,potato,3124.856125356125
2024-10-09,potato,3099.8716119828814
2024-10-10,potato,3082.4104046242774
2024-10-11,potato,3097.620481927711
2024-10-12,potato,3148.53300330033
2024-10-13,potato,3235.659183673469
2024-10-14,potato,3109.2535014005603
2024-10-15,potato,3063.468443197756
2024-10-16,potato,3092.5858725761773
2024-10-17,potato,3149.6359649122805
2024-10-18,potato,3062.4375
2024-10-19,potato,3118.5226628895184
2024-10-20,potato,3284.485089463221
2024-10-21,potato,3069.6994459833795
2024-10-22,potato,3091.0302593659944
2024-10-23,potato,3129.2849083215797
2024-10-24,potato,3077.70424403183
2024-10-25,potato,3077.0411140583556
2024-10-26,potato,3113.085880640466
2024-10-27,potato,3261.4168377823407
2024-10-28,potato,3113.4450474898235
2024-10-29,potato,3098.70323488045
2024-10-30,potato,3236.706065318818
2024-10-31,potato,3462.4639423076924
2024-11-01,potato,3343.2972972972975
2024-11-02,potato,3243.2802653399667
2024-11-03,potato,3309.7983014861998
2024-11-04,potato,3182.574212893553
2024-11-05,potato,3107.1393103448277
2024-11-06,potato,3108.849719101124
2024-11-07,potato,3104.1054852320676
2024-11-08,potato,3126.813858695652
2024-11-09,potato,3120.904903417533
2024-11-10,potato,3324.0518234165065
2024-11-11,potato,3212.88
2024-11-12,potato,3191.4376770538242
2024-11-13,potato,3137.207810320781
2024-11-14,potato,3272.6704180064307
2024-11-15,potato,3337.387755102041
2024-11-16,potato,3380.7968441814596
2024-11-17,potato,3582.4501278772377
2024-11-18,potato,3192.777117384844
2024-11-19,potato,3148.811977715877
2024-11-20,potato,3152.248939179632
2024-11-21,potato,3124.139945652174
2024-11-22,potato,3111.529093369418
2024-11-23,potato,3168.136690647482
2024-11-24,potato,3298.7237354085605
2024-11-25,potato,3159.2259810554806
2024-11-26,potato,3138.681693989071
2024-11-27,potato,3128.619699042408
2024-11-28,potato,3159.21174863388
2024-11-29,potato,3012.027607361963
2024-11-30,potato,2630.9584245076585
2024-12-01,potato,2529.9466192170817
2024-12-02,potato,3223.59595959596
2024-12-03,potato,3189.2603305785124
2024-12-04,potato,3220.2894736842104
2024-12-05,potato,3169.4370771312583
2024-12-06,potato,3204.6948228882834
2024-12-07,potato,3199.81755829904
2024-12-08,potato,3349.7092337917484
2024-12-09,potato,3154.353424657534
2024-12-10,potato,3091.2696629213483
2024-12-11,potato,3081.4910344827586
2024-12-12,potato,3001.973154362416
2024-12-13,potato,2969.822281167109
2024-12-14,potato,3033.308270676692
2024-12-15,potato,3176.25918762089
2024-12-16,potato,2937.612217795485
2024-12-17,potato,2893.4105263157894
2024-12-18,potato,2898.646830530401
2024-12-19,potato,2870.9705505761845
2024-12-20,potato,2800.6051612903225
2024-12-21,potato,2791.220994475138
2024-12-22,potato,2970.3314285714287
2024-12-23,potato,2722.501976284585
2024-12-24,potato,2728.6197991391678
2024-12-25,potato,2683.7462686567164
2024-12-26,potato,2673.5413839891453
2024-12-27,potato,2640.4554054054056
2024-12-28,potato,2651.185776487663
2024-12-29,potato,2838.2689938398357
2024-12-30,potato,2685.306358381503
2024-12-31,potato,2659.542940320233
2019-01-01,rice,1759.0907079646017
2019-01-02,rice,1746.445
2019-01-03,rice,1754.3787401574803
2019-01-04,rice,1747.9195402298851
2019-01-05,rice,1753.98755186722
2019-01-06,rice,1743.1197916666667
2019-01-07,rice,1736.2687296416939
2019-01-08,rice,1742.6524701873934
2019-01-09,rice,1727.2797319932997
2019-01-10,rice,1731.5345117845118
2019-01-11,rice,1753.0085034013605
2019-01-12,rice,1751.178947368421
2019-01-13,rice,1708.2631578947369
2019-01-14,rice,1751.7772727272727
2019-01-15,rice,1751.5330073349633
2019-01-16,rice,1748.3690987124464
2019-01-17,rice,1741.6275303643724
2019-01-18,rice,1742.6868327402135
2019-01-19,rice,1753.829568788501
2019-01-20,rice,1745.1682242990655
2019-01-21,rice,1762.7787162162163
2019-01-22,rice,1757.5677083333333
2019-01-23,rice,1733.2218370883882
2019-01-24,rice,1742.7556325823223
2019-01-25,rice,1750.94555353902
2019-01-26,rice,1744.7
2019-01-27,rice,1764.3211009174313
2019-01-28,rice,1749.6264462809918
2019-01-29,rice,1770.7962003454231
2019-01-30,rice,1742.6377551020407
2019-01-31,rice,1746.9333333333334
2019-02-01,rice,1747.6038095238096
2019-02-02,rice,1765.711409395973
2019-02-03,rice,1735.0492610837439
2019-02-04,rice,1731.8713768115942
2019-02-05,rice,1733.1394686907022
2019-02-06,rice,1744.0874751491053
2019-02-07,rice,1740.2865497076023
2019-02-08,rice,1746.3393939393939
2019-02-09,rice,1748.9898734177216
2019-02-10,rice,1725.7015706806283
2019-02-11,rice,1777.3734061930784
2019-02-12,rice,1735.0611854684512
2019-02-13,rice,1729.6666666666667
2019-02-14,rice,1732.2355212355212
2019-02-15,rice,1750.6592741935483
2019-02-16,rice,1772.2735849056603
2019-02-17,rice,1732.3333333333333
2019-02-18,rice,1736.0254403131116
2019-02-19,rice,1739.6601307189542
2019-02-20,rice,1732.7864271457086
2019-02-21,rice,1729.912955465587
2019-02-22,rice,1734.579918032787
2019-02-23,rice,1739.700767263427
2019-02-24,rice,1763.1990049751244
2019-02-25,rice,1721.9285714285713
2019-02-26,rice,1736.8592814371257
2019-02-27,rice,1732.5912698412699
2019-02-28,rice,1723.467213114754
2019-03-01,rice,1719.463700234192
2019-03-02,rice,1744.646408839779
2019-03-03,rice,1742.75625
2019-03-04,rice,1680.3373134328358
2019-03-05,rice,1712.218142548596
2019-03-06,rice,1689.535632183908
2019-03-07,rice,1711.56050955414
2019-03-08,rice,1715.2202643171806
2019-03-09,rice,1722.5335463258787
2019-03-10,rice,1737.4945652173913
2019-03-11,rice,1724.403397027601
2019-03-12,rice,1710.4234800838574
2019-03-13,rice,1709.5148936170212
2019-03-14,rice,1700.1662971175167
2019-03-15,rice,1715.638580931264
2019-03-16,rice,1757.7065527065527
2019-03-17,rice,1689.80625
2019-03-18,rice,1726.4553376906317
2019-03-19,rice,1753.5501165501166
2019-03-20,rice,1710.1144578313254
2019-03-21,rice,1667.0727272727272
2019-03-22,rice,1716.4391025641025
2019-03-23,rice,1738.6058394160584
2019-03-24,rice,1734.1257142857144
2019-03-25,rice,1711.1155555555556
2019-03-26,rice,1717.0484581497797
2019-03-27,rice,1729.1696832579185
2019-03-28,rice,1733.7869249394673
2019-03-29,rice,1723.1807511737088
2019-03-30,rice,1727.878612716763
2019-03-31,rice,1751.5923913043478
2019-04-01,rice,1715.9775561097256
2019-04-02,rice,1721.0666666666666
2019-04-03,rice,1711.3024390243902
2019-04-04,rice,1728.1030150753768
2019-04-05,rice,1733.7091988130564
2019-04-06,rice,1717.581589958159
2019-04-07,rice,1736.0344827586207
2019-04-08,rice,1699.7665847665849
2019-04-09,rice,1696.6344647519581
2019-04-10,rice,1683.841095890411
2019-04-11,rice,1696.931343283582
2019-04-12,rice,1690.8114285714287
2019-04-13,rice,1740.323076923077
2019-04-14,rice,1738.375939849624
2019-04-15,rice,1717.1023017902812
2019-04-16,rice,1724.2176470588236
2019-04-17,rice,1688.5080213903743
2019-04-18,rice,1751.0684931506848
2019-04-19,rice,1743.7085714285715
2019-04-20,rice,1746.3173076923076
2019-04-21,rice,1726.282894736842
2019-04-22,rice,1707.5036674816627
2019-04-23,rice,1715.926517571885
2019-04-24,rice,1698.8992042440318
2019-04-25,rice,1732.3102564102564
2019-04-26,rice,1729.056
2019-04-27,rice,1718.4736842105262
2019-04-28,rice,1715.3309859154929
2019-04-29,rice,1707.2904109589042
2019-04-30,rice,1713.7622739018088
2019-05-01,rice,1687.5023255813953
2019-05-02,rice,1724.3082901554403
2019-05-03,rice,1693.4266666666667
2019-05-04,rice,1727.637323943662
2019-05-05,rice,1699.4379562043796
2019-05-06,rice,1698.7390180878554
2019-05-07,rice,1719.348623853211
2019-05-08,rice,1719.9944751381215
2019-05-09,rice,1726.233870967742
2019-05-10,rice,1715.103448275862
2019-05-11,rice,1697.0111111111112
2019-05-12,rice,1679.3310344827587
2019-05-13,rice,1714.1941031941033
2019-05-14,rice,1757.0632911392406
2019-05-15,rice,1691.2139037433155
2019-05-16,rice,1728.5239361702127
2019-05-17,rice,1702.752688172043
2019-05-18,rice,1731.988326848249
2019-05-19,rice,1759.0738255033557
2019-05-20,rice,1720.432911392405
2019-05-21,rice,1702.4875
2019-05-22,rice,1697.520618556701
2019-05-23,rice,1731.9627507163323
2019-05-24,rice,1707.4858611825193
2019-05-25,rice,1702.8837920489298
2019-05-26,rice,1744.7194244604316
2019-05-27,rice,1693.8037825059102
2019-05-28,rice,1693.9578454332552
2019-05-29,rice,1694.4296296296295
2019-05-30,rice,1711.54797979798
2019-05-31,rice,1705.0330188679245
2019-06-01,rice,1727.9022082018928
2019-06-02,rice,1736.2016806722688
2019-06-03,rice,1686.8449197860962
2019-06-04,rice,1698.6177215189873
2019-06-05,rice,1699.2987012987012
2019-06-06,rice,1696.7578947368422
2019-06-07,rice,1690.2772020725388
2019-06-08,rice,1684.1538461538462
2019-06-09,rice,1715.9530201342282
2019-06-10,rice,1715.4146341463415
2019-06-11,rice,1697.8807106598986
2019-06-12,rice,1683.8316062176166
2019-06-13,rice,1678.05291005291
2019-06-14,rice,1708.0418994413408
2019-06-15,rice,1725.3501683501684
2019-06-16,rice,1669.3055555555557
2019-06-17,rice,1733.2120253164558
2019-06-18,rice,1711.3529411764705
2019-06-19,rice,1698.4088541666667
2019-06-20,rice,1723.2973684210526
2019-06-21,rice,1687.3358395989974
2019-06-22,rice,1676.52296819788
2019-06-23,rice,1719.5955882352941
2019-06-24,rice,1706.9949238578681
2019-06-25,rice,1686.9347826086957
2019-06-26,rice,1706.296918767507
2019-06-27,rice,1702.5828220858896
2019-06-28,rice,1702.7138643067847
2019-06-29,rice,1703.9657534246576
2019-06-30,rice,1669.1964285714287
2019-07-01,rice,1701.9283582089552
2019-07-02,rice,1695.4006622516556
2019-07-03,rice,1692.0062111801242
2019-07-04,rice,1674.8710691823899
2019-07-05,rice,1703.607142857143
2019-07-06,rice,1683.7664233576643
2019-07-07,rice,1673.111111111111
2019-07-08,rice,1698.8996960486322
2019-07-09,rice,1690.28611898017
2019-07-10,rice,1687.289552238806
2019-07-11,rice,1686.419642857143
2019-07-12,rice,1688.5702479338843
2019-07-13,rice,1679.1945525291828
2019-07-14,rice,1672.049645390071
2019-07-15,rice,1699.261658031088
2019-07-16,rice,1697.859943977591
2019-07-17,rice,1697.0633608815426
2019-07-18,rice,1705.0212201591512
2019-07-19,rice,1713.3810888252149
2019-07-20,rice,1712.427652733119
2019-07-21,rice,1659.7482014388488
2019-07-22,rice,1707.4671916010498
2019-07-23,rice,1708.5631578947368
2019-07-24,rice,1696.9539295392954
2019-07-25,rice,1716.684659090909
2019-07-26,rice,1709.3870056497176
2019-07-27,rice,1686.9541984732825
2019-07-28,rice,1652.151724137931
2019-07-29,rice,1725.929347826087
2019-07-30,rice,1715.3222222222223
2019-07-31,rice,1716.149295774648
2019-08-01,rice,1733.5238095238096
2019-08-02,rice,1739.6125
2019-08-03,rice,1705.8404669260701
2019-08-04,rice,1647.4785714285715
2019-08-05,rice,1690.2486033519554
2019-08-06,rice,1693.72311827957
2019-08-07,rice,1709.733918128655
2019-08-08,rice,1725.878260869565
2019-08-09,rice,1717.1653225806451
2019-08-10,rice,1678.464135021097
2019-08-11,rice,1681.5078125
2019-08-12,rice,1650.9171974522294
2019-08-13,rice,1688.85835694051
2019-08-14,rice,1727.8588235294117
2019-08-15,rice,1675.4035087719299
2019-08-16,rice,1740.6285714285714
2019-08-17,rice,1715.304347826087
2019-08-18,rice,1683.6814814814816
2019-08-19,rice,1737.3730569948186
2019-08-20,rice,1720.9809782608695
2019-08-21,rice,1715.382585751979
2019-08-22,rice,1710.0352303523034
2019-08-23,rice,1675.8169014084508
2019-08-24,rice,1732.0785340314137
2019-08-25,rice,1683.7313432835822
2019-08-26,rice,1731.5973333333334
2019-08-27,rice,1722.6666666666667
2019-08-28,rice,1724.4895287958116
2019-08-29,rice,1728.9670050761422
2019-08-30,rice,1715.6357827476038
2019-08-31,rice,1694.192857142857
2019-09-01,rice,1682.0650406504064
2019-09-02,rice,1679.9897959183672
2019-09-03,rice,1718.8443804034582
2019-09-04,rice,1718.808743169399
2019-09-05,rice,1750.702857142857
2019-09-06,rice,1724.3426966292134
2019-09-07,rice,1729.3699633699634
2019-09-08,rice,1682.307142857143
2019-09-09,rice,1724.9624664879357
2019-09-10,rice,1739.1
2019-09-11,rice,1689.8990536277602
2019-09-12,rice,1719.4309392265193
2019-09-13,rice,1749.2949438202247
2019-09-14,rice,1688.4749163879599
2019-09-15,rice,1697.5454545454545
2019-09-16,rice,1733.611650485437
2019-09-17,rice,1710.7763157894738
2019-09-18,rice,1737.0
2019-09-19,rice,1718.0984251968505
2019-09-20,rice,1722.4825737265417
2019-09-21,rice,1697.7345679012346
2019-09-22,rice,1732.8354430379748
2019-09-23,rice,1734.9530864197532
2019-09-24,rice,1717.7786259541986
2019-09-25,rice,1738.3333333333333
2019-09-26,rice,1732.6940298507463
2019-09-27,rice,1748.7240506329115
2019-09-28,rice,1707.8280701754386
2019-09-29,rice,1704.2702702702702
2019-09-30,rice,1717.1544303797468
2019-10-01,rice,1752.890625
2019-10-02,rice,1711.1420118343194
2019-10-03,rice,1744.0859375
2019-10-04,rice,1736.3664772727273
2019-10-05,rice,1742.1923076923076
2019-10-06,rice,1712.6216216216217
2019-10-07,rice,1731.7782258064517
2019-10-08,rice,1768.8938053097345
2019-10-09,rice,1768.1653746770025
2019-10-10,rice,1776.0962962962963
2019-10-11,rice,1762.803738317757
2019-10-12,rice,1752.3646112600536
2019-10-13,rice,1746.0135135135135
2019-10-14,rice,1771.8336842105264
2019-10-15,rice,1770.9229166666667
2019-10-16,rice,1781.9959100204499
2019-10-17,rice,1779.0662525879918
2019-10-18,rice,1768.0403726708075
2019-10-19,rice,1777.708536585366
2019-10-20,rice,1760.10625
2019-10-21,rice,1756.4520833333333
2019-10-22,rice,1768.5695825049702
2019-10-23,rice,1745.1553106212425
2019-10-24,rice,1754.0287610619469
2019-10-25,rice,1780.0979899497488
2019-10-26,rice,1790.7942238267149
2019-10-27,rice,1787.777027027027
2019-10-28,rice,1783.8862559241707
2019-10-29,rice,1811.98417721519
2019-10-30,rice,1752.832167832168
2019-10-31,rice,1760.53981264637
2019-11-01,rice,1765.0903954802259
2019-11-02,rice,1783.7736389684815
2019-11-03,rice,1761.1069958847736
2019-11-04,rice,1737.452157598499
2019-11-05,rice,1744.998120300752
2019-11-06,rice,1754.206204379562
2019-11-07,rice,1756.1584158415842
2019-11-08,rice,1759.4551020408164
2019-11-09,rice,1754.9238578680204
2019-11-10,rice,1743.7394957983192
2019-11-11,rice,1765.8166351606806
2019-11-12,rice,1776.1822429906542
2019-11-13,rice,1766.7985611510792
2019-11-14,rice,1758.1333955223881
2019-11-15,rice,1737.1031746031747
2019-11-16,rice,1749.2186147186146
2019-11-17,rice,1729.6
2019-11-18,rice,1742.471476510067
2019-11-19,rice,1739.9202898550725
2019-11-20,rice,1744.6217712177122
2019-11-21,rice,1756.6468330134358
2019-11-22,rice,1750.8871287128713
2019-11-23,rice,1771.3391959798994
2019-11-24,rice,1731.0817307692307
2019-11-25,rice,1775.80859375
2019-11-26,rice,1764.5201612903227
2019-11-27,rice,1763.968487394958
2019-11-28,rice,1782.7729166666666
2019-11-29,rice,1763.338056680162
2019-11-30,rice,1761.1762013729976
2019-12-01,rice,1728.270202020202
2019-12-02,rice,1777.5129224652087
2019-12-03,rice,1763.7024952015356
2019-12-04,rice,1754.6943907156674
2019-12-05,rice,1776.3457760314343
2019-12-06,rice,1758.2452651515152
2019-12-07,rice,1750.9165009940357
2019-12-08,rice,1723.2073732718893
2019-12-09,rice,1756.2473776223776
2019-12-10,rice,1740.4235727440148
2019-12-11,rice,1760.5209923664122
2019-12-12,rice,1759.43808630394
2019-12-13,rice,1743.0121722846443
2019-12-14,rice,1728.7424242424242
2019-12-15,rice,1717.2222222222222
2019-12-16,rice,1759.0645695364237
2019-12-17,rice,1791.6713780918728
2019-12-18,rice,1776.6416490486258
2019-12-19,rice,1745.6202749140894
2019-12-20,rice,1757.309885931559
2019-12-21,rice,1760.9012048192772
2019-12-22,rice,1710.3282051282051
2019-12-23,rice,1762.0780487804877
2019-12-24,rice,1748.02460456942
2019-12-25,rice,1749.1106870229007
2019-12-26,rice,1748.6920289855072
2019-12-27,rice,1743.8525179856115
2019-12-28,rice,1726.872437357631
2019-12-29,rice,1723.8073394495414
2019-12-30,rice,1733.591869918699
2019-12-31,rice,1738.0260869565218
2020-01-01,rice,1700.537216828479
2020-01-02,rice,1728.6764705882354
2020-01-03,rice,1723.1325842696629
2020-01-04,rice,1716.9546539379476
2020-01-05,rice,1712.3392857142858
2020-01-06,rice,1724.2178217821781
2020-01-07,rice,1726.7698744769875
2020-01-08,rice,1709.5772357723577
2020-01-09,rice,1727.8815533980583
2020-01-10,rice,1719.510775862069
2020-01-11,rice,1710.4505813953488
2020-01-12,rice,1739.1885714285713
2020-01-13,rice,1718.9464285714287
2020-01-14,rice,1711.8285024154588
2020-01-15,rice,1705.2437673130194
2020-01-16,rice,1726.4406779661017
2020-01-17,rice,1744.3720930232557
2020-01-18,rice,1732.038374717833
2020-01-19,rice,1720.1639344262296
2020-01-20,rice,1748.718689788054
2020-01-21,rice,1733.6107784431138
2020-01-22,rice,1725.1476377952756
2020-01-23,rice,1736.069716775599
2020-01-24,rice,1729.7837259100643
2020-01-25,rice,1708.2394736842105
2020-01-26,rice,1723.1
2020-01-27,rice,1723.8849372384936
2020-01-28,rice,1722.5191873589165
2020-01-29,rice,1720.4013605442176
2020-01-30,rice,1737.4932432432433
2020-01-31,rice,1743.54704595186
2020-02-01,rice,1731.6066176470588
2020-02-02,rice,1737.6821705426357
2020-02-03,rice,1741.0721003134797
2020-02-04,rice,1711.508982035928
2020-02-05,rice,1732.4326018808777
2020-02-06,rice,1732.0682593856654
2020-02-07,rice,1733.0299727520437
2020-02-08,rice,1734.501567398119
2020-02-09,rice,1711.8342857142857
2020-02-10,rice,1736.3543123543122
2020-02-11,rice,1722.392776523702
2020-02-12,rice,1707.2643391521196
2020-02-13,rice,1740.6421800947867
2020-02-14,rice,1716.206572769953
2020-02-15,rice,1730.3046875
2020-02-16,rice,1719.4082840236686
2020-02-17,rice,1739.7149028077754
2020-02-18,rice,1712.3125
2020-02-19,rice,1702.0807174887893
2020-02-20,rice,1729.4460431654677
2020-02-21,rice,1710.7091633466136
2020-02-22,rice,1690.3314121037463
2020-02-23,rice,1682.5738636363637
2020-02-24,rice,1714.8267898383372
2020-02-25,rice,1705.2853658536585
2020-02-26,rice,1702.1485849056603
2020-02-27,rice,1716.7651331719128
2020-02-28,rice,1700.520987654321
2020-02-29,rice,1712.679487179487
2020-03-01,rice,1648.0900900900901
2020-03-02,rice,1683.4422442244224
2020-03-03,rice,1678.884498480243
2020-03-04,rice,1673.671511627907
2020-03-05,rice,1677.4169014084507
2020-03-06,rice,1676.8011049723757
2020-03-07,rice,1676.4354838709678
2020-03-08,rice,1655.6944444444443
2020-03-09,rice,1669.7342657342658
2020-03-10,rice,1700.877192982456
2020-03-11,rice,1671.5787671232877
2020-03-12,rice,1697.185758513932
2020-03-13,rice,1673.1637931034484
2020-03-14,rice,1661.7852112676057
2020-03-15,rice,1629.3875
2020-03-16,rice,1667.389294403893
2020-03-17,rice,1686.285
2020-03-18,rice,1678.5929648241206
2020-03-19,rice,1659.796875
2020-03-20,rice,1689.2943143812709
2020-03-21,rice,1680.8339622641508
2020-03-22,rice,1652.469135802469
2020-03-23,rice,1702.5458515283842
2020-03-24,rice,1693.1162790697674
2020-03-25,rice,1690.887640449438
2020-03-26,rice,1708.1702127659576
2020-03-27,rice,1706.275
2020-03-28,rice,1679.3838383838383
2020-03-29,rice,1723.6626506024097
2020-03-30,rice,1717.6780821917807
2020-03-31,rice,1700.0838323353294
2020-04-01,rice,1747.6627906976744
2020-04-02,rice,1788.0263157894738
2020-04-03,rice,1762.4036697247707
2020-04-04,rice,1711.5700934579438
2020-04-05,rice,1749.049180327869
2020-04-06,rice,1757.6363636363637
2020-04-07,rice,1730.28125
2020-04-08,rice,1708.5419847328244
2020-04-09,rice,1725.9931034482759
2020-04-10,rice,1739.1650485436894
2020-04-11,rice,1702.9
2020-04-12,rice,1738.044776119403
2020-04-13,rice,1709.546511627907
2020-04-14,rice,1790.3131313131314
2020-04-15,rice,1697.5591397849462
2020-04-16,rice,1680.0331753554503
2020-04-17,rice,1710.6294642857142
2020-04-18,rice,1712.3870967741937
2020-04-19,rice,1754.6145833333333
2020-04-20,rice,1693.7450199203188
2020-04-21,rice,1678.2463768115942
2020-04-22,rice,1672.470802919708
2020-04-23,rice,1672.3014705882354
2020-04-24,rice,1667.953237410072
2020-04-25,rice,1655.6324786324785
2020-04-26,rice,1678.7383177570093
2020-04-27,rice,1669.1205673758866
2020-04-28,rice,1676.2915129151293
2020-04-29,rice,1679.020618556701
2020-04-30,rice,1685.056856187291
2020-05-01,rice,1663.0987654320988
2020-05-02,rice,1674.747619047619
2020-05-03,rice,1676.3294117647058
2020-05-04,rice,1657.5676691729323
2020-05-05,rice,1678.7473684210527
2020-05-06,rice,1682.7800687285223
2020-05-07,rice,1737.8508287292818
2020-05-08,rice,1687.6172413793104
2020-05-09,rice,1729.704081632653
2020-05-10,rice,1738.030612244898
2020-05-11,rice,1694.9555555555555
2020-05-12,rice,1684.248366013072
2020-05-13,rice,1700.5635179153094
2020-05-14,rice,1691.938775510204
2020-05-15,rice,1690.0282131661443
2020-05-16,rice,1731.412037037037
2020-05-17,rice,1804.3762376237623
2020-05-18,rice,1677.654867256637
2020-05-19,rice,1677.8818443804034
2020-05-20,rice,1668.291911764706
2020-05-21,rice,1667.1411042944785
2020-05-22,rice,1683.5762666666667
2020-05-23,rice,1695.6878048780488
2020-05-24,rice,1764.989247311828
2020-05-25,rice,1730.317880794702
2020-05-26,rice,1672.1596638655462
2020-05-27,rice,1687.5243553008595
2020-05-28,rice,1665.9714285714285
2020-05-29,rice,1642.892957746479
2020-05-30,rice,1673.2941176470588
2020-05-31,rice,1684.9920634920634
2020-06-01,rice,1637.3481781376518
2020-06-02,rice,1639.8932384341638
2020-06-03,rice,1663.0754716981132
2020-06-04,rice,1662.8511904761904
2020-06-05,rice,1730.3833333333334
2020-06-06,rice,1669.6527777777778
2020-06-07,rice,1684.8333333333333
2020-06-08,rice,1656.633027522936
2020-06-09,rice,1684.1966666666667
2020-06-10,rice,1702.6180555555557
2020-06-11,rice,1670.494983277592
2020-06-12,rice,1686.2
2020-06-13,rice,1656.117924528302
2020-06-14,rice,1678.142857142857
2020-06-15,rice,1673.0031347962383
2020-06-16,rice,1679.7467105263158
2020-06-17,rice,1695.7432432432433
2020-06-18,rice,1670.1612903225807
2020-06-19,rice,1669.6853146853148
2020-06-20,rice,1694.4956896551723
2020-06-21,rice,1687.474358974359
2020-06-22,rice,1687.9206896551725
2020-06-23,rice,1691.0117647058823
2020-06-24,rice,1684.7992957746478
2020-06-25,rice,1673.456204379562
2020-06-26,rice,1675.0601503759399
2020-06-27,rice,1671.341836734694
2020-06-28,rice,1697.2409638554218
2020-06-29,rice,1689.7773851590107
2020-06-30,rice,1665.3851851851853
2020-07-01,rice,1764.4416243654823
2020-07-02,rice,1690.2918454935623
2020-07-03,rice,1686.2541666666666
2020-07-04,rice,1686.7477064220184
2020-07-05,rice,1695.3493975903614
2020-07-06,rice,1684.6171003717473
2020-07-07,rice,1680.0
2020-07-08,rice,1675.1520912547528
2020-07-09,rice,1687.2471042471043
2020-07-10,rice,1702.093984962406
2020-07-11,rice,1686.2577319587629
2020-07-12,rice,1706.4285714285713
2020-07-13,rice,1715.3382899628252
2020-07-14,rice,1696.2471482889734
2020-07-15,rice,1674.652
2020-07-16,rice,1693.2217898832685
2020-07-17,rice,1715.6095617529882
2020-07-18,rice,1706.1438679245282
2020-07-19,rice,1741.5
2020-07-20,rice,1751.454054054054
2020-07-21,rice,1693.4398496240601
2020-07-22,rice,1679.9277566539924
2020-07-23,rice,1697.476
2020-07-24,rice,1711.07421875
2020-07-25,rice,1703.6707317073171
2020-07-26,rice,1729.2179487179487
2020-07-27,rice,1682.5817490494296
2020-07-28,rice,1701.1440329218108
2020-07-29,rice,1682.655319148936
2020-07-30,rice,1690.8060344827586
2020-07-31,rice,1694.25
2020-08-01,rice,1741.9107142857142
2020-08-02,rice,1670.767857142857
2020-08-03,rice,1763.981981981982
2020-08-04,rice,1671.217616580311
2020-08-05,rice,1656.1904761904761
2020-08-06,rice,1682.4229074889868
2020-08-07,rice,1660.5619469026549
2020-08-08,rice,1654.5389610389611
2020-08-09,rice,1653.5285714285715
2020-08-10,rice,1663.6962025316457
2020-08-11,rice,1649.3333333333333
2020-08-12,rice,1716.921052631579
2020-08-13,rice,1641.1617021276595
2020-08-14,rice,1658.2931034482758
2020-08-15,rice,1648.0121951219512
2020-08-16,rice,1713.2368421052631
2020-08-17,rice,1647.722448979592
2020-08-18,rice,1663.8645833333333
2020-08-19,rice,1638.128205128205
2020-08-20,rice,1654.7878787878788
2020-08-21,rice,1665.0232558139535
2020-08-22,rice,1663.5181818181818
2020-08-23,rice,1676.121951219512
2020-08-24,rice,1660.376569037657
2020-08-25,rice,1659.092
2020-08-26,rice,1657.1271186440679
2020-08-27,rice,1646.6697247706422
2020-08-28,rice,1643.2890995260664
2020-08-29,rice,1631.0395480225989
2020-08-30,rice,1695.9746835443038
2020-08-31,rice,1683.4794520547946
2020-09-01,rice,1636.2209302325582
2020-09-02,rice,1637.8652849740934
2020-09-03,rice,1616.9708737864078
2020-09-04,rice,1656.1875
2020-09-05,rice,1673.1085714285714
2020-09-06,rice,1670.741935483871
2020-09-07,rice,1649.5882352941176
2020-09-08,rice,1656.3268292682926
2020-09-09,rice,1652.0748898678414
2020-09-10,rice,1656.9690265486727
2020-09-11,rice,1639.6217616580311
2020-09-12,rice,1670.0552147239264
2020-09-13,rice,1671.9102564102564
2020-09-14,rice,1649.9623430962342
2020-09-15,rice,1665.9779735682819
2020-09-16,rice,1631.4978902953587
2020-09-17,rice,1664.1657754010696
2020-09-18,rice,1651.9110169491526
2020-09-19,rice,1674.2606382978724
2020-09-20,rice,1618.0853658536585
2020-09-21,rice,1650.6387665198238
2020-09-22,rice,1652.1131221719456
2020-09-23,rice,1656.6060606060605
2020-09-24,rice,1666.2554347826087
2020-09-25,rice,1639.0738636363637
2020-09-26,rice,1724.8206896551724
2020-09-27,rice,1670.876712328767
2020-09-28,rice,1664.1990049751244
2020-09-29,rice,1655.4297872340426
2020-09-30,rice,1654.3224489795919
2020-10-01,rice,1675.7710843373493
2020-10-02,rice,1742.4954128440368
2020-10-03,rice,1691.1848341232228
2020-10-04,rice,1710.5390625
2020-10-05,rice,1661.429054054054
2020-10-06,rice,1658.3311258278145
2020-10-07,rice,1681.5589353612168
2020-10-08,rice,1686.052
2020-10-09,rice,1687.9638554216867
2020-10-10,rice,1675.3497757847533
2020-10-11,rice,1763.2105263157894
2020-10-12,rice,1674.9243421052631
2020-10-13,rice,1674.8181818181818
2020-10-14,rice,1665.6348684210527
2020-10-15,rice,1656.515050167224
2020-10-16,rice,1664.24
2020-10-17,rice,1696.0
2020-10-18,rice,1750.0822784810127
2020-10-19,rice,1655.0709677419354
2020-10-20,rice,1689.321212121212
2020-10-21,rice,1662.2888198757764
2020-10-22,rice,1664.4858934169279
2020-10-23,rice,1657.3678929765886
2020-10-24,rice,1738.947867298578
2020-10-25,rice,1739.05223880597
2020-10-26,rice,1675.950892857143
2020-10-27,rice,1688.3788395904437
2020-10-28,rice,1668.1550632911392
2020-10-29,rice,1654.5929487179487
2020-10-30,rice,1715.5233644859813
2020-10-31,rice,1675.6573426573427
2020-11-01,rice,1703.4268292682927
2020-11-02,rice,1653.8623481781376
2020-11-03,rice,1673.271475409836
2020-11-04,rice,1685.1445945945945
2020-11-05,rice,1672.5233333333333
2020-11-06,rice,1668.9739413680782
2020-11-07,rice,1701.9572368421052
2020-11-08,rice,1722.1304347826087
2020-11-09,rice,1671.9358600583091
2020-11-10,rice,1676.0171284634762
2020-11-11,rice,1683.2966408268735
2020-11-12,rice,1704.721301775148
2020-11-13,rice,1715.9794701986755
2020-11-14,rice,1770.2619047619048
2020-11-15,rice,1717.1284403669724
2020-11-16,rice,1711.4025423728813
2020-11-17,rice,1688.9022653721684
2020-11-18,rice,1676.2918128654971
2020-11-19,rice,1683.7385869565219
2020-11-20,rice,1732.468125
2020-11-21,rice,1710.5683908045978
2020-11-22,rice,1686.7212903225807
2020-11-23,rice,1675.613930348259
2020-11-24,rice,1664.0795
2020-11-25,rice,1686.3075675675677
2020-11-26,rice,1664.247904191617
2020-11-27,rice,1669.147899159664
2020-11-28,rice,1677.1115151515153
2020-11-29,rice,1692.8354430379748
2020-11-30,rice,1705.2826855123674
2020-12-01,rice,1678.1925423728812
2020-12-02,rice,1669.9537142857143
2020-12-03,rice,1668.9646017699115
2020-12-04,rice,1695.9703703703706
2020-12-05,rice,1700.1975232198145
2020-12-06,rice,1668.0753846153846
2020-12-07,rice,1722.6363184079603
2020-12-08,rice,1729.2011527377524
2020-12-09,rice,1732.1187817258885
2020-12-10,rice,1717.387714987715
2020-12-11,rice,1725.9969543147208
2020-12-12,rice,1697.474846625767
2020-12-13,rice,1665.4910447761192
2020-12-14,rice,1731.2916864608078
2020-12-15,rice,1734.713475177305
2020-12-16,rice,1722.025
2020-12-17,rice,1703.0093596059114
2020-12-18,rice,1739.1696594427247
2020-12-19,rice,1718.4532212885156
2020-12-20,rice,1689.8806722689076
2020-12-21,rice,1724.9770270270271
2020-12-22,rice,1711.2022522522523
2020-12-23,rice,1693.2903073286054
2020-12-24,rice,1715.087878787879
2020-12-25,rice,1759.0831775700933
2020-12-26,rice,1685.477809798271
2020-12-27,rice,1717.2074626865672
2020-12-28,rice,1714.5779249448124
2020-12-29,rice,1718.4566125290025
2020-12-30,rice,1721.4458233890216
2020-12-31,rice,1729.707843137255
2021-01-01,rice,1720.3715481171548
2021-01-02,rice,1705.1164556962026
2021-01-03,rice,1691.6824561403507
2021-01-04,rice,1728.465564738292
2021-01-05,rice,1706.3866666666668
2021-01-06,rice,1706.9747945205481
2021-01-07,rice,1708.3276923076924
2021-01-08,rice,1716.15012987013
2021-01-09,rice,1699.0092409240924
2021-01-10,rice,1669.2864
2021-01-11,rice,1702.1615189873419
2021-01-12,rice,1701.9967654986524
2021-01-13,rice,1703.8011049723757
2021-01-14,rice,1702.5821428571428
2021-01-15,rice,1743.7731343283583
2021-01-16,rice,1726.4382352941177
2021-01-17,rice,1718.235294117647
2021-01-18,rice,1738.4764267990074
2021-01-19,rice,1721.306329113924
2021-01-20,rice,1715.1516709511568
2021-01-21,rice,1729.9771573604062
2021-01-22,rice,1743.2675
2021-01-23,rice,1721.7993730407522
2021-01-24,rice,1699.970802919708
2021-01-25,rice,1733.1272727272728
2021-01-26,rice,1701.2702702702702
2021-01-27,rice,1731.4728132387706
2021-01-28,rice,1726.202985074627
2021-01-29,rice,1737.9659367396594
2021-01-30,rice,1743.6497175141244
2021-01-31,rice,1738.503448275862
2021-02-01,rice,1711.8763636363637
2021-02-02,rice,1715.9692832764506
2021-02-03,rice,1708.035294117647
2021-02-04,rice,1697.0170996978852
2021-02-05,rice,1719.733524355301
2021-02-06,rice,1709.2038834951456
2021-02-07,rice,1716.8859649122808
2021-02-08,rice,1702.04
2021-02-09,rice,1689.5095367847412
2021-02-10,rice,1693.7877094972066
2021-02-11,rice,1678.2822822822823
2021-02-12,rice,1725.6676300578035
2021-02-13,rice,1712.8694158075602
2021-02-14,rice,1731.5309734513273
2021-02-15,rice,1702.5239436619718
2021-02-16,rice,1696.7444794952683
2021-02-17,rice,1721.987951807229
2021-02-18,rice,1702.782747603834
2021-02-19,rice,1698.4746268656716
2021-02-20,rice,1690.9030100334448
2021-02-21,rice,1651.7232142857142
2021-02-22,rice,1669.4493150684932
2021-02-23,rice,1659.9327731092437
2021-02-24,rice,1682.6943699731903
2021-02-25,rice,1679.3861111111112
2021-02-26,rice,1659.271875
2021-02-27,rice,1647.904761904762
2021-02-28,rice,1661.576
2021-03-01,rice,1651.614406779661
2021-03-02,rice,1642.4113475177305
2021-03-03,rice,1650.5949367088608
2021-03-04,rice,1652.0239726027398
2021-03-05,rice,1664.8652037617555
2021-03-06,rice,1699.4542124542124
2021-03-07,rice,1650.411214953271
2021-03-08,rice,1658.930513595166
2021-03-09,rice,1661.3207547169811
2021-03-10,rice,1646.8098159509202
2021-03-11,rice,1654.779569892473
2021-03-12,rice,1655.3547297297298
2021-03-13,rice,1627.7854251012145
2021-03-14,rice,1655.0655737704917
2021-03-15,rice,1666.5803278688525
2021-03-16,rice,1657.9583333333333
2021-03-17,rice,1662.5047619047618
2021-03-18,rice,1647.1348684210527
2021-03-19,rice,1659.4672897196263
2021-03-20,rice,1669.865671641791
2021-03-21,rice,1640.093023255814
2021-03-22,rice,1638.8698224852071
2021-03-23,rice,1655.3920972644378
2021-03-24,rice,1653.670807453416
2021-03-25,rice,1638.5273311897106
2021-03-26,rice,1647.2182410423452
2021-03-27,rice,1657.5176991150443
2021-03-28,rice,1664.98
2021-03-29,rice,1715.35
2021-03-30,rice,1643.2618025751074
2021-03-31,rice,1658.5410447761194
2021-04-01,rice,1646.5106382978724
2021-04-02,rice,1692.8706896551723
2021-04-03,rice,1692.4020100502512
2021-04-04,rice,1667.5943396226414
2021-04-05,rice,1662.7428571428572
2021-04-06,rice,1708.6161137440758
2021-04-07,rice,1683.107476635514
2021-04-08,rice,1665.6780341880342
2021-04-09,rice,1673.7375
2021-04-10,rice,1712.4971098265896
2021-04-11,rice,1687.4507042253522
2021-04-12,rice,1676.1519607843138
2021-04-13,rice,1694.126582278481
2021-04-14,rice,1717.1810344827586
2021-04-15,rice,1642.518134715026
2021-04-16,rice,1690.535135135135
2021-04-17,rice,1780.954887218045
2021-04-18,rice,1770.2285714285715
2021-04-19,rice,1690.2096774193549
2021-04-20,rice,1691.2756756756758
2021-04-21,rice,1674.9620253164558
2021-04-22,rice,1685.0444444444445
2021-04-23,rice,1691.8735632183907
2021-04-24,rice,1798.451923076923
2021-04-25,rice,1736.9722222222222
2021-04-26,rice,1667.7905759162304
2021-04-27,rice,1629.7977528089887
2021-04-28,rice,1653.3428571428572
2021-04-29,rice,1678.090322580645
2021-04-30,rice,1647.0242424242424
2021-05-01,rice,1702.0181818181818
2021-05-02,rice,1715.7045454545455
2021-05-03,rice,1646.456
2021-05-04,rice,1627.094890510949
2021-05-05,rice,1644.8872180451128
2021-05-06,rice,1658.2676056338028
2021-05-07,rice,1678.4228187919464
2021-05-08,rice,1683.595041322314
2021-05-09,rice,1739.623188405797
2021-05-10,rice,1614.142857142857
2021-05-11,rice,1621.8618784530386
2021-05-12,rice,1636.076923076923
2021-05-13,rice,1640.867924528302
2021-05-14,rice,1714.6868686868686
2021-05-15,rice,1689.3308823529412
2021-05-16,rice,1711.7252747252746
2021-05-17,rice,1651.7083333333333
2021-05-18,rice,1625.4891304347825
2021-05-19,rice,1664.889502762431
2021-05-20,rice,1650.7717391304348
2021-05-21,rice,1671.967741935484
2021-05-22,rice,1669.7068965517242
2021-05-23,rice,1739.5375
2021-05-24,rice,1640.3762376237623
2021-05-25,rice,1655.2511848341233
2021-05-26,rice,1717.218045112782
2021-05-27,rice,1637.0994764397906
2021-05-28,rice,1602.654028436019
2021-05-29,rice,1621.4129353233832
2021-05-30,rice,1657.8105263157895
2021-05-31,rice,1615.83203125
2021-06-01,rice,1607.3821656050955
2021-06-02,rice,1594.331550802139
2021-06-03,rice,1568.069306930693
2021-06-04,rice,1598.5240384615386
2021-06-05,rice,1607.083769633508
2021-06-06,rice,1664.6666666666667
2021-06-07,rice,1592.1349206349207
2021-06-08,rice,1596.9585062240665
2021-06-09,rice,1613.0480349344978
2021-06-10,rice,1606.7762557077626
2021-06-11,rice,1627.594017094017
2021-06-12,rice,1615.1336633663366
2021-06-13,rice,1627.9285714285713
2021-06-14,rice,1612.6600790513835
2021-06-15,rice,1580.0897959183674
2021-06-16,rice,1604.042372881356
2021-06-17,rice,1622.4628099173553
2021-06-18,rice,1601.6239669421489
2021-06-19,rice,1647.502415458937
2021-06-20,rice,1657.056179775281
2021-06-21,rice,1591.3222222222223
2021-06-22,rice,1605.199203187251
2021-06-23,rice,1611.4609375
2021-06-24,rice,1642.0663265306123
2021-06-25,rice,1621.5330739299611
2021-06-26,rice,1612.529702970297
2021-06-27,rice,1664.3372093023256
2021-06-28,rice,1603.3295880149813
2021-06-29,rice,1601.9418181818182
2021-06-30,rice,1629.9724060150374
2021-07-01,rice,1635.0487804878048
2021-07-02,rice,1646.1785714285713
2021-07-03,rice,1634.9340101522844
2021-07-04,rice,1662.0652173913043
2021-07-05,rice,1610.1534126984127
2021-07-06,rice,1597.9139344262296
2021-07-07,rice,1614.530172413793
2021-07-08,rice,1603.736111111111
2021-07-09,rice,1616.574879227053
2021-07-10,rice,1587.5686274509803
2021-07-11,rice,1642.825
2021-07-12,rice,1622.7383966244727
2021-07-13,rice,1615.2380952380952
2021-07-14,rice,1601.95
2021-07-15,rice,1616.6965811965813
2021-07-16,rice,1584.8893805309735
2021-07-17,rice,1631.7718446601941
2021-07-18,rice,1623.4468085106382
2021-07-19,rice,1601.7303370786517
2021-07-20,rice,1603.684
2021-07-21,rice,1641.8968253968253
2021-07-22,rice,1607.8549019607842
2021-07-23,rice,1597.724
2021-07-24,rice,1596.1216931216932
2021-07-25,rice,1635.9347826086957
2021-07-26,rice,1605.9711023622046
2021-07-27,rice,1591.9457364341085
2021-07-28,rice,1591.2983193277312
2021-07-29,rice,1609.7768595041323
2021-07-30,rice,1620.0325203252032
2021-07-31,rice,1623.1415525114155
2021-08-01,rice,1590.265625
2021-08-02,rice,1590.2824858757062
2021-08-03,rice,1554.9424083769634
2021-08-04,rice,1576.3045454545454
2021-08-05,rice,1563.218274111675
2021-08-06,rice,1559.0837209302326
2021-08-07,rice,1625.3711340206185
2021-08-08,rice,1633.5
2021-08-09,rice,1598.5310989010989
2021-08-10,rice,1595.0344827586207
2021-08-11,rice,1597.687747035573
2021-08-12,rice,1587.734375
2021-08-13,rice,1582.515748031496
2021-08-14,rice,1622.7704081632653
2021-08-15,rice,1690.3734939759036
2021-08-16,rice,1575.5589353612168
2021-08-17,rice,1609.2208835341366
2021-08-18,rice,1590.6381322957197
2021-08-19,rice,1593.3166666666666
2021-08-20,rice,1679.7826086956522
2021-08-21,rice,1639.4357798165138
2021-08-22,rice,1697.0666666666666
2021-08-23,rice,1616.244
2021-08-24,rice,1638.007843137255
2021-08-25,rice,1621.060975609756
2021-08-26,rice,1623.03187250996
2021-08-27,rice,1647.3894736842105
2021-08-28,rice,1661.8271604938273
2021-08-29,rice,1706.5742574257426
2021-08-30,rice,1708.2108843537414
2021-08-31,rice,1613.316
2021-09-01,rice,1576.8011049723757
2021-09-02,rice,1614.768472906404
2021-09-03,rice,1613.4429824561403
2021-09-04,rice,1637.0046296296296
2021-09-05,rice,1681.7471264367816
2021-09-06,rice,1610.4343434343434
2021-09-07,rice,1619.802752293578
2021-09-08,rice,1651.2594142259413
2021-09-09,rice,1694.392857142857
2021-09-10,rice,1680.0357142857142
2021-09-11,rice,1669.7257142857143
2021-09-12,rice,1711.0754716981132
2021-09-13,rice,1648.7366412213742
2021-09-14,rice,1635.2505925925925
2021-09-15,rice,1647.2076923076922
2021-09-16,rice,1651.3626373626373
2021-09-17,rice,1653.9856078431374
2021-09-18,rice,1677.668049792531
2021-09-19,rice,1707.4596774193549
2021-09-20,rice,1640.2157534246576
2021-09-21,rice,1656.1164383561643
2021-09-22,rice,1669.310861423221
2021-09-23,rice,1651.7205882352941
2021-09-24,rice,1657.0561403508773
2021-09-25,rice,1668.7903930131004
2021-09-26,rice,1715.8174603174602
2021-09-27,rice,1638.607142857143
2021-09-28,rice,1655.679180887372
2021-09-29,rice,1656.950177935943
2021-09-30,rice,1671.180811808118
2021-10-01,rice,1618.7972027972028
2021-10-02,rice,1685.6095238095238
2021-10-03,rice,1716.89
2021-10-04,rice,1651.469465648855
2021-10-05,rice,1685.984962406015
2021-10-06,rice,1702.9827586206898
2021-10-07,rice,1695.3667820069204
2021-10-08,rice,1689.4752475247524
2021-10-09,rice,1701.840425531915
2021-10-10,rice,1759.443113772455
2021-10-11,rice,1698.2634730538923
2021-10-12,rice,1709.4495412844037
2021-10-13,rice,1742.1473684210525
2021-10-14,rice,1756.0
2021-10-15,rice,1805.892857142857
2021-10-16,rice,1766.0225806451613
2021-10-17,rice,1787.2054794520548
2021-10-18,rice,1734.7826086956522
2021-10-19,rice,1810.5057692307691
2021-10-20,rice,1720.2326203208556
2021-10-21,rice,1751.4302631578948
2021-10-22,rice,1775.1594936708861
2021-10-23,rice,1779.8294520547945
2021-10-24,rice,1784.5906735751296
2021-10-25,rice,1751.3756836461125
2021-10-26,rice,1760.1027027027028
2021-10-27,rice,1748.3414043583534
2021-10-28,rice,1777.682619647355
2021-10-29,rice,1763.0403022670025
2021-10-30,rice,1778.9868073878629
2021-10-31,rice,1815.2757009345794
2021-11-01,rice,1803.4632768361582
2021-11-02,rice,1774.5039370078741
2021-11-03,rice,1837.3886010362694
2021-11-04,rice,1886.009708737864
2021-11-05,rice,1827.958904109589
2021-11-06,rice,1824.18
2021-11-07,rice,1845.2236842105262
2021-11-08,rice,1801.5915032679738
2021-11-09,rice,1795.9146666666666
2021-11-10,rice,1816.2088714733543
2021-11-11,rice,1776.8600583090379
2021-11-12,rice,1779.8333333333333
2021-11-13,rice,1776.4113712374583
2021-11-14,rice,1725.8121212121212
2021-11-15,rice,1770.1102023121387
2021-11-16,rice,1756.2824324324324
2021-11-17,rice,1753.258530183727
2021-11-18,rice,1760.8680351906157
2021-11-19,rice,1797.11583011583
2021-11-20,rice,1788.3827893175073
2021-11-21,rice,1791.120481927711
2021-11-22,rice,1770.3813775510205
2021-11-23,rice,1780.554707379135
2021-11-24,rice,1774.7326203208556
2021-11-25,rice,1781.2170731707317
2021-11-26,rice,1786.1341397849462
2021-11-27,rice,1793.7118694362018
2021-11-28,rice,1794.48125
2021-11-29,rice,1795.3933510638299
2021-11-30,rice,1790.4260651629072
2021-12-01,rice,1762.6521739130435
2021-12-02,rice,1769.2225519287833
2021-12-03,rice,1788.817232375979
2021-12-04,rice,1817.6448598130842
2021-12-05,rice,1833.5123456790122
2021-12-06,rice,1826.1340206185566
2021-12-07,rice,1850.9296875
2021-12-08,rice,1856.4069478908189
2021-12-09,rice,1835.9402597402598
2021-12-10,rice,1845.041237113402
2021-12-11,rice,1812.6050156739811
2021-12-12,rice,1840.0
2021-12-13,rice,1841.4596577017114
2021-12-14,rice,1841.956937799043
2021-12-15,rice,1853.6714975845412
2021-12-16,rice,1864.5422885572139
2021-12-17,rice,1875.8832487309644
2021-12-18,rice,1888.4736842105262
2021-12-19,rice,1843.5185185185185
2021-12-20,rice,1872.6446078431372
2021-12-21,rice,1861.8404761904762
2021-12-22,rice,1828.6064073226544
2021-12-23,rice,1873.1221374045801
2021-12-24,rice,1871.5558441558442
2021-12-25,rice,1872.9310344827586
2021-12-26,rice,1842.8194444444443
2021-12-27,rice,1867.9908466819222
2021-12-28,rice,1837.4541062801932
2021-12-29,rice,1863.9497487437186
2021-12-30,rice,1837.238341968912
2021-12-31,rice,1851.185089974293
2022-01-01,rice,1846.0705521472394
2022-01-02,rice,1830.347972972973
2022-01-03,rice,1817.4436807095344
2022-01-04,rice,1823.1966527196653
2022-01-05,rice,1815.4113333333332
2022-01-06,rice,1808.0106290672452
2022-01-07,rice,1813.4857777777777
2022-01-08,rice,1803.8552870090634
2022-01-09,rice,1808.972972972973
2022-01-10,rice,1814.9648230088494
2022-01-11,rice,1835.612100456621
2022-01-12,rice,1797.831990521327
2022-01-13,rice,1819.5241847826087
2022-01-14,rice,1849.7118055555557
2022-01-15,rice,1855.4831081081081
2022-01-16,rice,1837.0121951219512
2022-01-17,rice,1855.3439393939393
2022-01-18,rice,1861.4466334164588
2022-01-19,rice,1810.9606837606837
2022-01-20,rice,1828.5363218390805
2022-01-21,rice,1831.4527149321266
2022-01-22,rice,1805.9655072463768
2022-01-23,rice,1814.9237762237763
2022-01-24,rice,1853.3809633027522
2022-01-25,rice,1814.2513452914798
2022-01-26,rice,1826.3173913043477
2022-01-27,rice,1833.082588235294
2022-01-28,rice,1835.0293721973094
2022-01-29,rice,1834.486033519553
2022-01-30,rice,1792.2628205128206
2022-01-31,rice,1839.0181619256018
2022-02-01,rice,1828.702380952381
2022-02-02,rice,1808.439952718676
2022-02-03,rice,1825.041919191919
2022-02-04,rice,1825.737435897436
2022-02-05,rice,1861.9281456953645
2022-02-06,rice,1871.9828025477707
2022-02-07,rice,1818.7519704433498
2022-02-08,rice,1806.1446969696972
2022-02-09,rice,1832.2520107238606
2022-02-10,rice,1835.9426966292135
2022-02-11,rice,1815.1536312849162
2022-02-12,rice,1821.3258426966293
2022-02-13,rice,1834.5838926174497
2022-02-14,rice,1803.998969072165
2022-02-15,rice,1803.0730555555556
2022-02-16,rice,1787.9514285714286
2022-02-17,rice,1792.6420454545455
2022-02-18,rice,1796.7586206896551
2022-02-19,rice,1833.3052631578948
2022-02-20,rice,1771.4305555555557
2022-02-21,rice,1785.5968992248063
2022-02-22,rice,1784.0155844155845
2022-02-23,rice,1822.4129120879122
2022-02-24,rice,1795.4985915492957
2022-02-25,rice,1808.7859154929577
2022-02-26,rice,1781.390625
2022-02-27,rice,1790.1842105263158
2022-02-28,rice,1815.953488372093
2022-03-01,rice,1814.3838862559242
2022-03-02,rice,1822.510067114094
2022-03-03,rice,1832.0302013422818
2022-03-04,rice,1833.8646153846155
2022-03-05,rice,1854.7892720306513
2022-03-06,rice,1836.717105263158
2022-03-07,rice,1808.0295857988165
2022-03-08,rice,1793.478386167147
2022-03-09,rice,1788.9158878504672
2022-03-10,rice,1805.0285714285715
2022-03-11,rice,1794.160237388724
2022-03-12,rice,1848.857142857143
2022-03-13,rice,1861.2657342657342
2022-03-14,rice,1795.139534883721
2022-03-15,rice,1769.624649859944
2022-03-16,rice,1764.9717868338557
2022-03-17,rice,1808.7692307692307
2022-03-18,rice,1771.8231707317073
2022-03-19,rice,1864.2648648648649
2022-03-20,rice,1863.7482014388488
2022-03-21,rice,1755.3113095238095
2022-03-22,rice,1750.7096875
2022-03-23,rice,1761.3464788732394
2022-03-24,rice,1770.8844776119404
2022-03-25,rice,1772.8331325301203
2022-03-26,rice,1836.3452898550725
2022-03-27,rice,1853.5853658536585
2022-03-28,rice,1796.1678082191781
2022-03-29,rice,1787.697247706422
2022-03-30,rice,1744.06126984127
2022-03-31,rice,1788.8695512820514
2022-04-01,rice,1807.4586466165413
2022-04-02,rice,1845.1414634146342
2022-04-03,rice,1889.8625954198474
2022-04-04,rice,1768.7503289473684
2022-04-05,rice,1787.1897106109325
2022-04-06,rice,1783.2370253164559
2022-04-07,rice,1783.0749999999998
2022-04-08,rice,1795.7945512820513
2022-04-09,rice,1817.0045643153526
2022-04-10,rice,1806.8149659863946
2022-04-11,rice,1774.213
2022-04-12,rice,1762.7206779661017
2022-04-13,rice,1754.1404669260698
2022-04-14,rice,1810.0
2022-04-15,rice,1833.249171270718
2022-04-16,rice,1832.8125560538117
2022-04-17,rice,1856.807142857143
2022-04-18,rice,1769.148524590164
2022-04-19,rice,1800.6508361204012
2022-04-20,rice,1759.8591973244147
2022-04-21,rice,1799.1346020761246
2022-04-22,rice,1767.4305031446543
2022-04-23,rice,1800.6861111111111
2022-04-24,rice,1837.7448275862068
2022-04-25,rice,1766.8487096774193
2022-04-26,rice,1785.8273333333332
2022-04-27,rice,1747.3048387096774
2022-04-28,rice,1766.9663333333335
2022-04-29,rice,1760.4270358306187
2022-04-30,rice,1772.9956140350878
2022-05-01,rice,1830.9734513274336
2022-05-02,rice,1763.0474264705883
2022-05-03,rice,1832.712962962963
2022-05-04,rice,1723.0742049469964
2022-05-05,rice,1758.0035714285714
2022-05-06,rice,1747.3377049180328
2022-05-07,rice,1785.0387596899225
2022-05-08,rice,1840.6978417266187
2022-05-09,rice,1732.60959752322
2022-05-10,rice,1738.3407284768214
2022-05-11,rice,1730.3352739726029
2022-05-12,rice,1739.0065743944638
2022-05-13,rice,1727.6803508771932
2022-05-14,rice,1747.1492125984253
2022-05-15,rice,1799.0696202531647
2022-05-16,rice,1737.083882783883
2022-05-17,rice,1720.4956923076923
2022-05-18,rice,1706.0547400611622
2022-05-19,rice,1712.2827692307692
2022-05-20,rice,1739.5919093851132
2022-05-21,rice,1794.6698924731184
2022-05-22,rice,1817.1490683229813
2022-05-23,rice,1719.8636094674557
2022-05-24,rice,1724.462310030395
2022-05-25,rice,1711.0350609756097
2022-05-26,rice,1718.028990228013
2022-05-27,rice,1723.0121118012423
2022-05-28,rice,1733.1319852941178
2022-05-29,rice,1774.9805194805194
2022-05-30,rice,1728.3385093167701
2022-05-31,rice,1733.2894080996884
2022-06-01,rice,1701.9393421052632
2022-06-02,rice,1721.7821818181817
2022-06-03,rice,1719.5296992481203
2022-06-04,rice,1731.7831967213115
2022-06-05,rice,1770.8568345323743
2022-06-06,rice,1741.818263473054
2022-06-07,rice,1731.670061728395
2022-06-08,rice,1715.526644736842
2022-06-09,rice,1736.8885620915034
2022-06-10,rice,1732.1838095238095
2022-06-11,rice,1754.9319548872181
2022-06-12,rice,1805.4604316546763
2022-06-13,rice,1759.744648318043
2022-06-14,rice,1801.8753676470587
2022-06-15,rice,1744.6899390243905
2022-06-16,rice,1756.2813291139241
2022-06-17,rice,1781.888888888889
2022-06-18,rice,1770.0
2022-06-19,rice,1820.1883116883116
2022-06-20,rice,1768.9382352941177
2022-06-21,rice,1744.3009493670886
2022-06-22,rice,1763.4458204334364
2022-06-23,rice,1772.042019543974
2022-06-24,rice,1784.1750000000002
2022-06-25,rice,1769.3705179282867
2022-06-26,rice,1818.3037037037036
2022-06-27,rice,1776.5907692307692
2022-06-28,rice,1798.2912621359224
2022-06-29,rice,1776.1073825503356
2022-06-30,rice,1787.4825095057035
2022-07-01,rice,1799.8324324324324
2022-07-02,rice,1813.2571428571428
2022-07-03,rice,1843.31654676259
2022-07-04,rice,1764.3207547169811
2022-07-05,rice,1782.3111111111111
2022-07-06,rice,1773.296875
2022-07-07,rice,1781.3615635179153
2022-07-08,rice,1782.3232323232323
2022-07-09,rice,1783.8193277310925
2022-07-10,rice,1815.6762589928057
2022-07-11,rice,1762.16
2022-07-12,rice,1804.0863787375415
2022-07-13,rice,1753.2518518518518
2022-07-14,rice,1816.3286219081272
2022-07-15,rice,1802.2172284644196
2022-07-16,rice,1829.0
2022-07-17,rice,1883.7109375
2022-07-18,rice,1795.0697674418604
2022-07-19,rice,1805.6807817589577
2022-07-20,rice,1772.8543046357615
2022-07-21,rice,1788.511475409836
2022-07-22,rice,1803.6195652173913
2022-07-23,rice,1815.4096385542168
2022-07-24,rice,1829.8278145695365
2022-07-25,rice,1801.504918032787
2022-07-26,rice,1792.422712933754
2022-07-27,rice,1776.2937293729374
2022-07-28,rice,1829.2745901639344
2022-07-29,rice,1788.1233766233765
2022-07-30,rice,1809.9509433962264
2022-07-31,rice,1777.559748427673
2022-08-01,rice,1807.5953846153845
2022-08-02,rice,1812.2588996763754
2022-08-03,rice,1788.1554487179487
2022-08-04,rice,1788.3658536585365
2022-08-05,rice,1816.7727272727273
2022-08-06,rice,1827.172268907563
2022-08-07,rice,1833.237037037037
2022-08-08,rice,1798.5046012269938
2022-08-09,rice,1822.5454545454545
2022-08-10,rice,1807.3623853211009
2022-08-11,rice,1836.3172690763051
2022-08-12,rice,1804.3664122137404
2022-08-13,rice,1846.8643410852712
2022-08-14,rice,1801.6962025316457
2022-08-15,rice,1814.1148648648648
2022-08-16,rice,1781.814417177914
2022-08-17,rice,1789.2815249266862
2022-08-18,rice,1778.974025974026
2022-08-19,rice,1823.7453703703704
2022-08-20,rice,1839.2450592885375
2022-08-21,rice,1834.8975903614457
2022-08-22,rice,1827.5598885793872
2022-08-23,rice,1812.5060975609756
2022-08-24,rice,1818.7432835820896
2022-08-25,rice,1819.9371428571428
2022-08-26,rice,1797.86875
2022-08-27,rice,1793.6521739130435
2022-08-28,rice,1791.7025316455697
2022-08-29,rice,1823.5700934579438
2022-08-30,rice,1820.4328358208954
2022-08-31,rice,1827.3619047619047
2022-09-01,rice,1844.9112627986349
2022-09-02,rice,1857.5484098939928
2022-09-03,rice,1878.36953125
2022-09-04,rice,1867.0140625
2022-09-05,rice,1849.5279141104293
2022-09-06,rice,1854.1897009966776
2022-09-07,rice,1885.5465465465466
2022-09-08,rice,1868.5278317152104
2022-09-09,rice,1849.5947712418301
2022-09-10,rice,1860.6816143497758
2022-09-11,rice,1859.0463235294117
2022-09-12,rice,1847.7237237237237
2022-09-13,rice,1853.5881305637981
2022-09-14,rice,1837.6349845201237
2022-09-15,rice,1845.218575851393
2022-09-16,rice,1856.6947530864197
2022-09-17,rice,1878.9644268774703
2022-09-18,rice,1890.5416666666667
2022-09-19,rice,1840.5310144927535
2022-09-20,rice,1847.595508982036
2022-09-21,rice,1835.175737704918
2022-09-22,rice,1837.3678233438486
2022-09-23,rice,1842.5541795665636
2022-09-24,rice,1861.6704797047971
2022-09-25,rice,1861.9235668789809
2022-09-26,rice,1841.2849112426036
2022-09-27,rice,1831.5473529411763
2022-09-28,rice,1864.4341538461538
2022-09-29,rice,1884.5435820895523
2022-09-30,rice,1874.3574603174602
2022-10-01,rice,1905.011673151751
2022-10-02,rice,1831.4406779661017
2022-10-03,rice,1872.9203187250996
2022-10-04,rice,1917.834745762712
2022-10-05,rice,1877.4805825242718
2022-10-06,rice,1875.853125
2022-10-07,rice,1893.366852367688
2022-10-08,rice,1903.0267326732674
2022-10-09,rice,1924.1079545454545
2022-10-10,rice,1920.5703703703703
2022-10-11,rice,1886.6190600522193
2022-10-12,rice,1903.1876033057852
2022-10-13,rice,1913.4217983651226
2022-10-14,rice,1906.2877333333333
2022-10-15,rice,1926.2776435045319
2022-10-16,rice,1908.279185520362
2022-10-17,rice,1937.7861809045228
2022-10-18,rice,1953.203640776699
2022-10-19,rice,1936.0410194174758
2022-10-20,rice,1938.9803482587065
2022-10-21,rice,1954.536280487805
2022-10-22,rice,1969.521851851852
2022-10-23,rice,1992.4342857142858
2022-10-24,rice,1938.5949367088608
2022-10-25,rice,1951.8643410852712
2022-10-26,rice,1943.7409240924092
2022-10-27,rice,1965.9818181818182
2022-10-28,rice,1989.1934554973823
2022-10-29,rice,1977.9648255813954
2022-10-30,rice,1940.8117154811716
2022-10-31,rice,1956.0030805687204
2022-11-01,rice,2009.0601049868767
2022-11-02,rice,1960.71059602649
2022-11-03,rice,1976.6131264916469
2022-11-04,rice,1962.9343891402716
2022-11-05,rice,1983.8010075566751
2022-11-06,rice,1959.032786885246
2022-11-07,rice,1988.7089727463313
2022-11-08,rice,1998.964010989011
2022-11-09,rice,1964.4094650205761
2022-11-10,rice,1975.0551797040168
2022-11-11,rice,1980.443347639485
2022-11-12,rice,1969.994225721785
2022-11-13,rice,1979.7103174603174
2022-11-14,rice,1978.4760617760617
2022-11-15,rice,1991.585657370518
2022-11-16,rice,1997.7143065693429
2022-11-17,rice,2020.9611205073995
2022-11-18,rice,2012.4837394957983
2022-11-19,rice,2000.0434223300972
2022-11-20,rice,1956.0338164251207
2022-11-21,rice,2003.7898661567876
2022-11-22,rice,1981.041443298969
2022-11-23,rice,1976.2732919254659
2022-11-24,rice,2014.8108
2022-11-25,rice,2008.8650698602794
2022-11-26,rice,2004.894588235294
2022-11-27,rice,1997.893023255814
2022-11-28,rice,2025.7959923664123
2022-11-29,rice,1998.7126892430279
2022-11-30,rice,2002.3467032967035
2022-12-01,rice,2010.6763917525775
2022-12-02,rice,1975.4271578947369
2022-12-03,rice,2007.6337727272728
2022-12-04,rice,1972.0248756218905
2022-12-05,rice,2014.648008385744
2022-12-06,rice,1997.2097727272728
2022-12-07,rice,1997.4147302904564
2022-12-08,rice,2021.2603614457832
2022-12-09,rice,2013.5072463768115
2022-12-10,rice,2012.7880319148937
2022-12-11,rice,1976.6306306306305
2022-12-12,rice,2009.9535648994517
2022-12-13,rice,2003.9478764478765
2022-12-14,rice,2013.967437379576
2022-12-15,rice,2000.3027833001988
2022-12-16,rice,2000.1879684418147
2022-12-17,rice,1981.9825221238937
2022-12-18,rice,1952.3644859813085
2022-12-19,rice,2010.0574861367838
2022-12-20,rice,2011.6804511278197
2022-12-21,rice,1989.9422480620153
2022-12-22,rice,1996.636203522505
2022-12-23,rice,2022.8646464646465
2022-12-24,rice,1985.1380952380953
2022-12-25,rice,1962.251256281407
2022-12-26,rice,2022.9418604651162
2022-12-27,rice,2002.6001919385797
2022-12-28,rice,2013.9582061068704
2022-12-29,rice,2007.0234817813764
2022-12-30,rice,2019.3948919449901
2022-12-31,rice,2040.5325358851674
2023-01-01,rice,1957.7263157894736
2023-01-02,rice,2029.1690140845071
2023-01-03,rice,2034.5566929133859
2023-01-04,rice,2021.1504816955685
2023-01-05,rice,2042.4441666666667
2023-01-06,rice,2063.683614457831
2023-01-07,rice,2027.7197149643705
2023-01-08,rice,1968.1545893719806
2023-01-09,rice,2032.5838383838384
2023-01-10,rice,2018.8604166666667
2023-01-11,rice,2015.9441233140656
2023-01-12,rice,2021.0798780487805
2023-01-13,rice,2025.390519187359
2023-01-14,rice,1954.0879478827362
2023-01-15,rice,1970.1851851851852
2023-01-16,rice,2033.5984654731458
2023-01-17,rice,2042.6966494845362
2023-01-18,rice,2019.4458874458874
2023-01-19,rice,2023.8511160714286
2023-01-20,rice,2030.969135802469
2023-01-21,rice,2023.6496350364964
2023-01-22,rice,1989.110576923077
2023-01-23,rice,2039.4360747663552
2023-01-24,rice,2015.914097744361
2023-01-25,rice,2013.4224489795918
2023-01-26,rice,1941.5373134328358
2023-01-27,rice,2012.6660079051383
2023-01-28,rice,1997.4035989717224
2023-01-29,rice,2005.6183574879226
2023-01-30,rice,2012.9289940828403
2023-01-31,rice,2027.6752767527676
2023-02-01,rice,2013.6492374727668
2023-02-02,rice,1993.4926096997692
2023-02-03,rice,2036.108173076923
2023-02-04,rice,1993.6216931216932
2023-02-05,rice,1944.223404255319
2023-02-06,rice,1978.5046728971963
2023-02-07,rice,2013.0663716814158
2023-02-08,rice,2018.2274774774776
2023-02-09,rice,2022.5093457943926
2023-02-10,rice,2008.0771028037384
2023-02-11,rice,1953.55421686747
2023-02-12,rice,1960.3781094527362
2023-02-13,rice,2001.815845824411
2023-02-14,rice,1972.865882352941
2023-02-15,rice,1984.6124031007753
2023-02-16,rice,1964.542372881356
2023-02-17,rice,1986.1385681293302
2023-02-18,rice,1942.2423076923078
2023-02-19,rice,1931.2233009708739
2023-02-20,rice,1959.808962264151
2023-02-21,rice,1971.2895322939867
2023-02-22,rice,1978.7412587412587
2023-02-23,rice,1977.9607843137255
2023-02-24,rice,1966.9850374064838
2023-02-25,rice,1971.4200626959248
2023-02-26,rice,1922.9948979591836
2023-02-27,rice,1969.8247663551401
2023-02-28,rice,1968.5435779816514
2023-03-01,rice,1964.7763157894738
2023-03-02,rice,1968.883152173913
2023-03-03,rice,1987.5243243243244
2023-03-04,rice,1976.2198170731706
2023-03-05,rice,1971.0342857142857
2023-03-06,rice,1966.0246575342467
2023-03-07,rice,1941.6808510638298
2023-03-08,rice,1976.1333333333334
2023-03-09,rice,1935.4242424242425
2023-03-10,rice,1952.0058139534883
2023-03-11,rice,1931.0363636363636
2023-03-12,rice,1947.642857142857
2023-03-13,rice,1952.4346666666668
2023-03-14,rice,1933.9076517150395
2023-03-15,rice,1911.296072507553
2023-03-16,rice,1921.4779874213837
2023-03-17,rice,1928.147256097561
2023-03-18,rice,1948.4520491803278
2023-03-19,rice,1899.4844720496894
2023-03-20,rice,1914.4900849858357
2023-03-21,rice,1896.192878338279
2023-03-22,rice,1891.8125
2023-03-23,rice,1907.49
2023-03-24,rice,1912.3017191977078
2023-03-25,rice,1893.7920529801322
2023-03-26,rice,1920.6198830409357
2023-03-27,rice,1923.3848
2023-03-28,rice,1927.7206703910615
2023-03-29,rice,1895.2122023809525
2023-03-30,rice,1886.4083333333333
2023-03-31,rice,1904.347477744807
2023-04-01,rice,1961.3908653846154
2023-04-02,rice,1956.3028169014085
2023-04-03,rice,1930.3411971830988
2023-04-04,rice,1990.7603686635944
2023-04-05,rice,1920.6348122866893
2023-04-06,rice,1983.5885017421604
2023-04-07,rice,1995.7734806629835
2023-04-08,rice,1963.4552123552126
2023-04-09,rice,1949.7196319018403
2023-04-10,rice,1940.6442771084337
2023-04-11,rice,1949.9387195121951
2023-04-12,rice,1936.0678571428573
2023-04-13,rice,1969.617793594306
2023-04-14,rice,1984.4619565217392
2023-04-15,rice,1968.7390845070424
2023-04-16,rice,1970.4893617021276
2023-04-17,rice,1947.0614197530865
2023-04-18,rice,1961.3619760479044
2023-04-19,rice,1952.5759878419453
2023-04-20,rice,1961.9215017064846
2023-04-21,rice,1979.8645645645647
2023-04-22,rice,1961.3768844221106
2023-04-23,rice,1966.1288343558283
2023-04-24,rice,1948.9733137829912
2023-04-25,rice,1944.2322674418606
2023-04-26,rice,1916.8041436464089
2023-04-27,rice,1943.9149122807019
2023-04-28,rice,1924.4330357142858
2023-04-29,rice,1958.4698245614036
2023-04-30,rice,1906.952380952381
2023-05-01,rice,1932.5537848605577
2023-05-02,rice,1930.2712962962964
2023-05-03,rice,1924.3621875000001
2023-05-04,rice,1919.3755033557047
2023-05-05,rice,1926.8342741935485
2023-05-06,rice,1954.2496575342466
2023-05-07,rice,1926.846625766871
2023-05-08,rice,1916.527653631285
2023-05-09,rice,1910.5783382789318
2023-05-10,rice,1924.7877611940298
2023-05-11,rice,1924.5032352941175
2023-05-12,rice,1926.3594512195123
2023-05-13,rice,1910.0102836879435
2023-05-14,rice,1915.9767441860465
2023-05-15,rice,1914.3205882352943
2023-05-16,rice,1916.8701923076924
2023-05-17,rice,1920.6824000000001
2023-05-18,rice,1929.6008152173913
2023-05-19,rice,1904.129129129129
2023-05-20,rice,1944.5253205128206
2023-05-21,rice,1928.4486486486487
2023-05-22,rice,1900.7368563685638
2023-05-23,rice,1915.324538258575
2023-05-24,rice,1920.2157894736843
2023-05-25,rice,1944.3481586402268
2023-05-26,rice,1915.912201591512
2023-05-27,rice,1912.8039087947884
2023-05-28,rice,1901.9259259259259
2023-05-29,rice,1923.1217158176944
2023-05-30,rice,1931.2058333333332
2023-05-31,rice,1929.245321637427
2023-06-01,rice,1971.7369096209914
2023-06-02,rice,1975.193175074184
2023-06-03,rice,1982.2391719745222
2023-06-04,rice,1953.2058823529412
2023-06-05,rice,1970.515945945946
2023-06-06,rice,1967.5482417582418
2023-06-07,rice,1972.6739886039884
2023-06-08,rice,1975.9320474777448
2023-06-09,rice,1988.1225
2023-06-10,rice,1998.8758620689655
2023-06-11,rice,1970.4166666666667
2023-06-12,rice,1996.4795013850414
2023-06-13,rice,2003.9110027855154
2023-06-14,rice,1961.8805389221557
2023-06-15,rice,2001.250753012048
2023-06-16,rice,2006.4785100286533
2023-06-17,rice,2007.038
2023-06-18,rice,1988.8757396449705
2023-06-19,rice,2002.242339832869
2023-06-20,rice,1992.7441176470588
2023-06-21,rice,1991.162393162393
2023-06-22,rice,2019.7867867867867
2023-06-23,rice,2000.1921921921921
2023-06-24,rice,1998.9928057553957
2023-06-25,rice,1996.1993865030674
2023-06-26,rice,2013.785294117647
2023-06-27,rice,1997.1980830670927
2023-06-28,rice,2002.5930599369085
2023-06-29,rice,1984.7803468208092
2023-06-30,rice,2020.8584337349398
2023-07-01,rice,2046.6059479553903
2023-07-02,rice,1973.1728395061727
2023-07-03,rice,2029.3707051282051
2023-07-04,rice,2051.2454545454543
2023-07-05,rice,2050.832817337461
2023-07-06,rice,2054.2724458204334
2023-07-07,rice,2027.4375
2023-07-08,rice,2028.68
2023-07-09,rice,2006.8544303797469
2023-07-10,rice,2048.677966101695
2023-07-11,rice,2045.6736526946108
2023-07-12,rice,2038.5996884735202
2023-07-13,rice,2038.4424920127794
2023-07-14,rice,2027.4708737864078
2023-07-15,rice,2056.2605363984676
2023-07-16,rice,2010.5637583892617
2023-07-17,rice,2023.4738314176248
2023-07-18,rice,2006.6208626198081
2023-07-19,rice,2015.8662420382166
2023-07-20,rice,2023.075907590759
2023-07-21,rice,2025.1590214067278
2023-07-22,rice,2023.1340579710145
2023-07-23,rice,1965.8757763975154
2023-07-24,rice,2038.5263157894738
2023-07-25,rice,1989.8776758409786
2023-07-26,rice,1994.388036809816
2023-07-27,rice,2011.9615384615386
2023-07-28,rice,2021.3097643097642
2023-07-29,rice,1996.1666666666667
2023-07-30,rice,1973.49375
2023-07-31,rice,2022.0845070422536
2023-08-01,rice,2036.0031055900622
2023-08-02,rice,2036.5820433436531
2023-08-03,rice,2026.067857142857
2023-08-04,rice,2048.921232876712
2023-08-05,rice,2082.4897959183672
2023-08-06,rice,1943.8347107438017
2023-08-07,rice,2045.0583038869258
2023-08-08,rice,2050.522529411765
2023-08-09,rice,2037.5934065934066
2023-08-10,rice,2066.01978125
2023-08-11,rice,2042.3797878787877
2023-08-12,rice,2053.3967611336034
2023-08-13,rice,2003.3708609271523
2023-08-14,rice,2038.3973475609755
2023-08-15,rice,1972.8267716535433
2023-08-16,rice,2013.9205338078293
2023-08-17,rice,2055.5485126582275
2023-08-18,rice,2044.714705882353
2023-08-19,rice,2061.450909090909
2023-08-20,rice,2022.312925170068
2023-08-21,rice,2036.0830670926518
2023-08-22,rice,2059.321533923304
2023-08-23,rice,2061.6867088607596
2023-08-24,rice,2074.3141025641025
2023-08-25,rice,2072.3142469879517
2023-08-26,rice,2051.5698113207545
2023-08-27,rice,2008.6739130434783
2023-08-28,rice,2046.7321148036253
2023-08-29,rice,2060.962962962963
2023-08-30,rice,2066.0701754385964
2023-08-31,rice,2019.4323308270677
2023-09-01,rice,2052.9414333333334
2023-09-02,rice,2083.9227450980393
2023-09-03,rice,2051.6013986013986
2023-09-04,rice,2063.564
2023-09-05,rice,2065.6699669966997
2023-09-06,rice,2066.1463414634145
2023-09-07,rice,2036.081081081081
2023-09-08,rice,2045.3066666666666
2023-09-09,rice,2062.011462450593
2023-09-10,rice,2034.1527777777778
2023-09-11,rice,2072.0434640522876
2023-09-12,rice,2061.260436137072
2023-09-13,rice,2093.767007042253
2023-09-14,rice,2050.7021292775667
2023-09-15,rice,2060.953946488294
2023-09-16,rice,2110.1939655172414
2023-09-17,rice,2060.8695652173915
2023-09-18,rice,2089.6170212765956
2023-09-19,rice,2082.396218487395
2023-09-20,rice,2097.9264615384614
2023-09-21,rice,2091.0419424460433
2023-09-22,rice,2065.052793650794
2023-09-23,rice,2076.8700854700855
2023-09-24,rice,2070.593984962406
2023-09-25,rice,2106.755864197531
2023-09-26,rice,2097.580996884735
2023-09-27,rice,2098.647735191638
2023-09-28,rice,2083.444976076555
2023-09-29,rice,2071.035207100592
2023-09-30,rice,2110.209712230216
2023-10-01,rice,2042.9787234042553
2023-10-02,rice,2080.5343915343915
2023-10-03,rice,2129.7402702702702
2023-10-04,rice,2128.059173126615
2023-10-05,rice,2165.808072916667
2023-10-06,rice,2163.904761904762
2023-10-07,rice,2172.5232352941175
2023-10-08,rice,2142.5
2023-10-09,rice,2184.305301204819
2023-10-10,rice,2170.501275510204
2023-10-11,rice,2182.5291666666667
2023-10-12,rice,2174.4444711538463
2023-10-13,rice,2152.491666666667
2023-10-14,rice,2141.660606060606
2023-10-15,rice,2156.4294444444445
2023-10-16,rice,2165.4649635036494
2023-10-17,rice,2172.6122565320666
2023-10-18,rice,2181.9638095238097
2023-10-19,rice,2192.0114427860694
2023-10-20,rice,2191.657941834452
2023-10-21,rice,2191.4216438356166
2023-10-22,rice,2196.125
2023-10-23,rice,2215.5555555555557
2023-10-24,rice,2186.5984251968503
2023-10-25,rice,2187.641686746988
2023-10-26,rice,2207.966592920354
2023-10-27,rice,2209.0829218106996
2023-10-28,rice,2179.158168316832
2023-10-29,rice,2168.4768518518517
2023-10-30,rice,2188.76
2023-10-31,rice,2229.826265060241
2023-11-01,rice,2221.246004842615
2023-11-02,rice,2205.2952248394004
2023-11-03,rice,2229.8402083333335
2023-11-04,rice,2226.2161592505854
2023-11-05,rice,2162.5548837209303
2023-11-06,rice,2235.021384928717
2023-11-07,rice,2221.439130434783
2023-11-08,rice,2227.85020746888
2023-11-09,rice,2205.1373626373625
2023-11-10,rice,2180.162619047619
2023-11-11,rice,2191.21223628692
2023-11-12,rice,2154.285882352941
2023-11-13,rice,2180.567015706806
2023-11-14,rice,2157.9439597315436
2023-11-15,rice,2189.176307692308
2023-11-16,rice,2251.2490716180373
2023-11-17,rice,2240.5938992042443
2023-11-18,rice,2211.179117647059
2023-11-19,rice,2143.651030927835
2023-11-20,rice,2245.431771894094
2023-11-21,rice,2245.829102844639
2023-11-22,rice,2224.5080578512393
2023-11-23,rice,2262.5409836065573
2023-11-24,rice,2242.324122807018
2023-11-25,rice,2239.2496753246755
2023-11-26,rice,2119.17421875
2023-11-27,rice,2247.591428571429
2023-11-28,rice,2252.650755939525
2023-11-29,rice,2245.0185267857146
2023-11-30,rice,2233.339911308204
2023-12-01,rice,2315.9882075471696
2023-12-02,rice,2297.313687150838
2023-12-03,rice,2222.3589285714284
2023-12-04,rice,2283.067425968109
2023-12-05,rice,2263.3341346153848
2023-12-06,rice,2267.6383495145633
2023-12-07,rice,2260.365517241379
2023-12-08,rice,2290.4323144104806
2023-12-09,rice,2283.89552238806
2023-12-10,rice,2208.045751633987
2023-12-11,rice,2283.2115812917596
2023-12-12,rice,2276.0380710659897
2023-12-13,rice,2296.383333333333
2023-12-14,rice,2331.854214123007
2023-12-15,rice,2284.2945054945053
2023-12-16,rice,2263.4540540540543
2023-12-17,rice,2190.239285714286
2023-12-18,rice,2316.3438320209975
2023-12-19,rice,2301.0399061032863
2023-12-20,rice,2267.377314814815
2023-12-21,rice,2423.8632653061222
2023-12-22,rice,2440.3851203501094
2023-12-23,rice,2355.5362776025236
2023-12-24,rice,2675.9135802469136
2023-12-25,rice,2595.788235294118
2023-12-26,rice,2413.7844036697247
2023-12-27,rice,2410.2723311546843
2023-12-28,rice,2400.3608017817373
2023-12-29,rice,2405.5
2023-12-30,rice,2400.19109947644
2023-12-31,rice,2413.4503311258277
2024-01-01,rice,2395.40756302521
2024-01-02,rice,2386.6135693215338
2024-01-03,rice,2390.3323863636365
2024-01-04,rice,2393.947103274559
2024-01-05,rice,2381.276595744681
2024-01-06,rice,2390.5250737463125
2024-01-07,rice,2402.644927536232
2024-01-08,rice,2425.39293598234
2024-01-09,rice,2385.7586206896553
2024-01-10,rice,2427.657894736842
2024-01-11,rice,2393.818181818182
2024-01-12,rice,2392.3006993006993
2024-01-13,rice,2343.9747292418774
2024-01-14,rice,2402.201834862385
2024-01-15,rice,2327.1413793103447
2024-01-16,rice,2405.6480446927376
2024-01-17,rice,2432.9714285714285
2024-01-18,rice,2422.1735941320294
2024-01-19,rice,2376.395294117647
2024-01-20,rice,2378.042922077922
2024-01-21,rice,2450.344827586207
2024-01-22,rice,2294.150501672241
2024-01-23,rice,2376.5037037037036
2024-01-24,rice,2402.0918635170606
2024-01-25,rice,2503.4811715481173
2024-01-26,rice,2348.657608695652
2024-01-27,rice,2338.453074433657
2024-01-28,rice,2362.366666666667
2024-01-29,rice,2409.932400932401
2024-01-30,rice,2382.4781553398057
2024-01-31,rice,2381.2567567567567
2024-02-01,rice,2458.181818181818
2024-02-02,rice,2452.686182669789
2024-02-03,rice,2416.463068181818
2024-02-04,rice,2323.7022471910113
2024-02-05,rice,2389.7071960297767
2024-02-06,rice,2430.8030690537084
2024-02-07,rice,2441.871052631579
2024-02-08,rice,2418.311345646438
2024-02-09,rice,2423.483116883117
2024-02-10,rice,2347.541958041958
2024-02-11,rice,2416.0208333333335
2024-02-12,rice,2364.951282051282
2024-02-13,rice,2385.8126582278483
2024-02-14,rice,2377.5604395604396
2024-02-15,rice,2365.742105263158
2024-02-16,rice,2345.102564102564
2024-02-17,rice,2372.0733333333333
2024-02-18,rice,2340.169014084507
2024-02-19,rice,2387.442666666667
2024-02-20,rice,2386.798927613941
2024-02-21,rice,2394.9028132992325
2024-02-22,rice,2377.0104438642297
2024-02-23,rice,2405.822622107969
2024-02-24,rice,2283.595588235294
2024-02-25,rice,2266.5107913669067
2024-02-26,rice,2362.15503875969
2024-02-27,rice,2369.271144278607
2024-02-28,rice,2278.9971830985914
2024-02-29,rice,2402.1323877068558
2024-03-01,rice,2439.0894736842106
2024-03-02,rice,2382.4359861591697
2024-03-03,rice,2308.7122302158273
2024-03-04,rice,2405.746312684366
2024-03-05,rice,2425.6770538243627
2024-03-06,rice,2373.322077922078
2024-03-07,rice,2365.860465116279
2024-03-08,rice,2295.3922018348626
2024-03-09,rice,2314.279475982533
2024-03-10,rice,2314.610687022901
2024-03-11,rice,2416.2904624277458
2024-03-12,rice,2436.2478753541077
2024-03-13,rice,2449.608695652174
2024-03-14,rice,2436.508823529412
2024-03-15,rice,2444.580281690141
2024-03-16,rice,2462.9803921568628
2024-03-17,rice,2297.3892215568862
2024-03-18,rice,2423.6134663341645
2024-03-19,rice,2440.472148541114
2024-03-20,rice,2412.078880407125
2024-03-21,rice,2419.0321782178216
2024-03-22,rice,2419.208651399491
2024-03-23,rice,2331.4444444444443
2024-03-24,rice,2403.6708860759495
2024-03-25,rice,2126.8395061728397
2024-03-26,rice,2290.0
2024-03-27,rice,2319.2152974504247
2024-03-28,rice,2333.096866096866
2024-03-29,rice,2306.757322175732
2024-03-30,rice,2283.925081433225
2024-03-31,rice,2254.0282485875705
2024-04-01,rice,2359.612612612613
2024-04-02,rice,2482.227450980392
2024-04-03,rice,2434.8230337078653
2024-04-04,rice,2411.606153846154
2024-04-05,rice,2439.539568345324
2024-04-06,rice,2410.4464285714284
2024-04-07,rice,2377.312977099237
2024-04-08,rice,2388.988970588235
2024-04-09,rice,2301.1
2024-04-10,rice,2223.5051020408164
2024-04-11,rice,2236.741666666667
2024-04-12,rice,2179.769230769231
2024-04-13,rice,2262.9098712446353
2024-04-14,rice,2244.6693548387098
2024-04-15,rice,2353.7774390243903
2024-04-16,rice,2314.18085106383
2024-04-17,rice,2245.235294117647
2024-04-18,rice,2320.473309608541
2024-04-19,rice,2330.456445993031
2024-04-20,rice,2324.554794520548
2024-04-21,rice,2301.176470588235
2024-04-22,rice,2310.3555555555554
2024-04-23,rice,2263.1631205673757
2024-04-24,rice,2305.4466858789624
2024-04-25,rice,2258.968253968254
2024-04-26,rice,2232.5460526315787
2024-04-27,rice,2234.111524163569
2024-04-28,rice,2242.4812030075186
2024-04-29,rice,2271.15625
2024-04-30,rice,2275.293413173653
2024-05-01,rice,2246.974683544304
2024-05-02,rice,2256.6574074074074
2024-05-03,rice,2245.784741144414
2024-05-04,rice,2307.3980263157896
2024-05-05,rice,2319.765625
2024-05-06,rice,2211.5823529411764
2024-05-07,rice,2222.2107142857144
2024-05-08,rice,2225.9695121951218
2024-05-09,rice,2240.186943620178
2024-05-10,rice,2202.294117647059
2024-05-11,rice,2188.590909090909
2024-05-12,rice,2225.7727272727275
2024-05-13,rice,2287.8018575851393
2024-05-14,rice,2243.1150442477874
2024-05-15,rice,2233.638743455497
2024-05-16,rice,2261.0281690140846
2024-05-17,rice,2261.478494623656
2024-05-18,rice,2262.1993957703926
2024-05-19,rice,2248.3308270676694
2024-05-20,rice,2260.4974226804125
2024-05-21,rice,2266.558708010336
2024-05-22,rice,2258.078034682081
2024-05-23,rice,2201.702422145329
2024-05-24,rice,2248.103274559194
2024-05-25,rice,2208.4093959731545
2024-05-26,rice,2238.1386861313867
2024-05-27,rice,2239.064
2024-05-28,rice,2204.0753246753247
2024-05-29,rice,2265.3823529411766
2024-05-30,rice,2241.2068062827225
2024-05-31,rice,2253.4315245478037
2024-06-01,rice,2307.7755102040815
2024-06-02,rice,2210.2132352941176
2024-06-03,rice,2211.309139784946
2024-06-04,rice,2226.5750708215296
2024-06-05,rice,2284.379403794038
2024-06-06,rice,2247.9016853932585
2024-06-07,rice,2287.0050125313282
2024-06-08,rice,2219.46468401487
2024-06-09,rice,2214.5223880597014
2024-06-10,rice,2269.8455497382197
2024-06-11,rice,2275.628342245989
2024-06-12,rice,2278.8526912181305
2024-06-13,rice,2289.5227272727275
2024-06-14,rice,2297.2146739130435
2024-06-15,rice,2314.5140562248994
2024-06-16,rice,2191.8055555555557
2024-06-17,rice,2211.5251396648046
2024-06-18,rice,2251.566489361702
2024-06-19,rice,2291.263768115942
2024-06-20,rice,2315.0845481049564
2024-06-21,rice,2274.8562874251497
2024-06-22,rice,2248.72602739726
2024-06-23,rice,2197.4274193548385
2024-06-24,rice,2272.4330484330485
2024-06-25,rice,2277.451612903226
2024-06-26,rice,2285.29696969697
2024-06-27,rice,2287.162251655629
2024-06-28,rice,2280.2115384615386
2024-06-29,rice,2294.496062992126
2024-06-30,rice,2174.0661764705883
2024-07-01,rice,2277.7667731629394
2024-07-02,rice,2280.387622149837
2024-07-03,rice,2240.5474683544303
2024-07-04,rice,2298.122580645161
2024-07-05,rice,2265.2837837837837
2024-07-06,rice,2301.79296875
2024-07-07,rice,2206.171171171171
2024-07-08,rice,2278.4101694915253
2024-07-09,rice,2308.704761904762
2024-07-10,rice,2288.950980392157
2024-07-11,rice,2282.0921501706484
2024-07-12,rice,2276.198675496689
2024-07-13,rice,2241.0338164251207
2024-07-14,rice,2224.4174757281553
2024-07-15,rice,2271.471760797342
2024-07-16,rice,2305.0689655172414
2024-07-17,rice,2239.525
2024-07-18,rice,2275.983498349835
2024-07-19,rice,2283.769716088328
2024-07-20,rice,2298.5601659751037
2024-07-21,rice,2244.9
2024-07-22,rice,2266.6388888888887
2024-07-23,rice,2260.922818791946
2024-07-24,rice,2304.953642384106
2024-07-25,rice,2278.125850340136
2024-07-26,rice,2266.2550335570468
2024-07-27,rice,2197.28125
2024-07-28,rice,2171.305263157895
2024-07-29,rice,2255.8797250859106
2024-07-30,rice,2272.8766233766232
2024-07-31,rice,2267.520634920635
2024-08-01,rice,2300.4146341463415
2024-08-02,rice,2276.6353790613716
2024-08-03,rice,2263.262443438914
2024-08-04,rice,2195.7676767676767
2024-08-05,rice,2237.6654545454544
2024-08-06,rice,2279.5429553264603
2024-08-07,rice,2281.3357142857144
2024-08-08,rice,2319.2517482517483
2024-08-09,rice,2285.2062780269057
2024-08-10,rice,2214.6320346320344
2024-08-11,rice,2208.657142857143
2024-08-12,rice,2257.8471337579617
2024-08-13,rice,2278.7659574468084
2024-08-14,rice,2265.0737704918033
2024-08-15,rice,2172.1363636363635
2024-08-16,rice,2274.11724137931
2024-08-17,rice,2275.650205761317
2024-08-18,rice,2171.6666666666665
2024-08-19,rice,2251.455172413793
2024-08-20,rice,2219.65234375
2024-08-21,rice,2279.9461538461537
2024-08-22,rice,2283.4666666666667
2024-08-23,rice,2282.9469964664313
2024-08-24,rice,2239.4059405940593
2024-08-25,rice,2174.6849315068494
2024-08-26,rice,2280.8101265822784
2024-08-27,rice,2247.912213740458
2024-08-28,rice,2234.376306620209
2024-08-29,rice,2254.596666666667
2024-08-30,rice,2252.8215384615382
2024-08-31,rice,2256.87265917603
2024-09-01,rice,2159.346153846154
2024-09-02,rice,2268.0341463414634
2024-09-03,rice,2253.5758754863814
2024-09-04,rice,2246.202846975089
2024-09-05,rice,2302.655303030303
2024-09-06,rice,2324.7631578947367
2024-09-07,rice,2218.524096385542
2024-09-08,rice,2193.57
2024-09-09,rice,2268.044673539519
2024-09-10,rice,2231.05
2024-09-11,rice,2263.0387596899227
2024-09-12,rice,2249.8129496402876
2024-09-13,rice,2248.6275862068965
2024-09-14,rice,2247.7203791469196
2024-09-15,rice,2189.0384615384614
2024-09-16,rice,2232.6481481481483
2024-09-17,rice,2236.114893617021
2024-09-18,rice,2242.0464285714284
2024-09-19,rice,2276.4019292604503
2024-09-20,rice,2297.5573248407645
2024-09-21,rice,2262.711382113821
2024-09-22,rice,2215.6603773584907
2024-09-23,rice,2264.7742946708463
2024-09-24,rice,2259.883280757098
2024-09-25,rice,2262.7062706270626
2024-09-26,rice,2289.123287671233
2024-09-27,rice,2289.0125
2024-09-28,rice,2218.8646288209607
2024-09-29,rice,2212.4651162790697
2024-09-30,rice,2243.400662251656
2024-10-01,rice,2287.125475285171
2024-10-02,rice,2218.0842696629215
2024-10-03,rice,2269.1747572815534
2024-10-04,rice,2286.231707317073
2024-10-05,rice,2268.3467153284673
2024-10-06,rice,2201.6475409836066
2024-10-07,rice,2271.01582278481
2024-10-08,rice,2270.5285285285286
2024-10-09,rice,2291.2782369146007
2024-10-10,rice,2297.14164305949
2024-10-11,rice,2277.6843971631206
2024-10-12,rice,2263.895
2024-10-13,rice,2278.0224719101125
2024-10-14,rice,2289.647342995169
2024-10-15,rice,2286.099033816425
2024-10-16,rice,2303.4095238095238
2024-10-17,rice,2258.828784119107
2024-10-18,rice,2281.953642384106
2024-10-19,rice,2286.209476309227
2024-10-20,rice,2275.8888888888887
2024-10-21,rice,2301.356701030928
2024-10-22,rice,2301.354066985646
2024-10-23,rice,2303.912393162393
2024-10-24,rice,2313.902489626556
2024-10-25,rice,2310.3697247706423
2024-10-26,rice,2300.8161764705883
2024-10-27,rice,2261.9735682819382
2024-10-28,rice,2316.5068627450983
2024-10-29,rice,2292.8958333333335
2024-10-30,rice,2253.990099009901
2024-10-31,rice,2341.4518518518516
2024-11-01,rice,2313.462365591398
2024-11-02,rice,2315.6206896551726
2024-11-03,rice,2303.1675675675674
2024-11-04,rice,2354.2380952380954
2024-11-05,rice,2336.350210970464
2024-11-06,rice,2361.9486692015207
2024-11-07,rice,2394.93147751606
2024-11-08,rice,2370.8195211786374
2024-11-09,rice,2326.9464692482916
2024-11-10,rice,2296.113382899628
2024-11-11,rice,2353.992895204263
2024-11-12,rice,2375.512711864407
2024-11-13,rice,2322.657471264368
2024-11-14,rice,2345.8817829457366
2024-11-15,rice,2376.3333333333335
2024-11-16,rice,2403.565
2024-11-17,rice,2326.080310880829
2024-11-18,rice,2381.778846153846
2024-11-19,rice,2373.361721611722
2024-11-20,rice,2356.2801953818825
2024-11-21,rice,2404.9163602941176
2024-11-22,rice,2395.2973214285716
2024-11-23,rice,2377.069284064665
2024-11-24,rice,2327.975903614458
2024-11-25,rice,2394.7923759486284
2024-11-26,rice,2378.854127284184
2024-11-27,rice,2378.864785992218
2024-11-28,rice,2383.195825049702
2024-11-29,rice,2343.788888888889
2024-11-30,rice,2362.9366812227076
2024-12-01,rice,2330.6117647058823
2024-12-02,rice,2404.580041580042
2024-12-03,rice,2410.28373015873
2024-12-04,rice,2390.510183299389
2024-12-05,rice,2403.743492063492
2024-12-06,rice,2391.56400742115
2024-12-07,rice,2381.6547344110854
2024-12-08,rice,2382.5841121495328
2024-12-09,rice,2365.3294194390082
2024-12-10,rice,2291.3674351585014
2024-12-11,rice,2356.8752783964364
2024-12-12,rice,2354.129666011788
2024-12-13,rice,2378.353151397011
2024-12-14,rice,2364.5593922651933
2024-12-15,rice,2353.4666666666667
2024-12-16,rice,2392.995857233907
2024-12-17,rice,2401.659619450317
2024-12-18,rice,2394.2633928571427
2024-12-19,rice,2366.602099236641
2024-12-20,rice,2368.9868173258005
2024-12-21,rice,2381.3700696055685
2024-12-22,rice,2359.7815533980583
2024-12-23,rice,2385.0962732919256
2024-12-24,rice,2360.158747300216
2024-12-25,rice,2390.204255319149
2024-12-26,rice,2362.180584551148
2024-12-27,rice,2369.5333333333333
2024-12-28,rice,2331.3333333333335
2024-12-29,rice,2343.7060606060604
2024-12-30,rice,2352.3651452282156
2024-12-31,rice,2350.7953216374267
2019-01-01,wheat,1973.8458333333333
2019-01-02,wheat,1979.5669144981412
2019-01-03,wheat,1989.6657608695652
2019-01-04,wheat,1997.7758620689656
2019-01-05,wheat,1969.8568129330254
2019-01-06,wheat,1899.024844720497
2019-01-07,wheat,1981.849315068493
2019-01-08,wheat,1985.0379377431907
2019-01-09,wheat,1983.380149812734
2019-01-10,wheat,1997.9620370370371
2019-01-11,wheat,1984.8995943204868
2019-01-12,wheat,1972.1708229426433
2019-01-13,wheat,1918.040625
2019-01-14,wheat,1978.0861111111112
2019-01-15,wheat,1965.044757033248
2019-01-16,wheat,1994.0662768031189
2019-01-17,wheat,1998.3114285714287
2019-01-18,wheat,1998.0924528301887
2019-01-19,wheat,2003.34404536862
2019-01-20,wheat,1924.2296511627908
2019-01-21,wheat,2012.3116634799235
2019-01-22,wheat,1990.339530332681
2019-01-23,wheat,2024.803605313093
2019-01-24,wheat,2023.0059523809523
2019-01-25,wheat,2021.1295918367348
2019-01-26,wheat,1959.1391304347826
2019-01-27,wheat,1941.1290322580646
2019-01-28,wheat,2017.0231053604437
2019-01-29,wheat,2002.6303538175046
2019-01-30,wheat,2008.4562841530055
2019-01-31,wheat,2011.332402234637
2019-02-01,wheat,2008.9816955684007
2019-02-02,wheat,2003.3349802371542
2019-02-03,wheat,1927.375
2019-02-04,wheat,2000.9157427937917
2019-02-05,wheat,2005.9777777777779
2019-02-06,wheat,2006.03216374269
2019-02-07,wheat,1997.358121330724
2019-02-08,wheat,1994.5979797979799
2019-02-09,wheat,1994.547557840617
2019-02-10,wheat,1936.3803680981596
2019-02-11,wheat,2005.7562620423892
2019-02-12,wheat,2000.8212962962964
2019-02-13,wheat,1995.5265654648956
2019-02-14,wheat,2001.7485493230174
2019-02-15,wheat,1993.008806262231
2019-02-16,wheat,1995.2279069767442
2019-02-17,wheat,1938.1475409836066
2019-02-18,wheat,1999.5980392156862
2019-02-19,wheat,1971.0951704545455
2019-02-20,wheat,1971.3290203327172
2019-02-21,wheat,1974.2362948960304
2019-02-22,wheat,1981.6322957198443
2019-02-23,wheat,1982.1612903225807
2019-02-24,wheat,1933.4588235294118
2019-02-25,wheat,1968.2421150278294
2019-02-26,wheat,1949.4361313868612
2019-02-27,wheat,1947.5425330812855
2019-02-28,wheat,1947.8720682302771
2019-03-01,wheat,1960.3546025104602
2019-03-02,wheat,1938.9227642276423
2019-03-03,wheat,1923.343023255814
2019-03-04,wheat,1936.8227272727272
2019-03-05,wheat,1928.7482332155478
2019-03-06,wheat,1939.3885601577908
2019-03-07,wheat,1936.2683823529412
2019-03-08,wheat,1951.0205357142856
2019-03-09,wheat,1945.5955056179776
2019-03-10,wheat,1931.536111111111
2019-03-11,wheat,1963.1162393162392
2019-03-12,wheat,1952.3780918727916
2019-03-13,wheat,1953.4589743589743
2019-03-14,wheat,1954.6194915254237
2019-03-15,wheat,1944.5140264026402
2019-03-16,wheat,1931.2576791808874
2019-03-17,wheat,1907.3394736842106
2019-03-18,wheat,1935.9991539763114
2019-03-19,wheat,1919.1316225165563
2019-03-20,wheat,1926.9285714285713
2019-03-21,wheat,1983.7916666666667
2019-03-22,wheat,1933.4507389162561
2019-03-23,wheat,1908.6753246753246
2019-03-24,wheat,1900.8670212765958
2019-03-25,wheat,1901.834745762712
2019-03-26,wheat,1889.1459412780657
2019-03-27,wheat,1907.7208695652173
2019-03-28,wheat,1889.9542857142858
2019-03-29,wheat,1881.678861788618
2019-03-30,wheat,1883.2254672897195
2019-03-31,wheat,1862.7433155080214
2019-04-01,wheat,1890.1272727272728
2019-04-02,wheat,1872.8965798045604
2019-04-03,wheat,1885.0985691573926
2019-04-04,wheat,1876.8832236842106
2019-04-05,wheat,1863.0407608695652
2019-04-06,wheat,1860.8093607305937
2019-04-07,wheat,1854.2233502538072
2019-04-08,wheat,1870.1082191780824
2019-04-09,wheat,1860.597875569044
2019-04-10,wheat,1857.7690251572328
2019-04-11,wheat,1865.446519524618
2019-04-12,wheat,1861.5865384615386
2019-04-13,wheat,1836.3705463182898
2019-04-14,wheat,1837.8307692307692
2019-04-15,wheat,1857.895652173913
2019-04-16,wheat,1850.039393939394
2019-04-17,wheat,1839.489247311828
2019-04-18,wheat,1850.688455008489
2019-04-19,wheat,1833.0471698113208
2019-04-20,wheat,1864.6070278184482
2019-04-21,wheat,1843.0287769784172
2019-04-22,wheat,1858.4933333333333
2019-04-23,wheat,1847.337042682927
2019-04-24,wheat,1865.9099099099099
2019-04-25,wheat,1871.7033036848793
2019-04-26,wheat,1859.603929024081
2019-04-27,wheat,1861.020991253644
2019-04-28,wheat,1830.530357142857
2019-04-29,wheat,1870.3526850507983
2019-04-30,wheat,1873.3328282828284
2019-05-01,wheat,1831.3004769475358
2019-05-02,wheat,1865.3901408450704
2019-05-03,wheat,1878.6790106951871
2019-05-04,wheat,1865.4245696400626
2019-05-05,wheat,1833.7553333333333
2019-05-06,wheat,1878.983779761905
2019-05-07,wheat,1852.2355072463768
2019-05-08,wheat,1878.8855263157895
2019-05-09,wheat,1881.2519021739129
2019-05-10,wheat,1882.8595166163143
2019-05-11,wheat,1887.1660940325496
2019-05-12,wheat,1845.5959143968873
2019-05-13,wheat,1890.5562857142857
2019-05-14,wheat,1889.6201369863013
2019-05-15,wheat,1895.5942857142857
2019-05-16,wheat,1891.2947199999999
2019-05-17,wheat,1894.1103333333333
2019-05-18,wheat,1897.9772321428572
2019-05-19,wheat,1859.0228310502282
2019-05-20,wheat,1890.4518691588787
2019-05-21,wheat,1913.0173049645389
2019-05-22,wheat,1907.5568740955139
2019-05-23,wheat,1885.6392857142857
2019-05-24,wheat,1898.1511940298508
2019-05-25,wheat,1898.5368896925856
2019-05-26,wheat,1866.4242424242425
2019-05-27,wheat,1902.340356083086
2019-05-28,wheat,1889.7246081504702
2019-05-29,wheat,1897.2714285714285
2019-05-30,wheat,1883.5842276422766
2019-05-31,wheat,1899.644572368421
2019-06-01,wheat,1891.2894736842106
2019-06-02,wheat,1855.9082125603866
2019-06-03,wheat,1886.6989342806394
2019-06-04,wheat,1898.1046325878594
2019-06-05,wheat,1873.1153605015675
2019-06-06,wheat,1912.979966887417
2019-06-07,wheat,1900.9519417475728
2019-06-08,wheat,1890.3571709233793
2019-06-09,wheat,1847.9444933920706
2019-06-10,wheat,1896.4853395061727
2019-06-11,wheat,1883.7816455696202
2019-06-12,wheat,1896.6336052202282
2019-06-13,wheat,1874.9583050847457
2019-06-14,wheat,1883.8671666666667
2019-06-15,wheat,1876.0358458961473
2019-06-16,wheat,1845.864
2019-06-17,wheat,1877.5192810457518
2019-06-18,wheat,1870.9192982456138
2019-06-19,wheat,1877.5853420195438
2019-06-20,wheat,1887.6066985645932
2019-06-21,wheat,1879.0223113964685
2019-06-22,wheat,1872.4535433070866
2019-06-23,wheat,1842.5309734513273
2019-06-24,wheat,1883.3454258675079
2019-06-25,wheat,1872.529900332226
2019-06-26,wheat,1877.3431542461005
2019-06-27,wheat,1874.540308747856
2019-06-28,wheat,1873.354561101549
2019-06-29,wheat,1860.5027027027027
2019-06-30,wheat,1831.2592592592594
2019-07-01,wheat,1871.97212543554
2019-07-02,wheat,1869.4892367906066
2019-07-03,wheat,1880.1187050359713
2019-07-04,wheat,1882.6496212121212
2019-07-05,wheat,1878.6757246376812
2019-07-06,wheat,1875.561567164179
2019-07-07,wheat,1849.925
2019-07-08,wheat,1886.642978003384
2019-07-09,wheat,1893.7285478547856
2019-07-10,wheat,1894.8091216216217
2019-07-11,wheat,1900.9956896551723
2019-07-12,wheat,1900.978533094812
2019-07-13,wheat,1895.188864628821
2019-07-14,wheat,1846.7129186602872
2019-07-15,wheat,1914.083735909823
2019-07-16,wheat,1905.287795992714
2019-07-17,wheat,1917.014406779661
2019-07-18,wheat,1928.7645051194538
2019-07-19,wheat,1936.6280068728522
2019-07-20,wheat,1934.2760141093474
2019-07-21,wheat,1871.806763285024
2019-07-22,wheat,1946.2423756019261
2019-07-23,wheat,1948.3306962025317
2019-07-24,wheat,1950.9266886326195
2019-07-25,wheat,1944.5503472222222
2019-07-26,wheat,1951.6969696969697
2019-07-27,wheat,1932.0788912579958
2019-07-28,wheat,1882.059633027523
2019-07-29,wheat,1955.3438030560271
2019-07-30,wheat,1954.779569892473
2019-07-31,wheat,1958.4929078014184
2019-08-01,wheat,1957.9522821576763
2019-08-02,wheat,1977.0539823008849
2019-08-03,wheat,1968.6720532319391
2019-08-04,wheat,1899.2339449541284
2019-08-05,wheat,1973.0056818181818
2019-08-06,wheat,1975.395008605852
2019-08-07,wheat,1976.953180212014
2019-08-08,wheat,1983.9812030075188
2019-08-09,wheat,1983.5012658227847
2019-08-10,wheat,1967.7356321839081
2019-08-11,wheat,1910.0558139534883
2019-08-12,wheat,1946.9437086092714
2019-08-13,wheat,1974.2045855379188
2019-08-14,wheat,1987.610307414105
2019-08-15,wheat,1914.8
2019-08-16,wheat,1995.409090909091
2019-08-17,wheat,1966.864224137931
2019-08-18,wheat,1924.1756097560976
2019-08-19,wheat,1991.3958333333333
2019-08-20,wheat,1997.6381355932203
2019-08-21,wheat,1988.9205128205128
2019-08-22,wheat,1989.990366088632
2019-08-23,wheat,1982.4416873449131
2019-08-24,wheat,1961.5151515151515
2019-08-25,wheat,1932.2809523809524
2019-08-26,wheat,1995.080701754386
2019-08-27,wheat,1972.566254416961
2019-08-28,wheat,1989.890625
2019-08-29,wheat,1981.3157439446368
2019-08-30,wheat,1968.061784897025
2019-08-31,wheat,1969.7972972972973
2019-09-01,wheat,1925.2107843137255
2019-09-02,wheat,1931.4296187683285
2019-09-03,wheat,1976.031042128603
2019-09-04,wheat,1994.081673306773
2019-09-05,wheat,1980.3919925512105
2019-09-06,wheat,1973.7121387283237
2019-09-07,wheat,1975.775967413442
2019-09-08,wheat,1903.8851674641148
2019-09-09,wheat,1977.7567049808429
2019-09-10,wheat,1940.7430340557275
2019-09-11,wheat,1973.8663101604277
2019-09-12,wheat,1967.9786780383795
2019-09-13,wheat,1964.2041366906474
2019-09-14,wheat,1962.6643192488264
2019-09-15,wheat,1910.0684931506848
2019-09-16,wheat,1967.2479201331114
2019-09-17,wheat,1968.359649122807
2019-09-18,wheat,1977.8710743801653
2019-09-19,wheat,1971.4218213058418
2019-09-20,wheat,1983.3018707482993
2019-09-21,wheat,1969.5585664335665
2019-09-22,wheat,1918.5391705069123
2019-09-23,wheat,1984.378466557912
2019-09-24,wheat,1982.6971993410214
2019-09-25,wheat,1993.5100166944908
2019-09-26,wheat,1987.5674061433447
2019-09-27,wheat,1979.7911184210527
2019-09-28,wheat,1964.3186046511628
2019-09-29,wheat,1925.0402010050252
2019-09-30,wheat,1993.4702886247878
2019-10-01,wheat,1992.3916811091854
2019-10-02,wheat,1959.5698924731182
2019-10-03,wheat,1999.6844827586208
2019-10-04,wheat,1998.3585069444443
2019-10-05,wheat,2003.4627329192547
2019-10-06,wheat,1930.5885714285714
2019-10-07,wheat,1979.896551724138
2019-10-08,wheat,1972.8536585365853
2019-10-09,wheat,1998.7824156305505
2019-10-10,wheat,2010.107266435986
2019-10-11,wheat,2010.7875874125873
2019-10-12,wheat,2004.9806451612903
2019-10-13,wheat,1938.025
2019-10-14,wheat,2027.2669983416251
2019-10-15,wheat,2019.567612687813
2019-10-16,wheat,2014.5685279187817
2019-10-17,wheat,2030.5875216637783
2019-10-18,wheat,2031.160621761658
2019-10-19,wheat,2018.3899821109123
2019-10-20,wheat,1953.748717948718
2019-10-21,wheat,2013.3873786407767
2019-10-22,wheat,2028.2217465753424
2019-10-23,wheat,2020.4268292682927
2019-10-24,wheat,2017.5698689956332
2019-10-25,wheat,1997.6798679867986
2019-10-26,wheat,1985.0880829015543
2019-10-27,wheat,1949.3820224719102
2019-10-28,wheat,2023.4469178082193
2019-10-29,wheat,1972.3551020408163
2019-10-30,wheat,2018.2614107883817
2019-10-31,wheat,2027.0477137176938
2019-11-01,wheat,2027.7365988909428
2019-11-02,wheat,2040.3314711359403
2019-11-03,wheat,1962.197969543147
2019-11-04,wheat,2042.5922165820643
2019-11-05,wheat,2039.418487394958
2019-11-06,wheat,2048.97212543554
2019-11-07,wheat,2045.975229357798
2019-11-08,wheat,2055.656015037594
2019-11-09,wheat,2045.4532019704434
2019-11-10,wheat,1980.5430107526881
2019-11-11,wheat,2066.105308219178
2019-11-12,wheat,2052.3641791044774
2019-11-13,wheat,2066.8495867768597
2019-11-14,wheat,2061.0820642978
2019-11-15,wheat,2053.84229390681
2019-11-16,wheat,2055.1907308377895
2019-11-17,wheat,1979.3251231527095
2019-11-18,wheat,2063.0229132569557
2019-11-19,wheat,2059.041736227045
2019-11-20,wheat,2061.9715719063547
2019-11-21,wheat,2060.3502538071066
2019-11-22,wheat,2064.328767123288
2019-11-23,wheat,2043.0043103448277
2019-11-24,wheat,1986.7936507936508
2019-11-25,wheat,2077.3586206896553
2019-11-26,wheat,2043.2332695984703
2019-11-27,wheat,2065.449324324324
2019-11-28,wheat,2060.392794376098
2019-11-29,wheat,2064.351304347826
2019-11-30,wheat,2059.8595505617977
2019-12-01,wheat,1990.4054054054054
2019-12-02,wheat,2064.4003350083754
2019-12-03,wheat,2055.944827586207
2019-12-04,wheat,2066.6771720613287
2019-12-05,wheat,2059.298076923077
2019-12-06,wheat,2057.415329768271
2019-12-07,wheat,2058.088868940754
2019-12-08,wheat,1983.4915254237287
2019-12-09,wheat,2056.774358974359
2019-12-10,wheat,2077.3023255813955
2019-12-11,wheat,2056.7026785714284
2019-12-12,wheat,2075.6609195402298
2019-12-13,wheat,2058.491773308958
2019-12-14,wheat,2062.129102844639
2019-12-15,wheat,1987.150289017341
2019-12-16,wheat,2077.733102253033
2019-12-17,wheat,2070.0492227979275
2019-12-18,wheat,2075.0386597938145
2019-12-19,wheat,2082.1350364963505
2019-12-20,wheat,2070.479569892473
2019-12-21,wheat,2082.2090729783035
2019-12-22,wheat,2018.9137931034484
2019-12-23,wheat,2091.153846153846
2019-12-24,wheat,2087.8137432188064
2019-12-25,wheat,2059.1693290734825
2019-12-26,wheat,2090.7710970464136
2019-12-27,wheat,2112.190909090909
2019-12-28,wheat,2084.455849889625
2019-12-29,wheat,2016.7428571428572
2019-12-30,wheat,2114.2137745974956
2019-12-31,wheat,2117.368068833652
2020-01-01,wheat,2126.5877192982457
2020-01-02,wheat,2148.4175946547884
2020-01-03,wheat,2142.708910891089
2020-01-04,wheat,2157.7865731462925
2020-01-05,wheat,2043.45625
2020-01-06,wheat,2152.623595505618
2020-01-07,wheat,2155.4211065573772
2020-01-08,wheat,2164.311475409836
2020-01-09,wheat,2164.128968253968
2020-01-10,wheat,2161.88090349076
2020-01-11,wheat,2149.7838479809975
2020-01-12,wheat,2054.7803468208094
2020-01-13,wheat,2169.0482897384304
2020-01-14,wheat,2135.137566137566
2020-01-15,wheat,2122.8039772727275
2020-01-16,wheat,2145.8344594594596
2020-01-17,wheat,2170.0140845070423
2020-01-18,wheat,2142.4495967741937
2020-01-19,wheat,2044.9044943820224
2020-01-20,wheat,2139.7
2020-01-21,wheat,2123.4836538461536
2020-01-22,wheat,2118.05069582505
2020-01-23,wheat,2114.284722222222
2020-01-24,wheat,2108.7969762419007
2020-01-25,wheat,2083.0702576112412
2020-01-26,wheat,2032.752380952381
2020-01-27,wheat,2096.6857410881803
2020-01-28,wheat,2092.8413654618475
2020-01-29,wheat,2087.2633832976444
2020-01-30,wheat,2096.8053097345132
2020-01-31,wheat,2096.496855345912
2020-02-01,wheat,2102.312865497076
2020-02-02,wheat,2026.4609375
2020-02-03,wheat,2088.311778290993
2020-02-04,wheat,2098.3018433179723
2020-02-05,wheat,2110.779792746114
2020-02-06,wheat,2109.003021148036
2020-02-07,wheat,2097.004739336493
2020-02-08,wheat,2082.506443298969
2020-02-09,wheat,2013.4375
2020-02-10,wheat,2089.2485768500947
2020-02-11,wheat,2089.981262327416
2020-02-12,wheat,2096.6448412698414
2020-02-13,wheat,2093.267223382046
2020-02-14,wheat,2080.8839479392623
2020-02-15,wheat,2092.1307531380753
2020-02-16,wheat,2006.6936416184972
2020-02-17,wheat,2082.5278846153847
2020-02-18,wheat,2072.532608695652
2020-02-19,wheat,2062.750564334086
2020-02-20,wheat,2068.958620689655
2020-02-21,wheat,2009.532786885246
2020-02-22,wheat,2049.650366748166
2020-02-23,wheat,1995.5384615384614
2020-02-24,wheat,2036.1837782340863
2020-02-25,wheat,2024.7778904665315
2020-02-26,wheat,2017.938613861386
2020-02-27,wheat,1999.9823529411765
2020-02-28,wheat,1995.7091439688716
2020-02-29,wheat,2000.7995735607676
2020-03-01,wheat,1984.6271186440679
2020-03-02,wheat,1991.0751879699249
2020-03-03,wheat,1981.7459349593496
2020-03-04,wheat,1970.1979591836734
2020-03-05,wheat,1961.3261296660119
2020-03-06,wheat,1970.524557956778
2020-03-07,wheat,1943.667741935484
2020-03-08,wheat,1920.8223684210527
2020-03-09,wheat,1926.3204419889503
2020-03-10,wheat,1967.7676767676767
2020-03-11,wheat,1898.3102189781023
2020-03-12,wheat,1897.8262626262626
2020-03-13,wheat,1891.5743639921723
2020-03-14,wheat,1899.6682808716707
2020-03-15,wheat,1901.4188481675392
2020-03-16,wheat,1868.0404217926186
2020-03-17,wheat,1867.5954465849386
2020-03-18,wheat,1871.7721518987341
2020-03-19,wheat,1875.3351749539595
2020-03-20,wheat,1896.4610655737704
2020-03-21,wheat,1931.4293628808864
2020-03-22,wheat,1887.85
2020-03-23,wheat,1964.1935483870968
2020-03-24,wheat,1974.294642857143
2020-03-25,wheat,1916.1475409836066
2020-03-26,wheat,1960.4426229508197
2020-03-27,wheat,1943.4864864864865
2020-03-28,wheat,1932.71875
2020-03-29,wheat,1930.2553191489362
2020-03-30,wheat,1981.9772727272727
2020-03-31,wheat,2002.4184397163122
2020-04-01,wheat,2032.3969465648854
2020-04-02,wheat,2033.0692307692307
2020-04-03,wheat,2026.5911949685535
2020-04-04,wheat,2035.5849056603774
2020-04-05,wheat,1974.3444444444444
2020-04-06,wheat,2009.5177304964539
2020-04-07,wheat,2027.909090909091
2020-04-08,wheat,1990.5646258503402
2020-04-09,wheat,1993.9194630872482
2020-04-10,wheat,1990.013422818792
2020-04-11,wheat,1952.8120805369128
2020-04-12,wheat,1957.2325581395348
2020-04-13,wheat,1965.3785310734463
2020-04-14,wheat,1925.3975155279504
2020-04-15,wheat,1929.2142857142858
2020-04-16,wheat,1925.0196721311474
2020-04-17,wheat,1916.4358600583091
2020-04-18,wheat,1926.484693877551
2020-04-19,wheat,1909.4218009478673
2020-04-20,wheat,1899.855072463768
2020-04-21,wheat,1890.630580357143
2020-04-22,wheat,1896.547722342733
2020-04-23,wheat,1901.489270386266
2020-04-24,wheat,1897.9059196617336
2020-04-25,wheat,1891.8722222222223
2020-04-26,wheat,1902.844827586207
2020-04-27,wheat,1904.5518962075848
2020-04-28,wheat,1898.4815533980582
2020-04-29,wheat,1907.2646484375
2020-04-30,wheat,1912.5103262955854
2020-05-01,wheat,1894.930474777448
2020-05-02,wheat,1914.617305936073
2020-05-03,wheat,1897.124243697479
2020-05-04,wheat,1885.1786390532543
2020-05-05,wheat,1900.2570871985156
2020-05-06,wheat,1919.9776829268292
2020-05-07,wheat,1922.2004523809524
2020-05-08,wheat,1922.4645910780669
2020-05-09,wheat,1905.378152173913
2020-05-10,wheat,1900.144698275862
2020-05-11,wheat,1927.5850293542073
2020-05-12,wheat,1919.1356995884773
2020-05-13,wheat,1907.714426559356
2020-05-14,wheat,1920.0861436672967
2020-05-15,wheat,1903.5553804347828
2020-05-16,wheat,1917.0195018450183
2020-05-17,wheat,1899.5901937984497
2020-05-18,wheat,1911.9477533783786
2020-05-19,wheat,1904.031992945326
2020-05-20,wheat,1906.2112544169613
2020-05-21,wheat,1911.5428113879004
2020-05-22,wheat,1905.37
2020-05-23,wheat,1896.5620995670995
2020-05-24,wheat,1889.6404453441296
2020-05-25,wheat,1890.9519130434783
2020-05-26,wheat,1901.638581687612
2020-05-27,wheat,1905.6466269165248
2020-05-28,wheat,1906.7241385435168
2020-05-29,wheat,1905.7369649122809
2020-05-30,wheat,1902.090939849624
2020-05-31,wheat,1883.6833802816902
2020-06-01,wheat,1887.2211163895486
2020-06-02,wheat,1876.1159118236471
2020-06-03,wheat,1892.0567039106145
2020-06-04,wheat,1872.963504587156
2020-06-05,wheat,1887.7787934186472
2020-06-06,wheat,1879.9036723163842
2020-06-07,wheat,1876.1891625615765
2020-06-08,wheat,1870.7837010676155
2020-06-09,wheat,1865.2495395948436
2020-06-10,wheat,1869.0353260869565
2020-06-11,wheat,1868.944136622391
2020-06-12,wheat,1872.823846153846
2020-06-13,wheat,1854.5200715990454
2020-06-14,wheat,1874.5335195530727
2020-06-15,wheat,1861.467619047619
2020-06-16,wheat,1862.5774904214559
2020-06-17,wheat,1853.4213051823417
2020-06-18,wheat,1845.2581261950286
2020-06-19,wheat,1851.0205870841487
2020-06-20,wheat,1847.4463541666667
2020-06-21,wheat,1853.7911392405063
2020-06-22,wheat,1865.3970037453184
2020-06-23,wheat,1869.713692946058
2020-06-24,wheat,1866.7367924528303
2020-06-25,wheat,1852.98046875
2020-06-26,wheat,1896.5366336633663
2020-06-27,wheat,1858.34875
2020-06-28,wheat,1858.1030303030302
2020-06-29,wheat,1896.44584139265
2020-06-30,wheat,1865.399585921325
2020-07-01,wheat,1918.222602739726
2020-07-02,wheat,1877.7014388489208
2020-07-03,wheat,1885.317371937639
2020-07-04,wheat,1879.5429864253394
2020-07-05,wheat,1846.9285714285713
2020-07-06,wheat,1862.4133611691022
2020-07-07,wheat,1857.1218487394958
2020-07-08,wheat,1852.4492273730684
2020-07-09,wheat,1846.7439293598234
2020-07-10,wheat,1863.9802784222738
2020-07-11,wheat,1824.452205882353
2020-07-12,wheat,1812.7282608695652
2020-07-13,wheat,1841.8568329718005
2020-07-14,wheat,1836.58316008316
2020-07-15,wheat,1834.669956140351
2020-07-16,wheat,1838.1908077994428
2020-07-17,wheat,1828.6753812636166
2020-07-18,wheat,1783.7244224422443
2020-07-19,wheat,1809.6341463414635
2020-07-20,wheat,1831.3776315789473
2020-07-21,wheat,1824.2105263157894
2020-07-22,wheat,1817.0890557939915
2020-07-23,wheat,1809.224099099099
2020-07-24,wheat,1816.7548387096774
2020-07-25,wheat,1763.890410958904
2020-07-26,wheat,1790.432098765432
2020-07-27,wheat,1811.4665127020785
2020-07-28,wheat,1799.963282937365
2020-07-29,wheat,1804.148558758315
2020-07-30,wheat,1804.962669683258
2020-07-31,wheat,1818.4385714285713
2020-08-01,wheat,1823.8307692307692
2020-08-02,wheat,1812.179487179487
2020-08-03,wheat,1930.7463768115942
2020-08-04,wheat,1812.9774096385543
2020-08-05,wheat,1811.0037688442212
2020-08-06,wheat,1801.1848837209302
2020-08-07,wheat,1819.6600928074247
2020-08-08,wheat,1779.9747706422017
2020-08-09,wheat,1786.027027027027
2020-08-10,wheat,1810.1507352941176
2020-08-11,wheat,1805.937352245863
2020-08-12,wheat,1846.8644688644688
2020-08-13,wheat,1806.7254408060453
2020-08-14,wheat,1811.8210659898477
2020-08-15,wheat,1789.4084507042253
2020-08-16,wheat,1785.3218390804598
2020-08-17,wheat,1788.5833333333333
2020-08-18,wheat,1789.2632911392404
2020-08-19,wheat,1764.340909090909
2020-08-20,wheat,1761.0621890547263
2020-08-21,wheat,1796.8429602888086
2020-08-22,wheat,1735.0152671755725
2020-08-23,wheat,1765.1351351351352
2020-08-24,wheat,1757.2552693208431
2020-08-25,wheat,1741.4868073878629
2020-08-26,wheat,1737.0558739255014
2020-08-27,wheat,1720.1103723404256
2020-08-28,wheat,1743.632275132275
2020-08-29,wheat,1734.3295454545455
2020-08-30,wheat,1705.1153846153845
2020-08-31,wheat,1726.1141439205956
2020-09-01,wheat,1750.9413043478262
2020-09-02,wheat,1743.6231003039513
2020-09-03,wheat,1737.7767857142858
2020-09-04,wheat,1732.7901785714287
2020-09-05,wheat,1733.153125
2020-09-06,wheat,1737.75
2020-09-07,wheat,1736.1106321839081
2020-09-08,wheat,1707.695205479452
2020-09-09,wheat,1700.5045248868778
2020-09-10,wheat,1696.8752860411898
2020-09-11,wheat,1704.4085510688835
2020-09-12,wheat,1685.026627218935
2020-09-13,wheat,1692.7209302325582
2020-09-14,wheat,1700.652169197397
2020-09-15,wheat,1670.7609649122808
2020-09-16,wheat,1695.6286681715576
2020-09-17,wheat,1681.85625
2020-09-18,wheat,1683.8148148148148
2020-09-19,wheat,1687.2659574468084
2020-09-20,wheat,1683.5897435897436
2020-09-21,wheat,1686.3444730077122
2020-09-22,wheat,1688.2915662650603
2020-09-23,wheat,1673.5625
2020-09-24,wheat,1691.309294871795
2020-09-25,wheat,1691.7838827838827
2020-09-26,wheat,1691.3643410852712
2020-09-27,wheat,1713.8470588235293
2020-09-28,wheat,1671.3538461538462
2020-09-29,wheat,1716.3951149425288
2020-09-30,wheat,1685.1933534743202
2020-10-01,wheat,1736.6603053435115
2020-10-02,wheat,1702.8802395209582
2020-10-03,wheat,1698.498366013072
2020-10-04,wheat,1702.8235294117646
2020-10-05,wheat,1690.132183908046
2020-10-06,wheat,1669.9877675840978
2020-10-07,wheat,1678.1303258145363
2020-10-08,wheat,1677.608870967742
2020-10-09,wheat,1661.9645569620254
2020-10-10,wheat,1662.25
2020-10-11,wheat,1685.9274193548388
2020-10-12,wheat,1664.29933481153
2020-10-13,wheat,1682.7890625
2020-10-14,wheat,1652.6528436018957
2020-10-15,wheat,1673.6625
2020-10-16,wheat,1666.1796875
2020-10-17,wheat,1681.4568690095846
2020-10-18,wheat,1649.6019417475727
2020-10-19,wheat,1676.5573333333334
2020-10-20,wheat,1690.8472222222222
2020-10-21,wheat,1666.5450581395348
2020-10-22,wheat,1698.231884057971
2020-10-23,wheat,1691.9595469255664
2020-10-24,wheat,1691.1938775510205
2020-10-25,wheat,1675.2417582417581
2020-10-26,wheat,1682.0297397769516
2020-10-27,wheat,1699.8660220994475
2020-10-28,wheat,1707.2734939759036
2020-10-29,wheat,1709.4034852546918
2020-10-30,wheat,1695.1634615384614
2020-10-31,wheat,1688.9967741935484
2020-11-01,wheat,1684.4301075268818
2020-11-02,wheat,1732.3772189349113
2020-11-03,wheat,1713.6236413043478
2020-11-04,wheat,1711.6857142857143
2020-11-05,wheat,1699.3910891089108
2020-11-06,wheat,1708.2417840375588
2020-11-07,wheat,1719.9068010075566
2020-11-08,wheat,1693.911111111111
2020-11-09,wheat,1726.9053398058252
2020-11-10,wheat,1718.8602409638554
2020-11-11,wheat,1726.6267217630855
2020-11-12,wheat,1733.4404761904761
2020-11-13,wheat,1774.5562913907286
2020-11-14,wheat,1813.3174603174602
2020-11-15,wheat,1724.2954545454545
2020-11-16,wheat,1713.2275449101796
2020-11-17,wheat,1725.8661971830986
2020-11-18,wheat,1723.2702702702702
2020-11-19,wheat,1696.8084337349399
2020-11-20,wheat,1709.6070588235293
2020-11-21,wheat,1695.571608040201
2020-11-22,wheat,1681.0546875
2020-11-23,wheat,1681.8834080717488
2020-11-24,wheat,1693.5206896551724
2020-11-25,wheat,1689.493765586035
2020-11-26,wheat,1670.4639303482586
2020-11-27,wheat,1686.7395833333333
2020-11-28,wheat,1670.686746987952
2020-11-29,wheat,1678.0
2020-11-30,wheat,1712.7287449392713
2020-12-01,wheat,1676.371080139373
2020-12-02,wheat,1650.468918918919
2020-12-03,wheat,1648.926923076923
2020-12-04,wheat,1672.1348448687352
2020-12-05,wheat,1666.0568181818182
2020-12-06,wheat,1661.175
2020-12-07,wheat,1683.574418604651
2020-12-08,wheat,1698.0979899497488
2020-12-09,wheat,1672.0183823529412
2020-12-10,wheat,1662.5891089108911
2020-12-11,wheat,1664.6298200514138
2020-12-12,wheat,1672.6076923076923
2020-12-13,wheat,1666.9173553719008
2020-12-14,wheat,1669.2653333333333
2020-12-15,wheat,1654.2836879432625
2020-12-16,wheat,1649.5055066079294
2020-12-17,wheat,1648.0296803652968
2020-12-18,wheat,1650.2988764044944
2020-12-19,wheat,1658.941247002398
2020-12-20,wheat,1668.3407407407408
2020-12-21,wheat,1654.056842105263
2020-12-22,wheat,1653.342105263158
2020-12-23,wheat,1668.1511363636364
2020-12-24,wheat,1672.57625
2020-12-25,wheat,1670.8654618473895
2020-12-26,wheat,1667.8292349726776
2020-12-27,wheat,1668.142857142857
2020-12-28,wheat,1653.4056818181818
2020-12-29,wheat,1678.353711790393
2020-12-30,wheat,1665.4595238095237
2020-12-31,wheat,1668.4954337899544
2021-01-01,wheat,1697.853115727003
2021-01-02,wheat,1679.377094972067
2021-01-03,wheat,1672.0743801652893
2021-01-04,wheat,1712.299043062201
2021-01-05,wheat,1732.1582914572864
2021-01-06,wheat,1738.0981432360743
2021-01-07,wheat,1733.4742857142858
2021-01-08,wheat,1740.4814814814815
2021-01-09,wheat,1739.408026755853
2021-01-10,wheat,1702.8015873015872
2021-01-11,wheat,1747.4070351758794
2021-01-12,wheat,1744.0912698412699
2021-01-13,wheat,1727.3459383753502
2021-01-14,wheat,1746.8174273858922
2021-01-15,wheat,1752.5541237113403
2021-01-16,wheat,1755.9585152838429
2021-01-17,wheat,1732.8057553956835
2021-01-18,wheat,1769.9117063492063
2021-01-19,wheat,1777.012474012474
2021-01-20,wheat,1776.683585313175
2021-01-21,wheat,1786.6359832635983
2021-01-22,wheat,1769.6175869120655
2021-01-23,wheat,1748.6658097686375
2021-01-24,wheat,1720.5035971223022
2021-01-25,wheat,1744.5782520325204
2021-01-26,wheat,1741.2093023255813
2021-01-27,wheat,1740.6412133891213
2021-01-28,wheat,1732.0781609195403
2021-01-29,wheat,1724.4714285714285
2021-01-30,wheat,1729.5536105032822
2021-01-31,wheat,1714.0
2021-02-01,wheat,1743.1092105263158
2021-02-02,wheat,1732.9915662650603
2021-02-03,wheat,1737.4791666666667
2021-02-04,wheat,1730.6372141372142
2021-02-05,wheat,1755.7944785276075
2021-02-06,wheat,1763.038990825688
2021-02-07,wheat,1710.048951048951
2021-02-08,wheat,1737.5947916666667
2021-02-09,wheat,1747.391061452514
2021-02-10,wheat,1737.6815589353612
2021-02-11,wheat,1721.873576309795
2021-02-12,wheat,1718.781070745698
2021-02-13,wheat,1731.497584541063
2021-02-14,wheat,1724.8922155688622
2021-02-15,wheat,1729.3147448015122
2021-02-16,wheat,1730.8545454545454
2021-02-17,wheat,1738.0469387755102
2021-02-18,wheat,1723.061143984221
2021-02-19,wheat,1714.295100222717
2021-02-20,wheat,1736.716560509554
2021-02-21,wheat,1704.275641025641
2021-02-22,wheat,1721.0571705426357
2021-02-23,wheat,1733.1673151750972
2021-02-24,wheat,1724.8957528957528
2021-02-25,wheat,1727.3993963782696
2021-02-26,wheat,1736.877380952381
2021-02-27,wheat,1719.2830188679245
2021-02-28,wheat,1712.6797385620914
2021-03-01,wheat,1745.839243498818
2021-03-02,wheat,1741.7246376811595
2021-03-03,wheat,1731.7115768463075
2021-03-04,wheat,1741.8822957198443
2021-03-05,wheat,1736.5743243243244
2021-03-06,wheat,1747.4184890656063
2021-03-07,wheat,1706.5766871165645
2021-03-08,wheat,1738.8657407407406
2021-03-09,wheat,1751.151837524178
2021-03-10,wheat,1744.9679611650486
2021-03-11,wheat,1732.1126126126126
2021-03-12,wheat,1755.1065259117083
2021-03-13,wheat,1734.8942558746737
2021-03-14,wheat,1724.4285714285713
2021-03-15,wheat,1758.707
2021-03-16,wheat,1756.3078602620087
2021-03-17,wheat,1744.076017130621
2021-03-18,wheat,1736.6203904555314
2021-03-19,wheat,1744.1267893660531
2021-03-20,wheat,1743.4861932938857
2021-03-21,wheat,1726.0862068965516
2021-03-22,wheat,1761.6851211072665
2021-03-23,wheat,1759.7176684881604
2021-03-24,wheat,1763.840405904059
2021-03-25,wheat,1773.4378698224853
2021-03-26,wheat,1755.215909090909
2021-03-27,wheat,1762.2435897435898
2021-03-28,wheat,1742.9590163934427
2021-03-29,wheat,1891.4130434782608
2021-03-30,wheat,1785.6945454545455
2021-03-31,wheat,1789.788643533123
2021-04-01,wheat,1794.5257510729614
2021-04-02,wheat,1767.9628252788104
2021-04-03,wheat,1825.3511627906976
2021-04-04,wheat,1804.3915662650602
2021-04-05,wheat,1809.7339857651245
2021-04-06,wheat,1817.6896869244936
2021-04-07,wheat,1832.8428835489833
2021-04-08,wheat,1846.2481343283582
2021-04-09,wheat,1859.3174904942966
2021-04-10,wheat,1864.253581661891
2021-04-11,wheat,1859.720238095238
2021-04-12,wheat,1896.3306772908365
2021-04-13,wheat,1909.926124197002
2021-04-14,wheat,1909.5813333333333
2021-04-15,wheat,1893.0184859154929
2021-04-16,wheat,1907.0305410122164
2021-04-17,wheat,1931.0629290617849
2021-04-18,wheat,1917.6818181818182
2021-04-19,wheat,1921.0408560311284
2021-04-20,wheat,1932.644359464627
2021-04-21,wheat,1934.203125
2021-04-22,wheat,1921.8165322580646
2021-04-23,wheat,1917.2736625514403
2021-04-24,wheat,1909.4866666666667
2021-04-25,wheat,1948.7357512953367
2021-04-26,wheat,1912.2425213675215
2021-04-27,wheat,1922.7334851936218
2021-04-28,wheat,1938.9760348583877
2021-04-29,wheat,1922.5407925407926
2021-04-30,wheat,1924.7862068965517
2021-05-01,wheat,1958.9139072847681
2021-05-02,wheat,1907.3984962406016
2021-05-03,wheat,1919.0382352941176
2021-05-04,wheat,1915.6083743842364
2021-05-05,wheat,1920.181598062954
2021-05-06,wheat,1921.3153846153846
2021-05-07,wheat,1928.1359773371105
2021-05-08,wheat,1934.9489795918366
2021-05-09,wheat,1914.4709677419355
2021-05-10,wheat,1917.7154696132598
2021-05-11,wheat,1931.2893982808023
2021-05-12,wheat,1938.054347826087
2021-05-13,wheat,1939.9554140127389
2021-05-14,wheat,1955.7272727272727
2021-05-15,wheat,1937.6
2021-05-16,wheat,1876.8828125
2021-05-17,wheat,1910.3226744186047
2021-05-18,wheat,1912.6443148688047
2021-05-19,wheat,1922.2813455657492
2021-05-20,wheat,1914.3157894736842
2021-05-21,wheat,1901.0862068965516
2021-05-22,wheat,1898.9668769716088
2021-05-23,wheat,1890.2014388489208
2021-05-24,wheat,1898.012787723785
2021-05-25,wheat,1881.1274509803923
2021-05-26,wheat,1897.9569536423842
2021-05-27,wheat,1886.8371501272266
2021-05-28,wheat,1890.7493887530563
2021-05-29,wheat,1883.6456043956043
2021-05-30,wheat,1888.1985294117646
2021-05-31,wheat,1870.4612590799031
2021-06-01,wheat,1880.685628742515
2021-06-02,wheat,1860.6281179138323
2021-06-03,wheat,1854.5172764227643
2021-06-04,wheat,1858.1224279835392
2021-06-05,wheat,1859.2118644067796
2021-06-06,wheat,1867.7301587301588
2021-06-07,wheat,1857.9958506224066
2021-06-08,wheat,1857.7441176470588
2021-06-09,wheat,1840.6445544554456
2021-06-10,wheat,1834.3768421052632
2021-06-11,wheat,1834.354
2021-06-12,wheat,1844.2533156498673
2021-06-13,wheat,1828.5642857142857
2021-06-14,wheat,1826.8988970588234
2021-06-15,wheat,1821.7879341864716
2021-06-16,wheat,1828.2744565217392
2021-06-17,wheat,1825.1737451737451
2021-06-18,wheat,1830.7996146435453
2021-06-19,wheat,1828.809633027523
2021-06-20,wheat,1803.986111111111
2021-06-21,wheat,1831.6016949152543
2021-06-22,wheat,1827.9578096947935
2021-06-23,wheat,1811.4125441696112
2021-06-24,wheat,1785.577861163227
2021-06-25,wheat,1768.8001824817518
2021-06-26,wheat,1768.195443645084
2021-06-27,wheat,1758.8785714285714
2021-06-28,wheat,1783.4413309982488
2021-06-29,wheat,1760.1977818853975
2021-06-30,wheat,1765.9747191011236
2021-07-01,wheat,1761.8307291666667
2021-07-02,wheat,1775.2973523421588
2021-07-03,wheat,1787.032451923077
2021-07-04,wheat,1722.950354609929
2021-07-05,wheat,1793.8689516129032
2021-07-06,wheat,1781.876923076923
2021-07-07,wheat,1783.361111111111
2021-07-08,wheat,1765.9075975359342
2021-07-09,wheat,1779.4545454545455
2021-07-10,wheat,1752.6907514450868
2021-07-11,wheat,1710.0753424657535
2021-07-12,wheat,1774.7171314741036
2021-07-13,wheat,1763.108695652174
2021-07-14,wheat,1756.649
2021-07-15,wheat,1763.7817679558011
2021-07-16,wheat,1736.8121951219512
2021-07-17,wheat,1781.6043010752687
2021-07-18,wheat,1717.9736842105262
2021-07-19,wheat,1764.5864864864866
2021-07-20,wheat,1765.103734439834
2021-07-21,wheat,1745.4816666666666
2021-07-22,wheat,1762.4673076923077
2021-07-23,wheat,1765.076023391813
2021-07-24,wheat,1756.5096418732783
2021-07-25,wheat,1734.3695652173913
2021-07-26,wheat,1772.002688172043
2021-07-27,wheat,1777.7304832713755
2021-07-28,wheat,1793.0513274336283
2021-07-29,wheat,1777.4073394495413
2021-07-30,wheat,1771.0302752293578
2021-07-31,wheat,1775.6604444444442
2021-08-01,wheat,1758.7625
2021-08-02,wheat,1760.5705289672544
2021-08-03,wheat,1764.0615384615385
2021-08-04,wheat,1774.2468487394958
2021-08-05,wheat,1749.8320610687024
2021-08-06,wheat,1781.0127118644068
2021-08-07,wheat,1776.5489949748744
2021-08-08,wheat,1746.503816793893
2021-08-09,wheat,1774.5404858299596
2021-08-10,wheat,1781.170818505338
2021-08-11,wheat,1787.4078014184397
2021-08-12,wheat,1787.780847145488
2021-08-13,wheat,1769.835952848723
2021-08-14,wheat,1761.6626213592233
2021-08-15,wheat,1779.980198019802
2021-08-16,wheat,1774.3765182186235
2021-08-17,wheat,1771.3381818181817
2021-08-18,wheat,1791.5687984496124
2021-08-19,wheat,1784.720623501199
2021-08-20,wheat,1770.772463768116
2021-08-21,wheat,1777.9873563218391
2021-08-22,wheat,1771.008
2021-08-23,wheat,1784.6304347826087
2021-08-24,wheat,1805.6158088235295
2021-08-25,wheat,1821.6358792184724
2021-08-26,wheat,1837.7629151291512
2021-08-27,wheat,1824.1449893390193
2021-08-28,wheat,1837.8903225806453
2021-08-29,wheat,1782.9575757575758
2021-08-30,wheat,1809.1513353115727
2021-08-31,wheat,1834.274193548387
2021-09-01,wheat,1848.1361185983828
2021-09-02,wheat,1844.8503253796096
2021-09-03,wheat,1868.9513358778627
2021-09-04,wheat,1868.3122362869199
2021-09-05,wheat,1802.905325443787
2021-09-06,wheat,1870.9174311926606
2021-09-07,wheat,1870.9255765199161
2021-09-08,wheat,1872.8245283018869
2021-09-09,wheat,1876.5708502024293
2021-09-10,wheat,1851.3091922005572
2021-09-11,wheat,1875.7682926829268
2021-09-12,wheat,1812.497005988024
2021-09-13,wheat,1898.8679611650487
2021-09-14,wheat,1876.686090225564
2021-09-15,wheat,1875.2449908925319
2021-09-16,wheat,1877.5068093385214
2021-09-17,wheat,1878.6989795918366
2021-09-18,wheat,1866.148148148148
2021-09-19,wheat,1837.421965317919
2021-09-20,wheat,1876.906844106464
2021-09-21,wheat,1884.7282608695652
2021-09-22,wheat,1887.66
2021-09-23,wheat,1875.684643510055
2021-09-24,wheat,1872.7927272727272
2021-09-25,wheat,1876.077906976744
2021-09-26,wheat,1858.5792349726776
2021-09-27,wheat,1866.4094412331406
2021-09-28,wheat,1893.4504761904761
2021-09-29,wheat,1875.3238095238096
2021-09-30,wheat,1871.0128205128206
2021-10-01,wheat,1859.7142857142858
2021-10-02,wheat,1876.4790697674418
2021-10-03,wheat,1819.904761904762
2021-10-04,wheat,2001.4623217922606
2021-10-05,wheat,1888.7505070993914
2021-10-06,wheat,1872.8452685421994
2021-10-07,wheat,1875.408888888889
2021-10-08,wheat,1898.5335820895523
2021-10-09,wheat,1905.3591549295775
2021-10-10,wheat,1871.3804347826087
2021-10-11,wheat,1904.1573498964804
2021-10-12,wheat,1906.2475247524753
2021-10-13,wheat,1895.6708333333333
2021-10-14,wheat,1904.1267605633802
2021-10-15,wheat,1873.6827309236949
2021-10-16,wheat,1914.8841991341992
2021-10-17,wheat,1864.28025477707
2021-10-18,wheat,1916.4221014492753
2021-10-19,wheat,1925.6811594202898
2021-10-20,wheat,1927.2466666666667
2021-10-21,wheat,1938.4260628465804
2021-10-22,wheat,1930.7056672760511
2021-10-23,wheat,1931.0066518847007
2021-10-24,wheat,1882.9597701149426
2021-10-25,wheat,1936.303326810176
2021-10-26,wheat,1953.6807228915663
2021-10-27,wheat,1948.1435185185185
2021-10-28,wheat,1950.0473977695167
2021-10-29,wheat,1941.108818011257
2021-10-30,wheat,1939.0285412262156
2021-10-31,wheat,1874.2378048780488
2021-11-01,wheat,1934.9675324675325
2021-11-02,wheat,1933.3375
2021-11-03,wheat,1915.83908045977
2021-11-04,wheat,1934.6363636363637
2021-11-05,wheat,1907.0247933884298
2021-11-06,wheat,1892.8185840707965
2021-11-07,wheat,1867.936170212766
2021-11-08,wheat,1934.9685534591194
2021-11-09,wheat,1953.6758349705306
2021-11-10,wheat,1953.4980879541108
2021-11-11,wheat,1951.7961165048544
2021-11-12,wheat,1949.786
2021-11-13,wheat,1946.2658823529412
2021-11-14,wheat,1899.4943181818182
2021-11-15,wheat,1943.4704595185995
2021-11-16,wheat,1956.675855513308
2021-11-17,wheat,1963.0389105058366
2021-11-18,wheat,1971.8427947598254
2021-11-19,wheat,1943.4066666666668
2021-11-20,wheat,1960.092750533049
2021-11-21,wheat,1896.8505747126437
2021-11-22,wheat,1952.0755597014925
2021-11-23,wheat,1969.0182481751824
2021-11-24,wheat,1977.7648752399232
2021-11-25,wheat,1949.9118738404452
2021-11-26,wheat,1952.9505597014925
2021-11-27,wheat,1944.460088691796
2021-11-28,wheat,1894.280701754386
2021-11-29,wheat,1947.7069597069597
2021-11-30,wheat,1958.9713193116636
2021-12-01,wheat,1955.1489071038252
2021-12-02,wheat,1945.0081395348836
2021-12-03,wheat,1956.3483935742972
2021-12-04,wheat,1950.370709382151
2021-12-05,wheat,1891.88
2021-12-06,wheat,1954.9180035650625
2021-12-07,wheat,1973.5028680688335
2021-12-08,wheat,1971.065340909091
2021-12-09,wheat,1965.9748995983937
2021-12-10,wheat,1965.6442307692307
2021-12-11,wheat,1971.5200471698113
2021-12-12,wheat,1895.5061728395062
2021-12-13,wheat,1952.1882998171845
2021-12-14,wheat,1956.3736263736264
2021-12-15,wheat,1953.9532110091743
2021-12-16,wheat,1956.80078125
2021-12-17,wheat,1941.7001953125
2021-12-18,wheat,1952.2038152610442
2021-12-19,wheat,1897.7988165680474
2021-12-20,wheat,1947.8366606170598
2021-12-21,wheat,1950.187969924812
2021-12-22,wheat,1945.0612052730696
2021-12-23,wheat,1946.876953125
2021-12-24,wheat,1937.3889980353636
2021-12-25,wheat,1935.4857142857143
2021-12-26,wheat,1900.6187845303868
2021-12-27,wheat,1950.0782688766114
2021-12-28,wheat,1943.1920731707316
2021-12-29,wheat,1949.2820267686425
2021-12-30,wheat,1939.771484375
2021-12-31,wheat,1955.4989939637826
2022-01-01,wheat,1951.245054945055
2022-01-02,wheat,1898.7664670658683
2022-01-03,wheat,1966.482820976492
2022-01-04,wheat,1963.703738317757
2022-01-05,wheat,1953.9241842610365
2022-01-06,wheat,1944.0113378684807
2022-01-07,wheat,1954.5
2022-01-08,wheat,1945.7813299232737
2022-01-09,wheat,1924.4807692307693
2022-01-10,wheat,1959.0505617977528
2022-01-11,wheat,1965.187969924812
2022-01-12,wheat,1973.610891089109
2022-01-13,wheat,1952.3541226215646
2022-01-14,wheat,1955.0463768115942
2022-01-15,wheat,1943.8759213759213
2022-01-16,wheat,1918.5698324022346
2022-01-17,wheat,1959.8330308529946
2022-01-18,wheat,1986.5091575091576
2022-01-19,wheat,1982.1983394833949
2022-01-20,wheat,1987.4642857142858
2022-01-21,wheat,1967.6465028355387
2022-01-22,wheat,1963.9544444444443
2022-01-23,wheat,1933.051724137931
2022-01-24,wheat,1985.1722912966252
2022-01-25,wheat,1989.6277985074628
2022-01-26,wheat,1937.83125
2022-01-27,wheat,1999.3664259927798
2022-01-28,wheat,1981.7135416666667
2022-01-29,wheat,1978.870588235294
2022-01-30,wheat,1926.5251396648046
2022-01-31,wheat,1983.7303473491772
2022-02-01,wheat,1991.813508064516
2022-02-02,wheat,1990.5590405904059
2022-02-03,wheat,1997.8587570621469
2022-02-04,wheat,1989.9897196261682
2022-02-05,wheat,1981.466377440347
2022-02-06,wheat,1929.6195652173913
2022-02-07,wheat,1998.5734406438633
2022-02-08,wheat,2000.2761194029852
2022-02-09,wheat,1983.935393258427
2022-02-10,wheat,1981.9920318725099
2022-02-11,wheat,1980.6777163904235
2022-02-12,wheat,1973.2789351851852
2022-02-13,wheat,1922.4140127388534
2022-02-14,wheat,2003.7610294117646
2022-02-15,wheat,1990.4552380952382
2022-02-16,wheat,1977.1533333333334
2022-02-17,wheat,2006.805394990366
2022-02-18,wheat,1993.5356489945154
2022-02-19,wheat,1997.4809843400446
2022-02-20,wheat,1916.9161676646706
2022-02-21,wheat,1994.347442680776
2022-02-22,wheat,1992.0424354243542
2022-02-23,wheat,1990.5943925233644
2022-02-24,wheat,1986.7316636851522
2022-02-25,wheat,1994.6539855072465
2022-02-26,wheat,1989.406108597285
2022-02-27,wheat,1930.536312849162
2022-02-28,wheat,2010.8327272727272
2022-03-01,wheat,1970.2272727272727
2022-03-02,wheat,2001.7484536082475
2022-03-03,wheat,2038.1194779116465
2022-03-04,wheat,2062.6875
2022-03-05,wheat,2081.4896421845574
2022-03-06,wheat,2011.0315789473684
2022-03-07,wheat,2115.2822299651566
2022-03-08,wheat,2130.4948186528495
2022-03-09,wheat,2144.8077601410937
2022-03-10,wheat,2150.715992647059
2022-03-11,wheat,2158.178448275862
2022-03-12,wheat,2142.4868995633187
2022-03-13,wheat,2050.6108374384235
2022-03-14,wheat,2146.604132231405
2022-03-15,wheat,2126.765541740675
2022-03-16,wheat,2115.1184210526317
2022-03-17,wheat,2115.8676923076923
2022-03-18,wheat,2081.128
2022-03-19,wheat,2125.362857142857
2022-03-20,wheat,2044.2793296089385
2022-03-21,wheat,2098.9763113367176
2022-03-22,wheat,2079.8002008032126
2022-03-23,wheat,2112.8888888888887
2022-03-24,wheat,2107.882302405498
2022-03-25,wheat,2115.6385642737896
2022-03-26,wheat,2101.35881104034
2022-03-27,wheat,2048.3
2022-03-28,wheat,2107.6202290076335
2022-03-29,wheat,2097.953465346535
2022-03-30,wheat,2083.7781456953644
2022-03-31,wheat,2073.597989949749
2022-04-01,wheat,2085.268656716418
2022-04-02,wheat,2069.2855421686745
2022-04-03,wheat,2024.2456896551723
2022-04-04,wheat,2113.956752655539
2022-04-05,wheat,2108.8317972350233
2022-04-06,wheat,2121.8920367534456
2022-04-07,wheat,2116.382082695253
2022-04-08,wheat,2109.604379562044
2022-04-09,wheat,2096.2810283687945
2022-04-10,wheat,2020.2282608695652
2022-04-11,wheat,2107.921568627451
2022-04-12,wheat,2101.3243440233236
2022-04-13,wheat,2103.864779874214
2022-04-14,wheat,2046.8920595533498
2022-04-15,wheat,2079.1257088846883
2022-04-16,wheat,2090.0335570469797
2022-04-17,wheat,2030.229411764706
2022-04-18,wheat,2125.217171717172
2022-04-19,wheat,2130.6188903566713
2022-04-20,wheat,2139.248652291105
2022-04-21,wheat,2128.9030683403066
2022-04-22,wheat,2129.063611491108
2022-04-23,wheat,2120.943251533742
2022-04-24,wheat,2059.0675675675675
2022-04-25,wheat,2132.1655844155844
2022-04-26,wheat,2142.814913448735
2022-04-27,wheat,2143.1877551020407
2022-04-28,wheat,2157.6214488636365
2022-04-29,wheat,2155.925394548063
2022-04-30,wheat,2147.909574468085
2022-05-01,wheat,2066.0247148288972
2022-05-02,wheat,2145.848148148148
2022-05-03,wheat,2092.979002624672
2022-05-04,wheat,2143.311572700297
2022-05-05,wheat,2160.3547445255476
2022-05-06,wheat,2162.3345752608047
2022-05-07,wheat,2140.8094405594406
2022-05-08,wheat,2073.829457364341
2022-05-09,wheat,2168.086956521739
2022-05-10,wheat,2180.021505376344
2022-05-11,wheat,2167.1451612903224
2022-05-12,wheat,2168.715411558669
2022-05-13,wheat,2167.777570093458
2022-05-14,wheat,2163.49209486166
2022-05-15,wheat,2063.061224489796
2022-05-16,wheat,2120.059866962306
2022-05-17,wheat,2114.2678260869566
2022-05-18,wheat,2123.3820326678765
2022-05-19,wheat,2126.184335443038
2022-05-20,wheat,2121.44126984127
2022-05-21,wheat,2123.2020933977456
2022-05-22,wheat,2055.673640167364
2022-05-23,wheat,2116.8055130168455
2022-05-24,wheat,2118.5856481481483
2022-05-25,wheat,2095.269080996885
2022-05-26,wheat,2102.8688118811883
2022-05-27,wheat,2097.313838550247
2022-05-28,wheat,2081.5028625954196
2022-05-29,wheat,2038.8482142857142
2022-05-30,wheat,2092.8055062166964
2022-05-31,wheat,2090.938176197836
2022-06-01,wheat,2086.256323777403
2022-06-02,wheat,2082.5938735177865
2022-06-03,wheat,2076.900852878465
2022-06-04,wheat,2079.9241842610363
2022-06-05,wheat,2021.3679653679653
2022-06-06,wheat,2074.8191304347824
2022-06-07,wheat,2097.3954402515724
2022-06-08,wheat,2092.252911813644
2022-06-09,wheat,2089.1319569120287
2022-06-10,wheat,2090.4294019933554
2022-06-11,wheat,2071.826359832636
2022-06-12,wheat,2012.3347826086956
2022-06-13,wheat,2097.1746031746034
2022-06-14,wheat,2067.0033783783783
2022-06-15,wheat,2069.881685575365
2022-06-16,wheat,2072.9446428571428
2022-06-17,wheat,2082.6417910447763
2022-06-18,wheat,2067.8209219858154
2022-06-19,wheat,2006.7990867579908
2022-06-20,wheat,2069.71978021978
2022-06-21,wheat,2077.1382978723404
2022-06-22,wheat,2071.1806239737275
2022-06-23,wheat,2068.341186736475
2022-06-24,wheat,2069.349220103986
2022-06-25,wheat,2066.2837259100643
2022-06-26,wheat,2009.7079207920792
2022-06-27,wheat,2072.28338762215
2022-06-28,wheat,2061.227353463588
2022-06-29,wheat,2075.7376599634367
2022-06-30,wheat,2084.145788336933
2022-07-01,wheat,2070.829721362229
2022-07-02,wheat,2057.97
2022-07-03,wheat,2034.319587628866
2022-07-04,wheat,2090.386842105263
2022-07-05,wheat,2101.6043643263756
2022-07-06,wheat,2103.1765267175574
2022-07-07,wheat,2096.06492248062
2022-07-08,wheat,2093.8611650485436
2022-07-09,wheat,2110.438914027149
2022-07-10,wheat,2042.6519337016575
2022-07-11,wheat,2102.781474820144
2022-07-12,wheat,2110.310986964618
2022-07-13,wheat,2111.679633867277
2022-07-14,wheat,2126.345864661654
2022-07-15,wheat,2134.073104693141
2022-07-16,wheat,2110.55540166205
2022-07-17,wheat,2048.6162162162163
2022-07-18,wheat,2129.571554770318
2022-07-19,wheat,2144.0827586206897
2022-07-20,wheat,2134.3657487091223
2022-07-21,wheat,2158.1546112115734
2022-07-22,wheat,2164.4220103986136
2022-07-23,wheat,2159.972911963883
2022-07-24,wheat,2107.483870967742
2022-07-25,wheat,2181.492970123023
2022-07-26,wheat,2179.9600725952814
2022-07-27,wheat,2192.649012567325
2022-07-28,wheat,2186.055907172996
2022-07-29,wheat,2212.782142857143
2022-07-30,wheat,2220.7087378640776
2022-07-31,wheat,2153.9562841530055
2022-08-01,wheat,2232.302434456929
2022-08-02,wheat,2243.548417132216
2022-08-03,wheat,2250.6295652173912
2022-08-04,wheat,2251.9668930390494
2022-08-05,wheat,2256.2470489038787
2022-08-06,wheat,2246.827821011673
2022-08-07,wheat,2189.64406779661
2022-08-08,wheat,2264.233009708738
2022-08-09,wheat,2234.834355828221
2022-08-10,wheat,2257.049
2022-08-11,wheat,2229.751937984496
2022-08-12,wheat,2267.710306406685
2022-08-13,wheat,2236.560794044665
2022-08-14,wheat,2172.3055555555557
2022-08-15,wheat,2180.3866666666668
2022-08-16,wheat,2240.981941309255
2022-08-17,wheat,2261.816247582205
2022-08-18,wheat,2268.4511434511433
2022-08-19,wheat,2259.005633802817
2022-08-20,wheat,2268.1585623678648
2022-08-21,wheat,2221.489898989899
2022-08-22,wheat,2285.53786407767
2022-08-23,wheat,2275.874074074074
2022-08-24,wheat,2278.5569852941176
2022-08-25,wheat,2284.013250883392
2022-08-26,wheat,2276.2045889101337
2022-08-27,wheat,2249.877403846154
2022-08-28,wheat,2215.026595744681
2022-08-29,wheat,2261.4315589353614
2022-08-30,wheat,2276.1762452107278
2022-08-31,wheat,2244.5515463917527
2022-09-01,wheat,2259.0080645161293
2022-09-02,wheat,2278.1612903225805
2022-09-03,wheat,2258.448501872659
2022-09-04,wheat,2213.564245810056
2022-09-05,wheat,2275.078998073218
2022-09-06,wheat,2263.124505928854
2022-09-07,wheat,2271.787102473498
2022-09-08,wheat,2269.8134615384615
2022-09-09,wheat,2244.6709677419353
2022-09-10,wheat,2241.0705289672546
2022-09-11,wheat,2211.6054054054052
2022-09-12,wheat,2251.5690978886755
2022-09-13,wheat,2262.1726078799247
2022-09-14,wheat,2251.466
2022-09-15,wheat,2270.888781431335
2022-09-16,wheat,2245.7055984555986
2022-09-17,wheat,2262.1573705179285
2022-09-18,wheat,2200.494845360825
2022-09-19,wheat,2259.2945075757575
2022-09-20,wheat,2273.406654343808
2022-09-21,wheat,2254.1532416502946
2022-09-22,wheat,2271.5219465648856
2022-09-23,wheat,2272.3397312859884
2022-09-24,wheat,2259.9002375296914
2022-09-25,wheat,2237.3260869565215
2022-09-26,wheat,2263.6918976545844
2022-09-27,wheat,2275.0018552875695
2022-09-28,wheat,2280.984794275492
2022-09-29,wheat,2282.8754448398577
2022-09-30,wheat,2285.0103969754255
2022-10-01,wheat,2270.6748251748254
2022-10-02,wheat,2232.1470588235293
2022-10-03,wheat,2269.4615384615386
2022-10-04,wheat,2259.985254691689
2022-10-05,wheat,2283.527659574468
2022-10-06,wheat,2288.766932270916
2022-10-07,wheat,2284.577519379845
2022-10-08,wheat,2287.854005167959
2022-10-09,wheat,2240.934523809524
2022-10-10,wheat,2297.5327272727272
2022-10-11,wheat,2282.200099800399
2022-10-12,wheat,2296.8255813953488
2022-10-13,wheat,2301.9602169981918
2022-10-14,wheat,2310.6203883495145
2022-10-15,wheat,2302.214990138067
2022-10-16,wheat,2269.5159574468084
2022-10-17,wheat,2323.146739130435
2022-10-18,wheat,2321.5905660377357
2022-10-19,wheat,2331.2419354838707
2022-10-20,wheat,2342.0907297830377
2022-10-21,wheat,2357.864
2022-10-22,wheat,2329.25
2022-10-23,wheat,2304.8761061946902
2022-10-24,wheat,2316.7083333333335
2022-10-25,wheat,2329.690476190476
2022-10-26,wheat,2332.7772727272727
2022-10-27,wheat,2350.7732558139537
2022-10-28,wheat,2347.801670146138
2022-10-29,wheat,2370.6079295154186
2022-10-30,wheat,2305.756906077348
2022-10-31,wheat,2384.6313725490195
2022-11-01,wheat,2400.912331406551
2022-11-02,wheat,2415.173529411765
2022-11-03,wheat,2428.4009615384616
2022-11-04,wheat,2415.848360655738
2022-11-05,wheat,2437.898936170213
2022-11-06,wheat,2380.1
2022-11-07,wheat,2452.3249027237352
2022-11-08,wheat,2458.7723076923075
2022-11-09,wheat,2464.730769230769
2022-11-10,wheat,2485.1093117408905
2022-11-11,wheat,2490.385685884692
2022-11-12,wheat,2481.1325459317586
2022-11-13,wheat,2400.75641025641
2022-11-14,wheat,2468.9855371900826
2022-11-15,wheat,2496.379474940334
2022-11-16,wheat,2512.20415879017
2022-11-17,wheat,2505.6022504892367
2022-11-18,wheat,2504.566929133858
2022-11-19,wheat,2513.4388412017165
2022-11-20,wheat,2467.0443037974683
2022-11-21,wheat,2519.702781186094
2022-11-22,wheat,2508.3584905660377
2022-11-23,wheat,2519.0123042505593
2022-11-24,wheat,2522.5153374233128
2022-11-25,wheat,2498.7303609341825
2022-11-26,wheat,2496.2893462469733
2022-11-27,wheat,2435.2384105960264
2022-11-28,wheat,2508.885775862069
2022-11-29,wheat,2508.816885964912
2022-11-30,wheat,2515.009336099585
2022-12-01,wheat,2503.1032482598607
2022-12-02,wheat,2532.9378818737273
2022-12-03,wheat,2523.995614035088
2022-12-04,wheat,2442.1478873239435
2022-12-05,wheat,2511.233560090703
2022-12-06,wheat,2539.2351694915255
2022-12-07,wheat,2515.4541484716156
2022-12-08,wheat,2551.0120425531913
2022-12-09,wheat,2551.6755424063117
2022-12-10,wheat,2539.604622871046
2022-12-11,wheat,2477.6568047337278
2022-12-12,wheat,2563.7011278195487
2022-12-13,wheat,2552.672562141491
2022-12-14,wheat,2569.465250965251
2022-12-15,wheat,2578.8876739562625
2022-12-16,wheat,2572.8972868217056
2022-12-17,wheat,2567.8086419753085
2022-12-18,wheat,2500.716129032258
2022-12-19,wheat,2588.654368932039
2022-12-20,wheat,2591.3762677484788
2022-12-21,wheat,2584.3690476190477
2022-12-22,wheat,2593.2608173076924
2022-12-23,wheat,2604.6677419354837
2022-12-24,wheat,2574.258530183727
2022-12-25,wheat,2492.419117647059
2022-12-26,wheat,2608.820945945946
2022-12-27,wheat,2618.958049886621
2022-12-28,wheat,2632.6072164948455
2022-12-29,wheat,2633.5963983050847
2022-12-30,wheat,2615.9614604462477
2022-12-31,wheat,2600.6516853932585
2023-01-01,wheat,2511.4744525547444
2023-01-02,wheat,2615.374149659864
2023-01-03,wheat,2633.878103837472
2023-01-04,wheat,2633.4733924611974
2023-01-05,wheat,2609.7710997442455
2023-01-06,wheat,2610.320293398533
2023-01-07,wheat,2631.6293302540416
2023-01-08,wheat,2526.4848484848485
2023-01-09,wheat,2621.109411764706
2023-01-10,wheat,2630.1103117505995
2023-01-11,wheat,2646.4004149377593
2023-01-12,wheat,2647.522172949002
2023-01-13,wheat,2631.960975609756
2023-01-14,wheat,2601.4
2023-01-15,wheat,2575.3790322580644
2023-01-16,wheat,2655.8212290502793
2023-01-17,wheat,2693.200842696629
2023-01-18,wheat,2676.761842105263
2023-01-19,wheat,2782.3077889447236
2023-01-20,wheat,2714.712643678161
2023-01-21,wheat,2713.7716346153848
2023-01-22,wheat,2652.273291925466
2023-01-23,wheat,2768.5557768924305
2023-01-24,wheat,2791.4164882226983
2023-01-25,wheat,2814.133116883117
2023-01-26,wheat,2650.032786885246
2023-01-27,wheat,2756.838742393509
2023-01-28,wheat,2699.734828496042
2023-01-29,wheat,2594.557046979866
2023-01-30,wheat,2679.6701902748414
2023-01-31,wheat,2650.317894736842
2023-02-01,wheat,2681.1570438799076
2023-02-02,wheat,2664.5753138075315
2023-02-03,wheat,2655.4012605042017
2023-02-04,wheat,2624.6315789473683
2023-02-05,wheat,2564.4244604316546
2023-02-06,wheat,2624.9110878661086
2023-02-07,wheat,2626.989604989605
2023-02-08,wheat,2627.805907172996
2023-02-09,wheat,2612.3936965811968
2023-02-10,wheat,2606.235294117647
2023-02-11,wheat,2568.95
2023-02-12,wheat,2509.1027397260273
2023-02-13,wheat,2526.1787148594376
2023-02-14,wheat,2466.2926315789473
2023-02-15,wheat,2463.7115789473683
2023-02-16,wheat,2449.8268398268397
2023-02-17,wheat,2443.794736842105
2023-02-18,wheat,2402.9491525423728
2023-02-19,wheat,2367.2635135135133
2023-02-20,wheat,2386.397465437788
2023-02-21,wheat,2352.2676767676767
2023-02-22,wheat,2319.6520833333334
2023-02-23,wheat,2324.765135699374
2023-02-24,wheat,2296.071568627451
2023-02-25,wheat,2296.50987654321
2023-02-26,wheat,2258.3932584269664
2023-02-27,wheat,2277.7548828125
2023-02-28,wheat,2275.4171717171716
2023-03-01,wheat,2260.3234126984125
2023-03-02,wheat,2279.9028629856853
2023-03-03,wheat,2275.351738241309
2023-03-04,wheat,2256.6822323462416
2023-03-05,wheat,2213.2628205128203
2023-03-06,wheat,2271.6002506265663
2023-03-07,wheat,2255.9383259911892
2023-03-08,wheat,2295.948113207547
2023-03-09,wheat,2268.0991957104557
2023-03-10,wheat,2252.4511677282376
2023-03-11,wheat,2267.086898395722
2023-03-12,wheat,2218.8012048192772
2023-03-13,wheat,2226.258436213992
2023-03-14,wheat,2233.272033898305
2023-03-15,wheat,2223.461790393013
2023-03-16,wheat,2253.6724137931033
2023-03-17,wheat,2229.9086956521737
2023-03-18,wheat,2252.7409200968523
2023-03-19,wheat,2204.7263157894736
2023-03-20,wheat,2252.436325678497
2023-03-21,wheat,2249.634433962264
2023-03-22,wheat,2251.6536231884056
2023-03-23,wheat,2274.193103448276
2023-03-24,wheat,2257.804828973843
2023-03-25,wheat,2254.7165450121656
2023-03-26,wheat,2204.538860103627
2023-03-27,wheat,2249.279761904762
2023-03-28,wheat,2242.6480686695277
2023-03-29,wheat,2257.803357314149
2023-03-30,wheat,2203.2727272727275
2023-03-31,wheat,2238.063953488372
2023-04-01,wheat,2238.8440111420614
2023-04-02,wheat,2178.3317535545025
2023-04-03,wheat,2260.3048245614036
2023-04-04,wheat,2205.3770685579198
2023-04-05,wheat,2271.612727272727
2023-04-06,wheat,2228.1646489104114
2023-04-07,wheat,2213.336185819071
2023-04-08,wheat,2218.1427083333333
2023-04-09,wheat,2173.5856573705178
2023-04-10,wheat,2250.340490797546
2023-04-11,wheat,2227.1598746081504
2023-04-12,wheat,2227.951355661882
2023-04-13,wheat,2235.607843137255
2023-04-14,wheat,2183.274712643678
2023-04-15,wheat,2222.290715372907
2023-04-16,wheat,2137.5123456790125
2023-04-17,wheat,2208.5801952580196
2023-04-18,wheat,2212.92984869326
2023-04-19,wheat,2199.8704481792715
2023-04-20,wheat,2192.1876996805113
2023-04-21,wheat,2198.1464339908953
2023-04-22,wheat,2154.5959821428573
2023-04-23,wheat,2143.0
2023-04-24,wheat,2198.7703062583223
2023-04-25,wheat,2188.787716955941
2023-04-26,wheat,2190.6562082777036
2023-04-27,wheat,2193.5210144927537
2023-04-28,wheat,2188.6805555555557
2023-04-29,wheat,2175.5885167464116
2023-04-30,wheat,2155.871335504886
2023-05-01,wheat,2174.4635316698655
2023-05-02,wheat,2206.027736131934
2023-05-03,wheat,2208.947049924357
2023-05-04,wheat,2204.18339100346
2023-05-05,wheat,2188.3736951983296
2023-05-06,wheat,2209.0623987034037
2023-05-07,wheat,2143.891544117647
2023-05-08,wheat,2219.9412628487516
2023-05-09,wheat,2200.553042121685
2023-05-10,wheat,2193.125415282392
2023-05-11,wheat,2217.0377697841727
2023-05-12,wheat,2219.717863105175
2023-05-13,wheat,2211.682098765432
2023-05-14,wheat,2177.0494071146245
2023-05-15,wheat,2225.14
2023-05-16,wheat,2237.299035369775
2023-05-17,wheat,2237.6160130718954
2023-05-18,wheat,2229.3197674418607
2023-05-19,wheat,2224.1326129666013
2023-05-20,wheat,2249.598003629764
2023-05-21,wheat,2195.660173160173
2023-05-22,wheat,2249.4853801169593
2023-05-23,wheat,2257.904186795491
2023-05-24,wheat,2260.7709030100336
2023-05-25,wheat,2270.6482112436115
2023-05-26,wheat,2282.83857615894
2023-05-27,wheat,2244.3167641325535
2023-05-28,wheat,2213.15859030837
2023-05-29,wheat,2291.4696458684652
2023-05-30,wheat,2270.5874587458748
2023-05-31,wheat,2288.3147482014388
2023-06-01,wheat,2297.0761047463175
2023-06-02,wheat,2284.064814814815
2023-06-03,wheat,2300.387610619469
2023-06-04,wheat,2242.931506849315
2023-06-05,wheat,2302.816375198728
2023-06-06,wheat,2283.50643697479
2023-06-07,wheat,2282.525295109612
2023-06-08,wheat,2284.1477079796264
2023-06-09,wheat,2294.337147887324
2023-06-10,wheat,2282.591563786008
2023-06-11,wheat,2237.246651785714
2023-06-12,wheat,2294.600985221675
2023-06-13,wheat,2270.7620689655173
2023-06-14,wheat,2260.3560209424086
2023-06-15,wheat,2258.3798882681563
2023-06-16,wheat,2256.1416967509026
2023-06-17,wheat,2274.9584980237155
2023-06-18,wheat,2234.6862745098038
2023-06-19,wheat,2274.6792452830186
2023-06-20,wheat,2274.782113676732
2023-06-21,wheat,2284.2123784722226
2023-06-22,wheat,2279.169877408056
2023-06-23,wheat,2278.580589254766
2023-06-24,wheat,2258.458947368421
2023-06-25,wheat,2243.402010050251
2023-06-26,wheat,2288.9586330935253
2023-06-27,wheat,2282.7102473498235
2023-06-28,wheat,2269.7137404580153
2023-06-29,wheat,2232.684818481848
2023-06-30,wheat,2274.4256880733947
2023-07-01,wheat,2282.854870775348
2023-07-02,wheat,2242.783653846154
2023-07-03,wheat,2275.5357833655708
2023-07-04,wheat,2285.9565734265734
2023-07-05,wheat,2275.412571912014
2023-07-06,wheat,2290.495446265938
2023-07-07,wheat,2293.1846846846847
2023-07-08,wheat,2257.7048192771085
2023-07-09,wheat,2230.037037037037
2023-07-10,wheat,2291.2630208333335
2023-07-11,wheat,2287.13275862069
2023-07-12,wheat,2299.074356261023
2023-07-13,wheat,2301.4347014925374
2023-07-14,wheat,2343.838041431262
2023-07-15,wheat,2316.3863198458575
2023-07-16,wheat,2241.1071428571427
2023-07-17,wheat,2322.0125260960335
2023-07-18,wheat,2317.289803220036
2023-07-19,wheat,2290.039962825279
2023-07-20,wheat,2305.9673076923077
2023-07-21,wheat,2291.6497413793104
2023-07-22,wheat,2273.1755555555555
2023-07-23,wheat,2258.410994764398
2023-07-24,wheat,2309.746710526316
2023-07-25,wheat,2318.8360215053763
2023-07-26,wheat,2317.8814616755794
2023-07-27,wheat,2311.265306122449
2023-07-28,wheat,2344.3080438756856
2023-07-29,wheat,2295.302147239264
2023-07-30,wheat,2263.089552238806
2023-07-31,wheat,2346.08703374778
2023-08-01,wheat,2357.4890510948903
2023-08-02,wheat,2371.191213171577
2023-08-03,wheat,2380.3641509433965
2023-08-04,wheat,2394.499054820416
2023-08-05,wheat,2365.128898128898
2023-08-06,wheat,2300.6744186046512
2023-08-07,wheat,2403.1336996336995
2023-08-08,wheat,2398.2328178694156
2023-08-09,wheat,2392.9364937388195
2023-08-10,wheat,2399.2084095063983
2023-08-11,wheat,2385.8418727915196
2023-08-12,wheat,2358.8130841121497
2023-08-13,wheat,2309.601092896175
2023-08-14,wheat,2389.425963488844
2023-08-15,wheat,2314.0309278350514
2023-08-16,wheat,2367.635616438356
2023-08-17,wheat,2400.106888045541
2023-08-18,wheat,2388.6135181975737
2023-08-19,wheat,2370.7425
2023-08-20,wheat,2315.3544303797466
2023-08-21,wheat,2389.502897603486
2023-08-22,wheat,2394.5749063670414
2023-08-23,wheat,2400.1485436893204
2023-08-24,wheat,2403.0274102079393
2023-08-25,wheat,2400.896933560477
2023-08-26,wheat,2368.0815217391305
2023-08-27,wheat,2332.6745562130177
2023-08-28,wheat,2395.8213610586013
2023-08-29,wheat,2406.029411764706
2023-08-30,wheat,2366.0441767068273
2023-08-31,wheat,2394.1800486618004
2023-09-01,wheat,2397.918181818182
2023-09-02,wheat,2378.8038617886177
2023-09-03,wheat,2357.5714285714284
2023-09-04,wheat,2379.733167082294
2023-09-05,wheat,2388.73600973236
2023-09-06,wheat,2390.9560810810813
2023-09-07,wheat,2353.289156626506
2023-09-08,wheat,2370.909535452323
2023-09-09,wheat,2366.1381215469614
2023-09-10,wheat,2315.75
2023-09-11,wheat,2405.2060810810813
2023-09-12,wheat,2415.525
2023-09-13,wheat,2396.8084577114428
2023-09-14,wheat,2392.836898395722
2023-09-15,wheat,2398.717439293598
2023-09-16,wheat,2394.604368932039
2023-09-17,wheat,2350.8333333333335
2023-09-18,wheat,2403.040059347181
2023-09-19,wheat,2376.5551181102364
2023-09-20,wheat,2412.8444602272725
2023-09-21,wheat,2432.178429319372
2023-09-22,wheat,2423.7132796780684
2023-09-23,wheat,2411.9596577017114
2023-09-24,wheat,2378.6602564102564
2023-09-25,wheat,2430.7710371819962
2023-09-26,wheat,2450.295677799607
2023-09-27,wheat,2450.597435897436
2023-09-28,wheat,2388.153846153846
2023-09-29,wheat,2413.8577586206898
2023-09-30,wheat,2419.2848699763595
2023-10-01,wheat,2333.5245901639346
2023-10-02,wheat,2375.875939849624
2023-10-03,wheat,2444.2447216890596
2023-10-04,wheat,2435.8296703296705
2023-10-05,wheat,2446.194866920152
2023-10-06,wheat,2439.1825688073395
2023-10-07,wheat,2452.1375245579566
2023-10-08,wheat,2357.0394736842104
2023-10-09,wheat,2453.9712962962963
2023-10-10,wheat,2446.383239171375
2023-10-11,wheat,2454.18893129771
2023-10-12,wheat,2466.7092337917484
2023-10-13,wheat,2469.8726765799256
2023-10-14,wheat,2424.0537313432837
2023-10-15,wheat,2392.633509933775
2023-10-16,wheat,2467.933781190019
2023-10-17,wheat,2469.759328358209
2023-10-18,wheat,2480.33786407767
2023-10-19,wheat,2497.089566929134
2023-10-20,wheat,2471.854898336414
2023-10-21,wheat,2488.183972911964
2023-10-22,wheat,2414.7589285714284
2023-10-23,wheat,2495.6666666666665
2023-10-24,wheat,2464.3960396039606
2023-10-25,wheat,2503.9939393939394
2023-10-26,wheat,2545.7893145161293
2023-10-27,wheat,2548.1955357142856
2023-10-28,wheat,2499.6825396825398
2023-10-29,wheat,2439.5379746835442
2023-10-30,wheat,2549.4655172413795
2023-10-31,wheat,2554.193580786026
2023-11-01,wheat,2549.954248366013
2023-11-02,wheat,2567.314024390244
2023-11-03,wheat,2551.4285714285716
2023-11-04,wheat,2552.8103092783504
2023-11-05,wheat,2430.2651515151515
2023-11-06,wheat,2569.0372549019608
2023-11-07,wheat,2576.08
2023-11-08,wheat,2581.5944798301484
2023-11-09,wheat,2551.1470588235293
2023-11-10,wheat,2523.644787644788
2023-11-11,wheat,2544.3076923076924
2023-11-12,wheat,2530.1794871794873
2023-11-13,wheat,2493.48
2023-11-14,wheat,2515.748366013072
2023-11-15,wheat,2558.4638554216867
2023-11-16,wheat,2533.4649446494464
2023-11-17,wheat,2541.2295597484276
2023-11-18,wheat,2549.5763888888887
2023-11-19,wheat,2483.425531914894
2023-11-20,wheat,2578.280888030888
2023-11-21,wheat,2593.3996023856857
2023-11-22,wheat,2579.6088295687887
2023-11-23,wheat,2593.2415611814345
2023-11-24,wheat,2589.970394736842
2023-11-25,wheat,2556.3333333333335
2023-11-26,wheat,2453.020202020202
2023-11-27,wheat,2540.735294117647
2023-11-28,wheat,2574.875523012552
2023-11-29,wheat,2576.894250513347
2023-11-30,wheat,2557.9539748953976
2023-12-01,wheat,2563.5951276102087
2023-12-02,wheat,2561.811557788945
2023-12-03,wheat,2455.931818181818
2023-12-04,wheat,2594.2361963190183
2023-12-05,wheat,2591.444680851064
2023-12-06,wheat,2579.6583514099784
2023-12-07,wheat,2578.4092783505153
2023-12-08,wheat,2569.800198807157
2023-12-09,wheat,2561.0501432664755
2023-12-10,wheat,2478.8623188405795
2023-12-11,wheat,2559.784753363229
2023-12-12,wheat,2523.759036144578
2023-12-13,wheat,2536.203296703297
2023-12-14,wheat,2533.8201284796573
2023-12-15,wheat,2522.7544554455444
2023-12-16,wheat,2496.961797752809
2023-12-17,wheat,2457.022900763359
2023-12-18,wheat,2518.8074468085106
2023-12-19,wheat,2531.805615550756
2023-12-20,wheat,2512.981617647059
2023-12-21,wheat,2495.9095238095238
2023-12-22,wheat,2475.5777777777776
2023-12-23,wheat,2485.790268456376
2023-12-24,wheat,2429.470588235294
2023-12-25,wheat,2445.6857142857143
2023-12-26,wheat,2493.3342036553527
2023-12-27,wheat,2489.216911764706
2023-12-28,wheat,2499.0787589498805
2023-12-29,wheat,2501.502364066194
2023-12-30,wheat,2490.129973474801
2023-12-31,wheat,2435.5841584158416
2024-01-01,wheat,2509.9088235294116
2024-01-02,wheat,2517.690332326284
2024-01-03,wheat,2512.897142857143
2024-01-04,wheat,2524.623342175066
2024-01-05,wheat,2530.9147869674184
2024-01-06,wheat,2527.4622641509436
2024-01-07,wheat,2477.1414141414143
2024-01-08,wheat,2539.580097087379
2024-01-09,wheat,2547.5886889460153
2024-01-10,wheat,2556.0835443037977
2024-01-11,wheat,2561.344
2024-01-12,wheat,2561.7177615571777
2024-01-13,wheat,2566.3026315789475
2024-01-14,wheat,2487.901098901099
2024-01-15,wheat,2539.166023166023
2024-01-16,wheat,2567.7824933687
2024-01-17,wheat,2565.7403100775196
2024-01-18,wheat,2558.990171990172
2024-01-19,wheat,2563.450261780105
2024-01-20,wheat,2543.6467065868264
2024-01-21,wheat,2429.788732394366
2024-01-22,wheat,2526.016129032258
2024-01-23,wheat,2563.232804232804
2024-01-24,wheat,2574.9413659793813
2024-01-25,wheat,2587.518771331058
2024-01-26,wheat,2501.7131147540986
2024-01-27,wheat,2562.8393393393394
2024-01-28,wheat,2489.8936170212764
2024-01-29,wheat,2539.860696517413
2024-01-30,wheat,2530.78320802005
2024-01-31,wheat,2530.977386934673
2024-02-01,wheat,2534.333746898263
2024-02-02,wheat,2525.890442890443
2024-02-03,wheat,2535.4141025641024
2024-02-04,wheat,2476.581632653061
2024-02-05,wheat,2510.65
2024-02-06,wheat,2509.9688279301745
2024-02-07,wheat,2515.9381067961167
2024-02-08,wheat,2497.705035971223
2024-02-09,wheat,2499.960490463215
2024-02-10,wheat,2507.3529411764707
2024-02-11,wheat,2433.6960784313724
2024-02-12,wheat,2480.9498834498836
2024-02-13,wheat,2480.659705159705
2024-02-14,wheat,2457.573684210526
2024-02-15,wheat,2492.7839805825242
2024-02-16,wheat,2460.3858173076924
2024-02-17,wheat,2473.074123989218
2024-02-18,wheat,2390.030303030303
2024-02-19,wheat,2430.3495475113123
2024-02-20,wheat,2444.4601113172544
2024-02-21,wheat,2424.9322033898306
2024-02-22,wheat,2431.9631379962193
2024-02-23,wheat,2415.1728971962616
2024-02-24,wheat,2419.8171745152354
2024-02-25,wheat,2362.9632352941176
2024-02-26,wheat,2398.0399590163934
2024-02-27,wheat,2405.5133333333333
2024-02-28,wheat,2415.794117647059
2024-02-29,wheat,2419.0957264957265
2024-03-01,wheat,2431.610810810811
2024-03-02,wheat,2423.022267206478
2024-03-03,wheat,2386.3358208955224
2024-03-04,wheat,2422.8814338235293
2024-03-05,wheat,2443.9228723404253
2024-03-06,wheat,2448.1428571428573
2024-03-07,wheat,2459.829807692308
2024-03-08,wheat,2430.2694063926942
2024-03-09,wheat,2450.1185983827495
2024-03-10,wheat,2409.3506493506493
2024-03-11,wheat,2461.706260032103
2024-03-12,wheat,2454.4658536585366
2024-03-13,wheat,2461.279338842975
2024-03-14,wheat,2464.66875
2024-03-15,wheat,2448.1020249221183
2024-03-16,wheat,2436.5551118210865
2024-03-17,wheat,2387.968253968254
2024-03-18,wheat,2431.2543103448274
2024-03-19,wheat,2428.518063583815
2024-03-20,wheat,2423.826865671642
2024-03-21,wheat,2432.490483162518
2024-03-22,wheat,2429.241176470588
2024-03-23,wheat,2420.496527777778
2024-03-24,wheat,2383.8130081300815
2024-03-25,wheat,2501.6935483870966
2024-03-26,wheat,2439.2866520787748
2024-03-27,wheat,2396.78534923339
2024-03-28,wheat,2403.0139616055844
2024-03-29,wheat,2398.4401041666665
2024-03-30,wheat,2402.4897025171626
2024-03-31,wheat,2367.5183673469387
2024-04-01,wheat,2413.503289473684
2024-04-02,wheat,2408.867029548989
2024-04-03,wheat,2394.183381088825
2024-04-04,wheat,2400.069577080491
2024-04-05,wheat,2411.526967930029
2024-04-06,wheat,2400.9447552447555
2024-04-07,wheat,2331.1304347826085
2024-04-08,wheat,2390.348998459168
2024-04-09,wheat,2378.062834224599
2024-04-10,wheat,2395.280155642023
2024-04-11,wheat,2370.195744680851
2024-04-12,wheat,2372.6615168539324
2024-04-13,wheat,2366.6519524617997
2024-04-14,wheat,2316.5846153846155
2024-04-15,wheat,2391.414052697616
2024-04-16,wheat,2367.713746223565
2024-04-17,wheat,2323.6111111111113
2024-04-18,wheat,2380.7663204747773
2024-04-19,wheat,2398.732894736842
2024-04-20,wheat,2372.7135207496653
2024-04-21,wheat,2318.0128205128203
2024-04-22,wheat,2387.699759326113
2024-04-23,wheat,2342.5878787878787
2024-04-24,wheat,2395.686868686869
2024-04-25,wheat,2397.901533018868
2024-04-26,wheat,2394.643300248139
2024-04-27,wheat,2377.208277703605
2024-04-28,wheat,2326.9183098591548
2024-04-29,wheat,2400.049295774648
2024-04-30,wheat,2403.448732083793
2024-05-01,wheat,2374.1591530054643
2024-05-02,wheat,2411.252801992528
2024-05-03,wheat,2404.697510822511
2024-05-04,wheat,2397.5815028901734
2024-05-05,wheat,2330.8476821192053
2024-05-06,wheat,2404.9399744572156
2024-05-07,wheat,2370.4805598755834
2024-05-08,wheat,2399.709827357238
2024-05-09,wheat,2411.343052109181
2024-05-10,wheat,2365.1402337228715
2024-05-11,wheat,2382.800164473684
2024-05-12,wheat,2319.6477272727275
2024-05-13,wheat,2423.5164051355205
2024-05-14,wheat,2424.8536121673005
2024-05-15,wheat,2414.3574712643676
2024-05-16,wheat,2428.9370503597124
2024-05-17,wheat,2433.342717258262
2024-05-18,wheat,2430.3753462603877
2024-05-19,wheat,2352.240740740741
2024-05-20,wheat,2439.473509933775
2024-05-21,wheat,2453.9373401534526
2024-05-22,wheat,2452.474598930481
2024-05-23,wheat,2413.090534979424
2024-05-24,wheat,2449.602157360406
2024-05-25,wheat,2430.1448339483395
2024-05-26,wheat,2376.4528301886794
2024-05-27,wheat,2468.045806451613
2024-05-28,wheat,2474.6015831134564
2024-05-29,wheat,2470.186934023286
2024-05-30,wheat,2467.9916344916346
2024-05-31,wheat,2457.577261306533
2024-06-01,wheat,2466.0320699708454
2024-06-02,wheat,2375.5759162303666
2024-06-03,wheat,2460.639566395664
2024-06-04,wheat,2450.728260869565
2024-06-05,wheat,2451.373611111111
2024-06-06,wheat,2448.4946401225116
2024-06-07,wheat,2467.7645861601086
2024-06-08,wheat,2435.990176817289
2024-06-09,wheat,2401.675257731959
2024-06-10,wheat,2476.1462585034014
2024-06-11,wheat,2468.8092857142856
2024-06-12,wheat,2471.624087591241
2024-06-13,wheat,2465.990740740741
2024-06-14,wheat,2479.72
2024-06-15,wheat,2466.639514731369
2024-06-16,wheat,2403.4791666666665
2024-06-17,wheat,2411.9396284829722
2024-06-18,wheat,2485.480769230769
2024-06-19,wheat,2484.6867559523807
2024-06-20,wheat,2493.5074962518743
2024-06-21,wheat,2495.75
2024-06-22,wheat,2477.442885771543
2024-06-23,wheat,2420.1843575418993
2024-06-24,wheat,2501.5958702064895
2024-06-25,wheat,2501.824508320726
2024-06-26,wheat,2496.576119402985
2024-06-27,wheat,2505.3125
2024-06-28,wheat,2488.323529411765
2024-06-29,wheat,2492.3211382113823
2024-06-30,wheat,2401.6442953020132
2024-07-01,wheat,2505.677966101695
2024-07-02,wheat,2513.5941619585687
2024-07-03,wheat,2490.8278985507245
2024-07-04,wheat,2512.1617915904935
2024-07-05,wheat,2484.216037735849
2024-07-06,wheat,2498.2456647398844
2024-07-07,wheat,2437.4817518248174
2024-07-08,wheat,2515.012237762238
2024-07-09,wheat,2501.9778597785976
2024-07-10,wheat,2517.8580357142855
2024-07-11,wheat,2508.2642857142855
2024-07-12,wheat,2515.324652777778
2024-07-13,wheat,2488.1103448275862
2024-07-14,wheat,2451.769230769231
2024-07-15,wheat,2522.8611111111113
2024-07-16,wheat,2511.9315895372233
2024-07-17,wheat,2476.2080745341614
2024-07-18,wheat,2516.7048736462093
2024-07-19,wheat,2518.2397137745975
2024-07-20,wheat,2524.044117647059
2024-07-21,wheat,2450.7348484848485
2024-07-22,wheat,2522.354779411765
2024-07-23,wheat,2536.893536121673
2024-07-24,wheat,2531.8707753479125
2024-07-25,wheat,2524.565789473684
2024-07-26,wheat,2530.1736842105265
2024-07-27,wheat,2500.25519630485
2024-07-28,wheat,2454.07299270073
2024-07-29,wheat,2531.534259259259
2024-07-30,wheat,2529.857276119403
2024-07-31,wheat,2537.663685152057
2024-08-01,wheat,2543.592885375494
2024-08-02,wheat,2529.5964083175804
2024-08-03,wheat,2535.394250513347
2024-08-04,wheat,2463.0
2024-08-05,wheat,2550.710483870968
2024-08-06,wheat,2560.4513991163476
2024-08-07,wheat,2570.25366568915
2024-08-08,wheat,2584.873003194888
2024-08-09,wheat,2560.656862745098
2024-08-10,wheat,2527.409188034188
2024-08-11,wheat,2507.032738095238
2024-08-12,wheat,2584.2933753943216
2024-08-13,wheat,2591.6350078492937
2024-08-14,wheat,2594.6984667802385
2024-08-15,wheat,2490.36013986014
2024-08-16,wheat,2599.2751572327043
2024-08-17,wheat,2599.094890510949
2024-08-18,wheat,2518.5
2024-08-19,wheat,2543.313559322034
2024-08-20,wheat,2576.248062015504
2024-08-21,wheat,2597.0067567567567
2024-08-22,wheat,2610.3856932153394
2024-08-23,wheat,2606.336779911374
2024-08-24,wheat,2545.8995037220843
2024-08-25,wheat,2535.0547445255474
2024-08-26,wheat,2569.03125
2024-08-27,wheat,2608.8485370051635
2024-08-28,wheat,2614.232383808096
2024-08-29,wheat,2624.9471726190477
2024-08-30,wheat,2610.709745762712
2024-08-31,wheat,2624.2666126418153
2024-09-01,wheat,2536.529239766082
2024-09-02,wheat,2607.5237113402063
2024-09-03,wheat,2626.243676222597
2024-09-04,wheat,2630.0138036809817
2024-09-05,wheat,2623.233124018838
2024-09-06,wheat,2622.9375
2024-09-07,wheat,2583.125301204819
2024-09-08,wheat,2538.5142857142855
2024-09-09,wheat,2628.816535433071
2024-09-10,wheat,2639.7546296296296
2024-09-11,wheat,2632.615818181818
2024-09-12,wheat,2626.5362563237773
2024-09-13,wheat,2633.272161741835
2024-09-14,wheat,2602.6069518716577
2024-09-15,wheat,2553.8630136986303
2024-09-16,wheat,2586.635542168675
2024-09-17,wheat,2602.5641025641025
2024-09-18,wheat,2626.7447183098593
2024-09-19,wheat,2633.9241134751774
2024-09-20,wheat,2622.932918395574
2024-09-21,wheat,2636.0402124430957
2024-09-22,wheat,2584.665760869565
2024-09-23,wheat,2646.527158774373
2024-09-24,wheat,2662.121488764045
2024-09-25,wheat,2652.96613832853
2024-09-26,wheat,2666.4144079885878
2024-09-27,wheat,2651.0198863636365
2024-09-28,wheat,2624.4210526315787
2024-09-29,wheat,2587.3333333333335
2024-09-30,wheat,2670.415620641562
2024-10-01,wheat,2687.133122028526
2024-10-02,wheat,2629.091439688716
2024-10-03,wheat,2680.8385416666665
2024-10-04,wheat,2694.0545590433485
2024-10-05,wheat,2702.9097331240187
2024-10-06,wheat,2638.3662790697676
2024-10-07,wheat,2710.9947129909365
2024-10-08,wheat,2712.8678756476684
2024-10-09,wheat,2717.5923317683882
2024-10-10,wheat,2713.6163227016887
2024-10-11,wheat,2664.1893564356437
2024-10-12,wheat,2643.0066964285716
2024-10-13,wheat,2641.9254658385094
2024-10-14,wheat,2734.2335820895523
2024-10-15,wheat,2733.2971556886228
2024-10-16,wheat,2740.4455223880595
2024-10-17,wheat,2697.3558648111334
2024-10-18,wheat,2747.9344023323615
2024-10-19,wheat,2756.190821256039
2024-10-20,wheat,2688.5
2024-10-21,wheat,2765.9054652880354
2024-10-22,wheat,2777.0282574568287
2024-10-23,wheat,2784.436495176849
2024-10-24,wheat,2789.556904400607
2024-10-25,wheat,2779.4225852272725
2024-10-26,wheat,2756.508298755187
2024-10-27,wheat,2715.2814371257487
2024-10-28,wheat,2756.9830188679243
2024-10-29,wheat,2749.2573099415204
2024-10-30,wheat,2734.345588235294
2024-10-31,wheat,2700.3521126760565
2024-11-01,wheat,2702.3669724770643
2024-11-02,wheat,2719.2046783625733
2024-11-03,wheat,2710.1631205673757
2024-11-04,wheat,2776.907441016334
2024-11-05,wheat,2784.6549912434325
2024-11-06,wheat,2810.146153846154
2024-11-07,wheat,2829.815457413249
2024-11-08,wheat,2823.1503021148037
2024-11-09,wheat,2786.675925925926
2024-11-10,wheat,2713.4466666666667
2024-11-11,wheat,2822.369465648855
2024-11-12,wheat,2830.923076923077
2024-11-13,wheat,2815.7166666666667
2024-11-14,wheat,2836.645502645503
2024-11-15,wheat,2792.9390681003583
2024-11-16,wheat,2821.8732106339467
2024-11-17,wheat,2743.4921875
2024-11-18,wheat,2840.9348914858097
2024-11-19,wheat,2838.809178743961
2024-11-20,wheat,2833.146902654867
2024-11-21,wheat,2837.306504065041
2024-11-22,wheat,2824.2059294871797
2024-11-23,wheat,2797.425925925926
2024-11-24,wheat,2722.606451612903
2024-11-25,wheat,2811.8407590759075
2024-11-26,wheat,2804.296849087894
2024-11-27,wheat,2809.8417085427136
2024-11-28,wheat,2806.3144144144144
2024-11-29,wheat,2780.7790322580645
2024-11-30,wheat,2791.211678832117
2024-12-01,wheat,2736.4
2024-12-02,wheat,2784.3412563667234
2024-12-03,wheat,2790.628623188406
2024-12-04,wheat,2789.2433628318586
2024-12-05,wheat,2798.937074829932
2024-12-06,wheat,2798.0744
2024-12-07,wheat,2797.349376114082
2024-12-08,wheat,2729.3825503355706
2024-12-09,wheat,2818.1866438356165
2024-12-10,wheat,2805.0181058495823
2024-12-11,wheat,2800.939703153989
2024-12-12,wheat,2806.511669658887
2024-12-13,wheat,2809.0597014925374
2024-12-14,wheat,2784.047146401985
2024-12-15,wheat,2727.0482758620687
2024-12-16,wheat,2824.7844827586205
2024-12-17,wheat,2823.916524701874
2024-12-18,wheat,2820.366492146597
2024-12-19,wheat,2842.6049069373944
2024-12-20,wheat,2839.6975
2024-12-21,wheat,2824.6968864468863
2024-12-22,wheat,2744.751592356688
2024-12-23,wheat,2846.8120567375886
2024-12-24,wheat,2860.374535315985
2024-12-25,wheat,2801.744680851064
2024-12-26,wheat,2845.955574912892
2024-12-27,wheat,2854.3081494057724
2024-12-28,wheat,2824.6401515151515
2024-12-29,wheat,2755.2421875
2024-12-30,wheat,2848.12016293279
2024-12-31,wheat,2866.3426258992804
